schema_version,platform_id,run_profile,profile_note,env_group,case_name,mesh,element_type,stiffness_model,kernel,nodes,elements,dofs,nnz,algorithm,threads,effective_threads,thread_region,cpu_model,physical_cores,logical_cores,run_count,preprocess_ms,assembly_ms,total_ms,assembly_mean_ms,assembly_min_ms,assembly_max_ms,assembly_std_ms,total_mean_ms,total_min_ms,total_max_ms,total_std_ms,speedup,efficiency,preprocess_share,rel_l2,max_abs,extra_memory_bytes,peak_rss_mb,colors,prepare_allocate_ms,prepare_coloring_ms,prepare_owner_partition_ms,assembly_zero_ms,assembly_generate_ms,assembly_numeric_ms,assembly_merge_ms,assembly_sort_ms,assembly_reduce_ms,status,skip_reason,diagnostics,platform,omp_proc_bind,omp_places,omp_dynamic
"pgsa-cross-platform-v1","linux-intel-core-ultra-7-265kf","full_host","","intel_backend_thread_sweep_raw","3d-WindTurbineHub","3d-WindTurbineHub",Tet4,physics_tet4,physics_tet4,228384,1113684,685152,27502200,cpu_serial,1,1,"physical_core_region","Intel(R) Core(TM) Ultra 7 265KF",20,20,3,0.000456,697.2906717,697.2906717,697.2906717,694.22153,701.696968,3.194947081,697.2906717,694.22153,701.696968,3.194947081,1,1,6.539597022e-07,0,0,0,2045.363281,0,0,0,0,0,0,697.2906717,0,0,0,PASS,"","","Linux;x86_64;GCC 13.3;OpenMP 201511","close","cores","FALSE"
"pgsa-cross-platform-v1","linux-intel-core-ultra-7-265kf","full_host","","intel_backend_thread_sweep_raw","3d-WindTurbineHub","3d-WindTurbineHub",Tet4,physics_tet4,physics_tet4,228384,1113684,685152,27502200,cpu_atomic,1,1,"physical_core_region","Intel(R) Core(TM) Ultra 7 265KF",20,20,3,0.000292,1221.929894,1221.929894,1221.929894,1217.570659,1227.536353,4.162966791,1221.929894,1217.570659,1227.536353,4.162966791,0.5706470354,0.5706470354,2.389662462e-07,0,0,0,2360.214844,0,0,0,0,0,0,1221.929894,0,0,0,PASS,"","","Linux;x86_64;GCC 13.3;OpenMP 201511","close","cores","FALSE"
"pgsa-cross-platform-v1","linux-intel-core-ultra-7-265kf","full_host","","intel_backend_thread_sweep_raw","3d-WindTurbineHub","3d-WindTurbineHub",Tet4,physics_tet4,physics_tet4,228384,1113684,685152,27502200,cpu_private_csr,1,1,"physical_core_region","Intel(R) Core(TM) Ultra 7 265KF",20,20,3,67.015007,733.1600307,800.1750377,733.1600307,732.192761,734.776676,1.150484173,800.1750377,799.207768,801.791683,1.150484173,0.9510756758,0.9510756758,0.0837504344,0,0,220017600,2570.058594,0,67.015007,0,0,12.00213467,0,701.683376,0,0,19.47452,PASS,"","","Linux;x86_64;GCC 13.3;OpenMP 201511","close","cores","FALSE"
"pgsa-cross-platform-v1","linux-intel-core-ultra-7-265kf","full_host","","intel_backend_thread_sweep_raw","3d-WindTurbineHub","3d-WindTurbineHub",Tet4,physics_tet4,physics_tet4,228384,1113684,685152,27502200,cpu_lock_guard,1,1,"physical_core_region","Intel(R) Core(TM) Ultra 7 265KF",20,20,3,417.788576,2452.182775,2869.971351,2452.182775,2443.162558,2467.27136,10.73708238,2869.971351,2860.951134,2885.059936,10.73708238,0.2843550974,0.2843550974,0.1455723856,0,0,1100088000,3409.433594,0,417.788576,0,0,0,0,2452.182775,0,0,0,PASS,"","std::lock_guard<std::mutex>; granularity=per_entry","Linux;x86_64;GCC 13.3;OpenMP 201511","close","cores","FALSE"
"pgsa-cross-platform-v1","linux-intel-core-ultra-7-265kf","full_host","","intel_backend_thread_sweep_raw","3d-WindTurbineHub","3d-WindTurbineHub",Tet4,physics_tet4,physics_tet4,228384,1113684,685152,27502200,cpu_graph_coloring,1,1,"physical_core_region","Intel(R) Core(TM) Ultra 7 265KF",20,20,3,198.728912,1328.122757,1526.851669,1328.122757,1327.747213,1328.608944,0.3603946764,1526.851669,1526.476125,1527.337856,0.3603946764,0.5250197453,0.5250197453,0.130156004,1.225939172e-16,0.0048828125,8909472,3409.433594,50,0,198.728912,0,0,0,1328.122757,0,0,0,PASS,"","Greedy first-fit element coloring, colors=50","Linux;x86_64;GCC 13.3;OpenMP 201511","close","cores","FALSE"
"pgsa-cross-platform-v1","linux-intel-core-ultra-7-265kf","full_host","","intel_backend_thread_sweep_raw","3d-WindTurbineHub","3d-WindTurbineHub",Tet4,physics_tet4,physics_tet4,228384,1113684,685152,27502200,cpu_row_owner,1,1,"physical_core_region","Intel(R) Core(TM) Ultra 7 265KF",20,20,3,4179.720796,810.0036797,4989.724476,810.0036797,802.091546,817.325138,6.233097374,4989.724476,4981.812342,4997.045934,6.233097374,0.8608487704,0.8608487704,0.83766565,0,0,1924445952,4195.527344,0,0,0,4179.720796,0,0,810.0036797,0,0,0,PASS,"","Owner-computes by CSR row block; no atomics, but elements may be recomputed by multiple owners","Linux;x86_64;GCC 13.3;OpenMP 201511","close","cores","FALSE"
"pgsa-cross-platform-v1","linux-intel-core-ultra-7-265kf","full_host","","intel_backend_thread_sweep_raw","3d-WindTurbineHub","3d-WindTurbineHub",Tet4,physics_tet4,physics_tet4,228384,1113684,685152,27502200,cpu_serial,2,1,"physical_core_region","Intel(R) Core(TM) Ultra 7 265KF",20,20,0,0,0,0,0,0,0,0,0,0,0,0,0,0,0,0,0,0,0,0,0,0,0,0,0,0,0,0,0,SKIP,"NOT_APPLICABLE","cpu_serial is the single-thread baseline; non-1 thread requests are recorded but not run","Linux;x86_64;GCC 13.3;OpenMP 201511","close","cores","FALSE"
"pgsa-cross-platform-v1","linux-intel-core-ultra-7-265kf","full_host","","intel_backend_thread_sweep_raw","3d-WindTurbineHub","3d-WindTurbineHub",Tet4,physics_tet4,physics_tet4,228384,1113684,685152,27502200,cpu_atomic,2,2,"physical_core_region","Intel(R) Core(TM) Ultra 7 265KF",20,20,3,0.000265,659.7259157,659.7259157,659.7259157,658.295333,661.231619,1.199910053,659.7259157,658.295333,661.231619,1.199910053,1.056939943,0.5284699715,4.016819617e-07,8.705544999e-18,0.0048828125,0,4195.527344,0,0,0,0,0,0,659.7259157,0,0,0,PASS,"","","Linux;x86_64;GCC 13.3;OpenMP 201511","close","cores","FALSE"
"pgsa-cross-platform-v1","linux-intel-core-ultra-7-265kf","full_host","","intel_backend_thread_sweep_raw","3d-WindTurbineHub","3d-WindTurbineHub",Tet4,physics_tet4,physics_tet4,228384,1113684,685152,27502200,cpu_private_csr,2,2,"physical_core_region","Intel(R) Core(TM) Ultra 7 265KF",20,20,3,133.044625,439.2971917,572.3418167,439.2971917,438.821363,439.969551,0.4889118176,572.3418167,571.865988,573.014176,0.4889118176,1.587286887,0.7936434433,0.2324565865,8.361934979e-18,0.00390625,440035200,4195.527344,0,133.044625,0,0,23.97428067,0,395.1723553,0,0,20.15055567,PASS,"","","Linux;x86_64;GCC 13.3;OpenMP 201511","close","cores","FALSE"
"pgsa-cross-platform-v1","linux-intel-core-ultra-7-265kf","full_host","","intel_backend_thread_sweep_raw","3d-WindTurbineHub","3d-WindTurbineHub",Tet4,physics_tet4,physics_tet4,228384,1113684,685152,27502200,cpu_lock_guard,2,2,"physical_core_region","Intel(R) Core(TM) Ultra 7 265KF",20,20,3,414.695021,1738.265997,2152.961018,1738.265997,1737.341911,1739.783606,1.081563924,2152.961018,2152.036932,2154.478627,1.081563924,0.4011415243,0.2005707621,0.1926161308,9.15352771e-18,0.00390625,1100088000,4195.527344,0,414.695021,0,0,0,0,1738.265997,0,0,0,PASS,"","std::lock_guard<std::mutex>; granularity=per_entry","Linux;x86_64;GCC 13.3;OpenMP 201511","close","cores","FALSE"
"pgsa-cross-platform-v1","linux-intel-core-ultra-7-265kf","full_host","","intel_backend_thread_sweep_raw","3d-WindTurbineHub","3d-WindTurbineHub",Tet4,physics_tet4,physics_tet4,228384,1113684,685152,27502200,cpu_graph_coloring,2,2,"physical_core_region","Intel(R) Core(TM) Ultra 7 265KF",20,20,3,200.483261,722.8843813,923.3676423,722.8843813,718.306006,726.077043,3.320382085,923.3676423,918.789267,926.560304,3.320382085,0.9645950164,0.4822975082,0.2171218178,1.225939172e-16,0.0048828125,8909472,4195.527344,50,0,200.483261,0,0,0,722.8843813,0,0,0,PASS,"","Greedy first-fit element coloring, colors=50","Linux;x86_64;GCC 13.3;OpenMP 201511","close","cores","FALSE"
"pgsa-cross-platform-v1","linux-intel-core-ultra-7-265kf","full_host","","intel_backend_thread_sweep_raw","3d-WindTurbineHub","3d-WindTurbineHub",Tet4,physics_tet4,physics_tet4,228384,1113684,685152,27502200,cpu_row_owner,2,2,"physical_core_region","Intel(R) Core(TM) Ultra 7 265KF",20,20,3,4379.467732,467.3194623,4846.787194,467.3194623,465.275437,469.025953,1.549632172,4846.787194,4844.743169,4848.493685,1.549632172,1.492107066,0.7460535328,0.9035816008,0,0,1924445952,5112.71875,0,0,0,4379.467732,0,0,467.3194623,0,0,0,PASS,"","Owner-computes by CSR row block; no atomics, but elements may be recomputed by multiple owners","Linux;x86_64;GCC 13.3;OpenMP 201511","close","cores","FALSE"
"pgsa-cross-platform-v1","linux-intel-core-ultra-7-265kf","full_host","","intel_backend_thread_sweep_raw","3d-WindTurbineHub","3d-WindTurbineHub",Tet4,physics_tet4,physics_tet4,228384,1113684,685152,27502200,cpu_serial,3,1,"physical_core_region","Intel(R) Core(TM) Ultra 7 265KF",20,20,0,0,0,0,0,0,0,0,0,0,0,0,0,0,0,0,0,0,0,0,0,0,0,0,0,0,0,0,0,SKIP,"NOT_APPLICABLE","cpu_serial is the single-thread baseline; non-1 thread requests are recorded but not run","Linux;x86_64;GCC 13.3;OpenMP 201511","close","cores","FALSE"
"pgsa-cross-platform-v1","linux-intel-core-ultra-7-265kf","full_host","","intel_backend_thread_sweep_raw","3d-WindTurbineHub","3d-WindTurbineHub",Tet4,physics_tet4,physics_tet4,228384,1113684,685152,27502200,cpu_atomic,3,3,"physical_core_region","Intel(R) Core(TM) Ultra 7 265KF",20,20,3,0.000436,462.3310133,462.3310133,462.3310133,461.468341,463.711252,0.9860928356,462.3310133,461.468341,463.711252,0.9860928356,1.50820657,0.5027355232,9.430472701e-07,1.400136522e-17,0.005859375,0,5112.71875,0,0,0,0,0,0,462.3310133,0,0,0,PASS,"","","Linux;x86_64;GCC 13.3;OpenMP 201511","close","cores","FALSE"
"pgsa-cross-platform-v1","linux-intel-core-ultra-7-265kf","full_host","","intel_backend_thread_sweep_raw","3d-WindTurbineHub","3d-WindTurbineHub",Tet4,physics_tet4,physics_tet4,228384,1113684,685152,27502200,cpu_private_csr,3,3,"physical_core_region","Intel(R) Core(TM) Ultra 7 265KF",20,20,3,198.895075,351.871014,550.766089,351.871014,350.724686,353.931795,1.460263732,550.766089,549.619761,552.82687,1.460263732,1.981665565,0.6605551882,0.3611244028,1.295314281e-17,0.00390625,660052800,5112.71875,0,198.895075,0,0,35.957863,0,294.1272287,0,0,21.78592233,PASS,"","","Linux;x86_64;GCC 13.3;OpenMP 201511","close","cores","FALSE"
"pgsa-cross-platform-v1","linux-intel-core-ultra-7-265kf","full_host","","intel_backend_thread_sweep_raw","3d-WindTurbineHub","3d-WindTurbineHub",Tet4,physics_tet4,physics_tet4,228384,1113684,685152,27502200,cpu_lock_guard,3,3,"physical_core_region","Intel(R) Core(TM) Ultra 7 265KF",20,20,3,415.98613,1279.91428,1695.90041,1279.91428,1277.218462,1283.820017,2.827609131,1695.90041,1693.204592,1699.806147,2.827609131,0.5447948215,0.1815982738,0.2452892443,1.392132289e-17,0.005859375,1100088000,5112.71875,0,415.98613,0,0,0,0,1279.91428,0,0,0,PASS,"","std::lock_guard<std::mutex>; granularity=per_entry","Linux;x86_64;GCC 13.3;OpenMP 201511","close","cores","FALSE"
"pgsa-cross-platform-v1","linux-intel-core-ultra-7-265kf","full_host","","intel_backend_thread_sweep_raw","3d-WindTurbineHub","3d-WindTurbineHub",Tet4,physics_tet4,physics_tet4,228384,1113684,685152,27502200,cpu_graph_coloring,3,3,"physical_core_region","Intel(R) Core(TM) Ultra 7 265KF",20,20,3,199.596464,549.0277313,748.6241953,549.0277313,545.806746,551.395791,2.360080175,748.6241953,745.40321,750.992255,2.360080175,1.27004636,0.4233487866,0.2666177038,1.225939172e-16,0.0048828125,8909472,5112.71875,50,0,199.596464,0,0,0,549.0277313,0,0,0,PASS,"","Greedy first-fit element coloring, colors=50","Linux;x86_64;GCC 13.3;OpenMP 201511","close","cores","FALSE"
"pgsa-cross-platform-v1","linux-intel-core-ultra-7-265kf","full_host","","intel_backend_thread_sweep_raw","3d-WindTurbineHub","3d-WindTurbineHub",Tet4,physics_tet4,physics_tet4,228384,1113684,685152,27502200,cpu_row_owner,3,3,"physical_core_region","Intel(R) Core(TM) Ultra 7 265KF",20,20,3,4069.19859,351.1960003,4420.39459,351.1960003,349.970301,352.474681,1.023094998,4420.39459,4419.168891,4421.673271,1.023094998,1.98547441,0.6618248034,0.920550984,0,0,1924445952,5112.71875,0,0,0,4069.19859,0,0,351.1960003,0,0,0,PASS,"","Owner-computes by CSR row block; no atomics, but elements may be recomputed by multiple owners","Linux;x86_64;GCC 13.3;OpenMP 201511","close","cores","FALSE"
"pgsa-cross-platform-v1","linux-intel-core-ultra-7-265kf","full_host","","intel_backend_thread_sweep_raw","3d-WindTurbineHub","3d-WindTurbineHub",Tet4,physics_tet4,physics_tet4,228384,1113684,685152,27502200,cpu_serial,4,1,"physical_core_region","Intel(R) Core(TM) Ultra 7 265KF",20,20,0,0,0,0,0,0,0,0,0,0,0,0,0,0,0,0,0,0,0,0,0,0,0,0,0,0,0,0,0,SKIP,"NOT_APPLICABLE","cpu_serial is the single-thread baseline; non-1 thread requests are recorded but not run","Linux;x86_64;GCC 13.3;OpenMP 201511","close","cores","FALSE"
"pgsa-cross-platform-v1","linux-intel-core-ultra-7-265kf","full_host","","intel_backend_thread_sweep_raw","3d-WindTurbineHub","3d-WindTurbineHub",Tet4,physics_tet4,physics_tet4,228384,1113684,685152,27502200,cpu_atomic,4,4,"physical_core_region","Intel(R) Core(TM) Ultra 7 265KF",20,20,3,0.000418,359.4825947,359.4825947,359.4825947,358.86642,360.675117,0.8433973694,359.4825947,358.86642,360.675117,0.8433973694,1.93970635,0.4849265876,1.162782305e-06,1.711243226e-17,0.005859375,0,5112.71875,0,0,0,0,0,0,359.4825947,0,0,0,PASS,"","","Linux;x86_64;GCC 13.3;OpenMP 201511","close","cores","FALSE"
"pgsa-cross-platform-v1","linux-intel-core-ultra-7-265kf","full_host","","intel_backend_thread_sweep_raw","3d-WindTurbineHub","3d-WindTurbineHub",Tet4,physics_tet4,physics_tet4,228384,1113684,685152,27502200,cpu_private_csr,4,4,"physical_core_region","Intel(R) Core(TM) Ultra 7 265KF",20,20,3,266.0392,308.9178113,574.9570113,308.9178113,308.315254,309.866811,0.6791411237,574.9570113,574.354454,575.906011,0.6791411237,2.257204493,0.5643011232,0.4627114632,1.596975678e-17,0.005859375,880070400,5112.71875,0,266.0392,0,0,47.669454,0,237.1872,0,0,24.06115733,PASS,"","","Linux;x86_64;GCC 13.3;OpenMP 201511","close","cores","FALSE"
"pgsa-cross-platform-v1","linux-intel-core-ultra-7-265kf","full_host","","intel_backend_thread_sweep_raw","3d-WindTurbineHub","3d-WindTurbineHub",Tet4,physics_tet4,physics_tet4,228384,1113684,685152,27502200,cpu_lock_guard,4,4,"physical_core_region","Intel(R) Core(TM) Ultra 7 265KF",20,20,3,417.2177,1048.421777,1465.639477,1048.421777,1047.112563,1049.665278,1.043176937,1465.639477,1464.330263,1466.882978,1.043176937,0.6650860243,0.1662715061,0.2846659813,1.718262983e-17,0.005859375,1100088000,5112.71875,0,417.2177,0,0,0,0,1048.421777,0,0,0,PASS,"","std::lock_guard<std::mutex>; granularity=per_entry","Linux;x86_64;GCC 13.3;OpenMP 201511","close","cores","FALSE"
"pgsa-cross-platform-v1","linux-intel-core-ultra-7-265kf","full_host","","intel_backend_thread_sweep_raw","3d-WindTurbineHub","3d-WindTurbineHub",Tet4,physics_tet4,physics_tet4,228384,1113684,685152,27502200,cpu_graph_coloring,4,4,"physical_core_region","Intel(R) Core(TM) Ultra 7 265KF",20,20,3,199.924013,430.852492,630.776505,430.852492,427.093233,433.227665,2.688814427,630.776505,627.017246,633.151678,2.688814427,1.618397676,0.404599419,0.3169490484,1.225939172e-16,0.0048828125,8909472,5112.71875,50,0,199.924013,0,0,0,430.852492,0,0,0,PASS,"","Greedy first-fit element coloring, colors=50","Linux;x86_64;GCC 13.3;OpenMP 201511","close","cores","FALSE"
"pgsa-cross-platform-v1","linux-intel-core-ultra-7-265kf","full_host","","intel_backend_thread_sweep_raw","3d-WindTurbineHub","3d-WindTurbineHub",Tet4,physics_tet4,physics_tet4,228384,1113684,685152,27502200,cpu_row_owner,4,4,"physical_core_region","Intel(R) Core(TM) Ultra 7 265KF",20,20,3,4234.980365,284.0432173,4519.023582,284.0432173,282.757745,285.427194,1.092021617,4519.023582,4517.73811,4520.407559,1.092021617,2.454875276,0.6137188191,0.9371450022,0,0,1924445952,5112.71875,0,0,0,4234.980365,0,0,284.0432173,0,0,0,PASS,"","Owner-computes by CSR row block; no atomics, but elements may be recomputed by multiple owners","Linux;x86_64;GCC 13.3;OpenMP 201511","close","cores","FALSE"
"pgsa-cross-platform-v1","linux-intel-core-ultra-7-265kf","full_host","","intel_backend_thread_sweep_raw","3d-WindTurbineHub","3d-WindTurbineHub",Tet4,physics_tet4,physics_tet4,228384,1113684,685152,27502200,cpu_serial,5,1,"physical_core_region","Intel(R) Core(TM) Ultra 7 265KF",20,20,0,0,0,0,0,0,0,0,0,0,0,0,0,0,0,0,0,0,0,0,0,0,0,0,0,0,0,0,0,SKIP,"NOT_APPLICABLE","cpu_serial is the single-thread baseline; non-1 thread requests are recorded but not run","Linux;x86_64;GCC 13.3;OpenMP 201511","close","cores","FALSE"
"pgsa-cross-platform-v1","linux-intel-core-ultra-7-265kf","full_host","","intel_backend_thread_sweep_raw","3d-WindTurbineHub","3d-WindTurbineHub",Tet4,physics_tet4,physics_tet4,228384,1113684,685152,27502200,cpu_atomic,5,5,"physical_core_region","Intel(R) Core(TM) Ultra 7 265KF",20,20,3,0.000286,298.848746,298.848746,298.848746,298.31256,299.520234,0.5022277677,298.848746,298.31256,299.520234,0.5022277677,2.33325614,0.4666512281,9.570058561e-07,9.155512937e-17,0.005859375,0,5112.71875,0,0,0,0,0,0,298.848746,0,0,0,PASS,"","","Linux;x86_64;GCC 13.3;OpenMP 201511","close","cores","FALSE"
"pgsa-cross-platform-v1","linux-intel-core-ultra-7-265kf","full_host","","intel_backend_thread_sweep_raw","3d-WindTurbineHub","3d-WindTurbineHub",Tet4,physics_tet4,physics_tet4,228384,1113684,685152,27502200,cpu_private_csr,5,5,"physical_core_region","Intel(R) Core(TM) Ultra 7 265KF",20,20,3,333.332484,285.8100717,619.1425557,285.8100717,284.761783,286.646423,0.783860131,619.1425557,618.094267,619.978907,0.783860131,2.43969944,0.4879398879,0.5383776013,6.920675397e-17,0.005859375,1100088000,5112.71875,0,333.332484,0,0,59.625847,0,200.6733533,0,0,25.51087133,PASS,"","","Linux;x86_64;GCC 13.3;OpenMP 201511","close","cores","FALSE"
"pgsa-cross-platform-v1","linux-intel-core-ultra-7-265kf","full_host","","intel_backend_thread_sweep_raw","3d-WindTurbineHub","3d-WindTurbineHub",Tet4,physics_tet4,physics_tet4,228384,1113684,685152,27502200,cpu_lock_guard,5,5,"physical_core_region","Intel(R) Core(TM) Ultra 7 265KF",20,20,3,415.576502,914.7492497,1330.325752,914.7492497,913.103944,916.190727,1.268389218,1330.325752,1328.680446,1331.767229,1.268389218,0.7622752048,0.152455041,0.3123870236,9.154947366e-17,0.005859375,1100088000,5112.71875,0,415.576502,0,0,0,0,914.7492497,0,0,0,PASS,"","std::lock_guard<std::mutex>; granularity=per_entry","Linux;x86_64;GCC 13.3;OpenMP 201511","close","cores","FALSE"
"pgsa-cross-platform-v1","linux-intel-core-ultra-7-265kf","full_host","","intel_backend_thread_sweep_raw","3d-WindTurbineHub","3d-WindTurbineHub",Tet4,physics_tet4,physics_tet4,228384,1113684,685152,27502200,cpu_graph_coloring,5,5,"physical_core_region","Intel(R) Core(TM) Ultra 7 265KF",20,20,3,199.430105,357.3864133,556.8165183,357.3864133,357.309823,357.520453,0.09510194057,556.8165183,556.739928,556.950558,0.09510194057,1.951083325,0.390216665,0.3581612586,1.225939172e-16,0.0048828125,8909472,5112.71875,50,0,199.430105,0,0,0,357.3864133,0,0,0,PASS,"","Greedy first-fit element coloring, colors=50","Linux;x86_64;GCC 13.3;OpenMP 201511","close","cores","FALSE"
"pgsa-cross-platform-v1","linux-intel-core-ultra-7-265kf","full_host","","intel_backend_thread_sweep_raw","3d-WindTurbineHub","3d-WindTurbineHub",Tet4,physics_tet4,physics_tet4,228384,1113684,685152,27502200,cpu_row_owner,5,5,"physical_core_region","Intel(R) Core(TM) Ultra 7 265KF",20,20,3,4064.89947,252.7223823,4317.621852,252.7223823,251.740247,253.495175,0.7315788111,4317.621852,4316.639717,4318.394645,0.7315788111,2.759117199,0.5518234398,0.9414672264,0,0,1924445952,5112.71875,0,0,0,4064.89947,0,0,252.7223823,0,0,0,PASS,"","Owner-computes by CSR row block; no atomics, but elements may be recomputed by multiple owners","Linux;x86_64;GCC 13.3;OpenMP 201511","close","cores","FALSE"
"pgsa-cross-platform-v1","linux-intel-core-ultra-7-265kf","full_host","","intel_backend_thread_sweep_raw","3d-WindTurbineHub","3d-WindTurbineHub",Tet4,physics_tet4,physics_tet4,228384,1113684,685152,27502200,cpu_serial,6,1,"physical_core_region","Intel(R) Core(TM) Ultra 7 265KF",20,20,0,0,0,0,0,0,0,0,0,0,0,0,0,0,0,0,0,0,0,0,0,0,0,0,0,0,0,0,0,SKIP,"NOT_APPLICABLE","cpu_serial is the single-thread baseline; non-1 thread requests are recorded but not run","Linux;x86_64;GCC 13.3;OpenMP 201511","close","cores","FALSE"
"pgsa-cross-platform-v1","linux-intel-core-ultra-7-265kf","full_host","","intel_backend_thread_sweep_raw","3d-WindTurbineHub","3d-WindTurbineHub",Tet4,physics_tet4,physics_tet4,228384,1113684,685152,27502200,cpu_atomic,6,6,"physical_core_region","Intel(R) Core(TM) Ultra 7 265KF",20,20,3,0.000497,255.2025887,255.2025887,255.2025887,254.688024,255.860029,0.4890187604,255.2025887,254.688024,255.860029,0.4890187604,2.732302503,0.4553837504,1.947472408e-06,1.496384191e-17,0.0048828125,0,5112.71875,0,0,0,0,0,0,255.2025887,0,0,0,PASS,"","","Linux;x86_64;GCC 13.3;OpenMP 201511","close","cores","FALSE"
"pgsa-cross-platform-v1","linux-intel-core-ultra-7-265kf","full_host","","intel_backend_thread_sweep_raw","3d-WindTurbineHub","3d-WindTurbineHub",Tet4,physics_tet4,physics_tet4,228384,1113684,685152,27502200,cpu_private_csr,6,6,"physical_core_region","Intel(R) Core(TM) Ultra 7 265KF",20,20,3,399.643374,275.892868,675.536242,275.892868,273.655052,278.727231,2.113236253,675.536242,673.298426,678.370605,2.113236253,2.52739651,0.4212327516,0.591594276,1.405209813e-17,0.00390625,1320105600,5112.71875,0,399.643374,0,0,71.66372133,0,176.6780553,0,0,27.55109133,PASS,"","","Linux;x86_64;GCC 13.3;OpenMP 201511","close","cores","FALSE"
"pgsa-cross-platform-v1","linux-intel-core-ultra-7-265kf","full_host","","intel_backend_thread_sweep_raw","3d-WindTurbineHub","3d-WindTurbineHub",Tet4,physics_tet4,physics_tet4,228384,1113684,685152,27502200,cpu_lock_guard,6,6,"physical_core_region","Intel(R) Core(TM) Ultra 7 265KF",20,20,3,417.181595,808.200677,1225.382272,808.200677,806.919661,809.331377,0.990299514,1225.382272,1224.101256,1226.512972,0.990299514,0.8627692249,0.1437948708,0.3404501636,1.481905272e-17,0.0048828125,1100088000,5112.71875,0,417.181595,0,0,0,0,808.200677,0,0,0,PASS,"","std::lock_guard<std::mutex>; granularity=per_entry","Linux;x86_64;GCC 13.3;OpenMP 201511","close","cores","FALSE"
"pgsa-cross-platform-v1","linux-intel-core-ultra-7-265kf","full_host","","intel_backend_thread_sweep_raw","3d-WindTurbineHub","3d-WindTurbineHub",Tet4,physics_tet4,physics_tet4,228384,1113684,685152,27502200,cpu_graph_coloring,6,6,"physical_core_region","Intel(R) Core(TM) Ultra 7 265KF",20,20,3,199.856246,307.7806263,507.6368723,307.7806263,305.614873,309.728613,1.686471847,507.6368723,505.471119,509.584859,1.686471847,2.265544391,0.3775907318,0.3936992305,1.225939172e-16,0.0048828125,8909472,5112.71875,50,0,199.856246,0,0,0,307.7806263,0,0,0,PASS,"","Greedy first-fit element coloring, colors=50","Linux;x86_64;GCC 13.3;OpenMP 201511","close","cores","FALSE"
"pgsa-cross-platform-v1","linux-intel-core-ultra-7-265kf","full_host","","intel_backend_thread_sweep_raw","3d-WindTurbineHub","3d-WindTurbineHub",Tet4,physics_tet4,physics_tet4,228384,1113684,685152,27502200,cpu_row_owner,6,6,"physical_core_region","Intel(R) Core(TM) Ultra 7 265KF",20,20,3,3926.000255,213.267936,4139.268191,213.267936,212.701616,213.605655,0.4029188845,4139.268191,4138.701871,4139.60591,0.4029188845,3.269552305,0.5449253841,0.9484768983,0,0,1924445952,5112.71875,0,0,0,3926.000255,0,0,213.267936,0,0,0,PASS,"","Owner-computes by CSR row block; no atomics, but elements may be recomputed by multiple owners","Linux;x86_64;GCC 13.3;OpenMP 201511","close","cores","FALSE"
"pgsa-cross-platform-v1","linux-intel-core-ultra-7-265kf","full_host","","intel_backend_thread_sweep_raw","3d-WindTurbineHub","3d-WindTurbineHub",Tet4,physics_tet4,physics_tet4,228384,1113684,685152,27502200,cpu_serial,7,1,"physical_core_region","Intel(R) Core(TM) Ultra 7 265KF",20,20,0,0,0,0,0,0,0,0,0,0,0,0,0,0,0,0,0,0,0,0,0,0,0,0,0,0,0,0,0,SKIP,"NOT_APPLICABLE","cpu_serial is the single-thread baseline; non-1 thread requests are recorded but not run","Linux;x86_64;GCC 13.3;OpenMP 201511","close","cores","FALSE"
"pgsa-cross-platform-v1","linux-intel-core-ultra-7-265kf","full_host","","intel_backend_thread_sweep_raw","3d-WindTurbineHub","3d-WindTurbineHub",Tet4,physics_tet4,physics_tet4,228384,1113684,685152,27502200,cpu_atomic,7,7,"physical_core_region","Intel(R) Core(TM) Ultra 7 265KF",20,20,3,0.000403,225.0388363,225.0388363,225.0388363,224.453952,225.774541,0.5495749306,225.0388363,224.453952,225.774541,0.5495749306,3.098534826,0.4426478323,1.790802008e-06,1.091558177e-16,0.005859375,0,5112.71875,0,0,0,0,0,0,225.0388363,0,0,0,PASS,"","","Linux;x86_64;GCC 13.3;OpenMP 201511","close","cores","FALSE"
"pgsa-cross-platform-v1","linux-intel-core-ultra-7-265kf","full_host","","intel_backend_thread_sweep_raw","3d-WindTurbineHub","3d-WindTurbineHub",Tet4,physics_tet4,physics_tet4,228384,1113684,685152,27502200,cpu_private_csr,7,7,"physical_core_region","Intel(R) Core(TM) Ultra 7 265KF",20,20,3,464.549584,269.1981393,733.7477233,269.1981393,268.429979,270.070825,0.6739377112,733.7477233,732.979563,734.620409,0.6739377112,2.59025071,0.3700358158,0.6331189443,8.265713991e-17,0.005859375,1540123200,5112.71875,0,464.549584,0,0,83.65183667,0,155.4628523,0,0,30.08345033,PASS,"","","Linux;x86_64;GCC 13.3;OpenMP 201511","close","cores","FALSE"
"pgsa-cross-platform-v1","linux-intel-core-ultra-7-265kf","full_host","","intel_backend_thread_sweep_raw","3d-WindTurbineHub","3d-WindTurbineHub",Tet4,physics_tet4,physics_tet4,228384,1113684,685152,27502200,cpu_lock_guard,7,7,"physical_core_region","Intel(R) Core(TM) Ultra 7 265KF",20,20,3,415.939133,734.8465077,1150.785641,734.8465077,734.224589,735.849821,0.7162128093,1150.785641,1150.163722,1151.788954,0.7162128093,0.9488929516,0.1355561359,0.3614392797,1.091505858e-16,0.005859375,1100088000,5112.71875,0,415.939133,0,0,0,0,734.8465077,0,0,0,PASS,"","std::lock_guard<std::mutex>; granularity=per_entry","Linux;x86_64;GCC 13.3;OpenMP 201511","close","cores","FALSE"
"pgsa-cross-platform-v1","linux-intel-core-ultra-7-265kf","full_host","","intel_backend_thread_sweep_raw","3d-WindTurbineHub","3d-WindTurbineHub",Tet4,physics_tet4,physics_tet4,228384,1113684,685152,27502200,cpu_graph_coloring,7,7,"physical_core_region","Intel(R) Core(TM) Ultra 7 265KF",20,20,3,199.854623,270.9455993,470.8002223,270.9455993,269.998502,271.905816,0.7787129387,470.8002223,469.853125,471.760439,0.7787129387,2.573544923,0.3676492748,0.4244998484,1.225939172e-16,0.0048828125,8909472,5112.71875,50,0,199.854623,0,0,0,270.9455993,0,0,0,PASS,"","Greedy first-fit element coloring, colors=50","Linux;x86_64;GCC 13.3;OpenMP 201511","close","cores","FALSE"
"pgsa-cross-platform-v1","linux-intel-core-ultra-7-265kf","full_host","","intel_backend_thread_sweep_raw","3d-WindTurbineHub","3d-WindTurbineHub",Tet4,physics_tet4,physics_tet4,228384,1113684,685152,27502200,cpu_row_owner,7,7,"physical_core_region","Intel(R) Core(TM) Ultra 7 265KF",20,20,3,3993.004266,201.216194,4194.22046,201.216194,200.443274,202.683622,1.038121962,4194.22046,4193.44754,4195.687888,1.038121962,3.465380484,0.4950543548,0.9520253654,0,0,1924445952,5112.71875,0,0,0,3993.004266,0,0,201.216194,0,0,0,PASS,"","Owner-computes by CSR row block; no atomics, but elements may be recomputed by multiple owners","Linux;x86_64;GCC 13.3;OpenMP 201511","close","cores","FALSE"
"pgsa-cross-platform-v1","linux-intel-core-ultra-7-265kf","full_host","","intel_backend_thread_sweep_raw","3d-WindTurbineHub","3d-WindTurbineHub",Tet4,physics_tet4,physics_tet4,228384,1113684,685152,27502200,cpu_serial,8,1,"physical_core_region","Intel(R) Core(TM) Ultra 7 265KF",20,20,0,0,0,0,0,0,0,0,0,0,0,0,0,0,0,0,0,0,0,0,0,0,0,0,0,0,0,0,0,SKIP,"NOT_APPLICABLE","cpu_serial is the single-thread baseline; non-1 thread requests are recorded but not run","Linux;x86_64;GCC 13.3;OpenMP 201511","close","cores","FALSE"
"pgsa-cross-platform-v1","linux-intel-core-ultra-7-265kf","full_host","","intel_backend_thread_sweep_raw","3d-WindTurbineHub","3d-WindTurbineHub",Tet4,physics_tet4,physics_tet4,228384,1113684,685152,27502200,cpu_atomic,8,8,"physical_core_region","Intel(R) Core(TM) Ultra 7 265KF",20,20,3,0.000551,200.3184747,200.3184747,200.3184747,200.117174,200.61383,0.2133877626,200.3184747,200.117174,200.61383,0.2133877626,3.480910449,0.4351138062,2.750619986e-06,9.830951215e-17,0.0068359375,0,5112.71875,0,0,0,0,0,0,200.3184747,0,0,0,PASS,"","","Linux;x86_64;GCC 13.3;OpenMP 201511","close","cores","FALSE"
"pgsa-cross-platform-v1","linux-intel-core-ultra-7-265kf","full_host","","intel_backend_thread_sweep_raw","3d-WindTurbineHub","3d-WindTurbineHub",Tet4,physics_tet4,physics_tet4,228384,1113684,685152,27502200,cpu_private_csr,8,8,"physical_core_region","Intel(R) Core(TM) Ultra 7 265KF",20,20,3,529.800782,269.3245043,799.1252863,269.3245043,268.80108,269.685026,0.3788078597,799.1252863,798.601862,799.485808,0.3788078597,2.589035385,0.3236294231,0.6629758701,7.388096298e-17,0.005859375,1760140800,5112.71875,0,529.800782,0,0,95.24275467,0,140.5993807,0,0,33.482369,PASS,"","","Linux;x86_64;GCC 13.3;OpenMP 201511","close","cores","FALSE"
"pgsa-cross-platform-v1","linux-intel-core-ultra-7-265kf","full_host","","intel_backend_thread_sweep_raw","3d-WindTurbineHub","3d-WindTurbineHub",Tet4,physics_tet4,physics_tet4,228384,1113684,685152,27502200,cpu_lock_guard,8,8,"physical_core_region","Intel(R) Core(TM) Ultra 7 265KF",20,20,3,416.988762,682.181334,1099.170096,682.181334,680.581951,683.110697,1.135879742,1099.170096,1097.570713,1100.099459,1.135879742,1.022148565,0.1277685706,0.3793669092,9.832639552e-17,0.0068359375,1100088000,5112.71875,0,416.988762,0,0,0,0,682.181334,0,0,0,PASS,"","std::lock_guard<std::mutex>; granularity=per_entry","Linux;x86_64;GCC 13.3;OpenMP 201511","close","cores","FALSE"
"pgsa-cross-platform-v1","linux-intel-core-ultra-7-265kf","full_host","","intel_backend_thread_sweep_raw","3d-WindTurbineHub","3d-WindTurbineHub",Tet4,physics_tet4,physics_tet4,228384,1113684,685152,27502200,cpu_graph_coloring,8,8,"physical_core_region","Intel(R) Core(TM) Ultra 7 265KF",20,20,3,196.988908,243.422548,440.411456,243.422548,241.841519,244.732274,1.195636541,440.411456,438.830427,441.721182,1.195636541,2.864527865,0.3580659831,0.4472837964,1.225939172e-16,0.0048828125,8909472,5112.71875,50,0,196.988908,0,0,0,243.422548,0,0,0,PASS,"","Greedy first-fit element coloring, colors=50","Linux;x86_64;GCC 13.3;OpenMP 201511","close","cores","FALSE"
"pgsa-cross-platform-v1","linux-intel-core-ultra-7-265kf","full_host","","intel_backend_thread_sweep_raw","3d-WindTurbineHub","3d-WindTurbineHub",Tet4,physics_tet4,physics_tet4,228384,1113684,685152,27502200,cpu_row_owner,8,8,"physical_core_region","Intel(R) Core(TM) Ultra 7 265KF",20,20,3,3949.442332,181.940005,4131.382337,181.940005,181.456239,182.861396,0.6517940775,4131.382337,4130.898571,4132.303728,0.6517940775,3.832530793,0.4790663491,0.95596147,0,0,1924445952,5112.71875,0,0,0,3949.442332,0,0,181.940005,0,0,0,PASS,"","Owner-computes by CSR row block; no atomics, but elements may be recomputed by multiple owners","Linux;x86_64;GCC 13.3;OpenMP 201511","close","cores","FALSE"
"pgsa-cross-platform-v1","linux-intel-core-ultra-7-265kf","full_host","","intel_backend_thread_sweep_raw","3d-WindTurbineHub","3d-WindTurbineHub",Tet4,physics_tet4,physics_tet4,228384,1113684,685152,27502200,cpu_serial,9,1,"physical_core_region","Intel(R) Core(TM) Ultra 7 265KF",20,20,0,0,0,0,0,0,0,0,0,0,0,0,0,0,0,0,0,0,0,0,0,0,0,0,0,0,0,0,0,SKIP,"NOT_APPLICABLE","cpu_serial is the single-thread baseline; non-1 thread requests are recorded but not run","Linux;x86_64;GCC 13.3;OpenMP 201511","close","cores","FALSE"
"pgsa-cross-platform-v1","linux-intel-core-ultra-7-265kf","full_host","","intel_backend_thread_sweep_raw","3d-WindTurbineHub","3d-WindTurbineHub",Tet4,physics_tet4,physics_tet4,228384,1113684,685152,27502200,cpu_atomic,9,9,"physical_core_region","Intel(R) Core(TM) Ultra 7 265KF",20,20,3,0.000389,227.340213,227.340213,227.340213,224.546611,231.277323,2.864300836,227.340213,224.546611,231.277323,2.864300836,3.067168199,0.3407964666,1.711091913e-06,1.164086963e-16,0.0068359375,0,5112.71875,0,0,0,0,0,0,227.340213,0,0,0,PASS,"","","Linux;x86_64;GCC 13.3;OpenMP 201511","close","cores","FALSE"
"pgsa-cross-platform-v1","linux-intel-core-ultra-7-265kf","full_host","","intel_backend_thread_sweep_raw","3d-WindTurbineHub","3d-WindTurbineHub",Tet4,physics_tet4,physics_tet4,228384,1113684,685152,27502200,cpu_private_csr,9,9,"physical_core_region","Intel(R) Core(TM) Ultra 7 265KF",20,20,3,599.46414,296.932504,896.396644,296.932504,295.743003,298.030741,0.9361919773,896.396644,895.207143,897.494881,0.9361919773,2.348313715,0.2609237461,0.6687487554,8.851448216e-17,0.0078125,1980158400,5112.71875,0,599.46414,0,0,107.126187,0,152.2507067,0,0,37.55561033,PASS,"","","Linux;x86_64;GCC 13.3;OpenMP 201511","close","cores","FALSE"
"pgsa-cross-platform-v1","linux-intel-core-ultra-7-265kf","full_host","","intel_backend_thread_sweep_raw","3d-WindTurbineHub","3d-WindTurbineHub",Tet4,physics_tet4,physics_tet4,228384,1113684,685152,27502200,cpu_lock_guard,9,9,"physical_core_region","Intel(R) Core(TM) Ultra 7 265KF",20,20,3,417.339181,637.3470713,1054.686252,637.3470713,636.272374,639.489089,1.514638212,1054.686252,1053.611555,1056.82827,1.514638212,1.094051739,0.1215613043,0.3956998397,1.164628614e-16,0.0068359375,1100088000,5112.71875,0,417.339181,0,0,0,0,637.3470713,0,0,0,PASS,"","std::lock_guard<std::mutex>; granularity=per_entry","Linux;x86_64;GCC 13.3;OpenMP 201511","close","cores","FALSE"
"pgsa-cross-platform-v1","linux-intel-core-ultra-7-265kf","full_host","","intel_backend_thread_sweep_raw","3d-WindTurbineHub","3d-WindTurbineHub",Tet4,physics_tet4,physics_tet4,228384,1113684,685152,27502200,cpu_graph_coloring,9,9,"physical_core_region","Intel(R) Core(TM) Ultra 7 265KF",20,20,3,197.932928,244.567852,442.50078,244.567852,241.537101,248.2826,2.795988568,442.50078,439.470029,446.215528,2.795988568,2.851113366,0.316790374,0.4473052635,1.225939172e-16,0.0048828125,8909472,5112.71875,50,0,197.932928,0,0,0,244.567852,0,0,0,PASS,"","Greedy first-fit element coloring, colors=50","Linux;x86_64;GCC 13.3;OpenMP 201511","close","cores","FALSE"
"pgsa-cross-platform-v1","linux-intel-core-ultra-7-265kf","full_host","","intel_backend_thread_sweep_raw","3d-WindTurbineHub","3d-WindTurbineHub",Tet4,physics_tet4,physics_tet4,228384,1113684,685152,27502200,cpu_row_owner,9,9,"physical_core_region","Intel(R) Core(TM) Ultra 7 265KF",20,20,3,3716.37483,197.630593,3914.005423,197.630593,197.254282,198.103513,0.353363172,3914.005423,3913.629112,3914.478343,0.353363172,3.528252691,0.3920280768,0.9495068168,0,0,1924445952,5112.71875,0,0,0,3716.37483,0,0,197.630593,0,0,0,PASS,"","Owner-computes by CSR row block; no atomics, but elements may be recomputed by multiple owners","Linux;x86_64;GCC 13.3;OpenMP 201511","close","cores","FALSE"
"pgsa-cross-platform-v1","linux-intel-core-ultra-7-265kf","full_host","","intel_backend_thread_sweep_raw","3d-WindTurbineHub","3d-WindTurbineHub",Tet4,physics_tet4,physics_tet4,228384,1113684,685152,27502200,cpu_serial,10,1,"physical_core_region","Intel(R) Core(TM) Ultra 7 265KF",20,20,0,0,0,0,0,0,0,0,0,0,0,0,0,0,0,0,0,0,0,0,0,0,0,0,0,0,0,0,0,SKIP,"NOT_APPLICABLE","cpu_serial is the single-thread baseline; non-1 thread requests are recorded but not run","Linux;x86_64;GCC 13.3;OpenMP 201511","close","cores","FALSE"
"pgsa-cross-platform-v1","linux-intel-core-ultra-7-265kf","full_host","","intel_backend_thread_sweep_raw","3d-WindTurbineHub","3d-WindTurbineHub",Tet4,physics_tet4,physics_tet4,228384,1113684,685152,27502200,cpu_atomic,10,10,"physical_core_region","Intel(R) Core(TM) Ultra 7 265KF",20,20,3,0.000375,213.4716063,213.4716063,213.4716063,212.477885,214.688003,0.9159125219,213.4716063,212.477885,214.688003,0.9159125219,3.26643287,0.326643287,1.756673904e-06,1.281970573e-16,0.005859375,0,5112.71875,0,0,0,0,0,0,213.4716063,0,0,0,PASS,"","","Linux;x86_64;GCC 13.3;OpenMP 201511","close","cores","FALSE"
"pgsa-cross-platform-v1","linux-intel-core-ultra-7-265kf","full_host","","intel_backend_thread_sweep_raw","3d-WindTurbineHub","3d-WindTurbineHub",Tet4,physics_tet4,physics_tet4,228384,1113684,685152,27502200,cpu_private_csr,10,10,"physical_core_region","Intel(R) Core(TM) Ultra 7 265KF",20,20,3,663.657596,313.3448573,977.0024533,313.3448573,310.603536,316.37602,2.365501903,977.0024533,974.261132,980.033616,2.365501903,2.225313916,0.2225313916,0.6792793547,9.677662906e-17,0.005859375,2200176000,5112.71875,0,663.657596,0,0,118.9388153,0,149.562354,0,0,44.843688,PASS,"","","Linux;x86_64;GCC 13.3;OpenMP 201511","close","cores","FALSE"
"pgsa-cross-platform-v1","linux-intel-core-ultra-7-265kf","full_host","","intel_backend_thread_sweep_raw","3d-WindTurbineHub","3d-WindTurbineHub",Tet4,physics_tet4,physics_tet4,228384,1113684,685152,27502200,cpu_lock_guard,10,10,"physical_core_region","Intel(R) Core(TM) Ultra 7 265KF",20,20,3,417.785347,622.7103863,1040.495733,622.7103863,618.810969,630.426489,5.456213059,1040.495733,1036.596316,1048.211836,5.456213059,1.11976721,0.111976721,0.4015252861,1.283156229e-16,0.005859375,1100088000,5112.71875,0,417.785347,0,0,0,0,622.7103863,0,0,0,PASS,"","std::lock_guard<std::mutex>; granularity=per_entry","Linux;x86_64;GCC 13.3;OpenMP 201511","close","cores","FALSE"
"pgsa-cross-platform-v1","linux-intel-core-ultra-7-265kf","full_host","","intel_backend_thread_sweep_raw","3d-WindTurbineHub","3d-WindTurbineHub",Tet4,physics_tet4,physics_tet4,228384,1113684,685152,27502200,cpu_graph_coloring,10,10,"physical_core_region","Intel(R) Core(TM) Ultra 7 265KF",20,20,3,199.251937,237.579824,436.831761,237.579824,233.660805,241.136473,3.06266627,436.831761,432.912742,440.38841,3.06266627,2.934974275,0.2934974275,0.4561296929,1.225939172e-16,0.0048828125,8909472,5112.71875,50,0,199.251937,0,0,0,237.579824,0,0,0,PASS,"","Greedy first-fit element coloring, colors=50","Linux;x86_64;GCC 13.3;OpenMP 201511","close","cores","FALSE"
"pgsa-cross-platform-v1","linux-intel-core-ultra-7-265kf","full_host","","intel_backend_thread_sweep_raw","3d-WindTurbineHub","3d-WindTurbineHub",Tet4,physics_tet4,physics_tet4,228384,1113684,685152,27502200,cpu_row_owner,10,10,"physical_core_region","Intel(R) Core(TM) Ultra 7 265KF",20,20,3,3793.541717,200.3951887,3993.936906,200.3951887,198.738148,202.317752,1.473378864,3993.936906,3992.279865,3995.859469,1.473378864,3.47957791,0.347957791,0.9498251491,0,0,1924445952,5112.71875,0,0,0,3793.541717,0,0,200.3951887,0,0,0,PASS,"","Owner-computes by CSR row block; no atomics, but elements may be recomputed by multiple owners","Linux;x86_64;GCC 13.3;OpenMP 201511","close","cores","FALSE"
"pgsa-cross-platform-v1","linux-intel-core-ultra-7-265kf","full_host","","intel_backend_thread_sweep_raw","3d-WindTurbineHub","3d-WindTurbineHub",Tet4,physics_tet4,physics_tet4,228384,1113684,685152,27502200,cpu_serial,11,1,"physical_core_region","Intel(R) Core(TM) Ultra 7 265KF",20,20,0,0,0,0,0,0,0,0,0,0,0,0,0,0,0,0,0,0,0,0,0,0,0,0,0,0,0,0,0,SKIP,"NOT_APPLICABLE","cpu_serial is the single-thread baseline; non-1 thread requests are recorded but not run","Linux;x86_64;GCC 13.3;OpenMP 201511","close","cores","FALSE"
"pgsa-cross-platform-v1","linux-intel-core-ultra-7-265kf","full_host","","intel_backend_thread_sweep_raw","3d-WindTurbineHub","3d-WindTurbineHub",Tet4,physics_tet4,physics_tet4,228384,1113684,685152,27502200,cpu_atomic,11,11,"physical_core_region","Intel(R) Core(TM) Ultra 7 265KF",20,20,3,0.000475,200.7334557,200.7334557,200.7334557,200.444253,201.046505,0.2464458906,200.7334557,200.444253,201.046505,0.2464458906,3.473714281,0.3157922074,2.366322038e-06,1.372438364e-16,0.0068359375,0,5112.71875,0,0,0,0,0,0,200.7334557,0,0,0,PASS,"","","Linux;x86_64;GCC 13.3;OpenMP 201511","close","cores","FALSE"
"pgsa-cross-platform-v1","linux-intel-core-ultra-7-265kf","full_host","","intel_backend_thread_sweep_raw","3d-WindTurbineHub","3d-WindTurbineHub",Tet4,physics_tet4,physics_tet4,228384,1113684,685152,27502200,cpu_private_csr,11,11,"physical_core_region","Intel(R) Core(TM) Ultra 7 265KF",20,20,3,730.18298,327.4874867,1057.670467,327.4874867,326.279128,328.319322,0.8744237168,1057.670467,1056.462108,1058.502302,0.8744237168,2.129213176,0.1935648342,0.6903690734,1.038038833e-16,0.005859375,2420193600,5112.71875,0,730.18298,0,0,131.4231867,0,145.43939,0,0,50.62491,PASS,"","","Linux;x86_64;GCC 13.3;OpenMP 201511","close","cores","FALSE"
"pgsa-cross-platform-v1","linux-intel-core-ultra-7-265kf","full_host","","intel_backend_thread_sweep_raw","3d-WindTurbineHub","3d-WindTurbineHub",Tet4,physics_tet4,physics_tet4,228384,1113684,685152,27502200,cpu_lock_guard,11,11,"physical_core_region","Intel(R) Core(TM) Ultra 7 265KF",20,20,3,416.152359,598.4920067,1014.644366,598.4920067,595.265939,601.201403,2.450529898,1014.644366,1011.418298,1017.353762,2.450529898,1.165079339,0.1059163036,0.4101460306,1.372702885e-16,0.0068359375,1100088000,5112.71875,0,416.152359,0,0,0,0,598.4920067,0,0,0,PASS,"","std::lock_guard<std::mutex>; granularity=per_entry","Linux;x86_64;GCC 13.3;OpenMP 201511","close","cores","FALSE"
"pgsa-cross-platform-v1","linux-intel-core-ultra-7-265kf","full_host","","intel_backend_thread_sweep_raw","3d-WindTurbineHub","3d-WindTurbineHub",Tet4,physics_tet4,physics_tet4,228384,1113684,685152,27502200,cpu_graph_coloring,11,11,"physical_core_region","Intel(R) Core(TM) Ultra 7 265KF",20,20,3,200.35863,226.1294307,426.4880607,226.1294307,223.8373,229.907977,2.692007115,426.4880607,424.19593,430.266607,2.692007115,3.083590975,0.2803264523,0.4697871957,1.225939172e-16,0.0048828125,8909472,5112.71875,50,0,200.35863,0,0,0,226.1294307,0,0,0,PASS,"","Greedy first-fit element coloring, colors=50","Linux;x86_64;GCC 13.3;OpenMP 201511","close","cores","FALSE"
"pgsa-cross-platform-v1","linux-intel-core-ultra-7-265kf","full_host","","intel_backend_thread_sweep_raw","3d-WindTurbineHub","3d-WindTurbineHub",Tet4,physics_tet4,physics_tet4,228384,1113684,685152,27502200,cpu_row_owner,11,11,"physical_core_region","Intel(R) Core(TM) Ultra 7 265KF",20,20,3,3792.965127,190.1519413,3983.117068,190.1519413,188.945398,192.11749,1.401810433,3983.117068,3981.910525,3985.082617,1.401810433,3.667018421,0.333365311,0.9522605191,0,0,1924445952,5112.71875,0,0,0,3792.965127,0,0,190.1519413,0,0,0,PASS,"","Owner-computes by CSR row block; no atomics, but elements may be recomputed by multiple owners","Linux;x86_64;GCC 13.3;OpenMP 201511","close","cores","FALSE"
"pgsa-cross-platform-v1","linux-intel-core-ultra-7-265kf","full_host","","intel_backend_thread_sweep_raw","3d-WindTurbineHub","3d-WindTurbineHub",Tet4,physics_tet4,physics_tet4,228384,1113684,685152,27502200,cpu_serial,12,1,"physical_core_region","Intel(R) Core(TM) Ultra 7 265KF",20,20,0,0,0,0,0,0,0,0,0,0,0,0,0,0,0,0,0,0,0,0,0,0,0,0,0,0,0,0,0,SKIP,"NOT_APPLICABLE","cpu_serial is the single-thread baseline; non-1 thread requests are recorded but not run","Linux;x86_64;GCC 13.3;OpenMP 201511","close","cores","FALSE"
"pgsa-cross-platform-v1","linux-intel-core-ultra-7-265kf","full_host","","intel_backend_thread_sweep_raw","3d-WindTurbineHub","3d-WindTurbineHub",Tet4,physics_tet4,physics_tet4,228384,1113684,685152,27502200,cpu_atomic,12,12,"physical_core_region","Intel(R) Core(TM) Ultra 7 265KF",20,20,3,0.000425,191.663494,191.663494,191.663494,191.188011,192.255792,0.4436765895,191.663494,191.188011,192.255792,0.4436765895,3.638098509,0.3031748757,2.21742801e-06,1.953986218e-17,0.005859375,0,5112.71875,0,0,0,0,0,0,191.663494,0,0,0,PASS,"","","Linux;x86_64;GCC 13.3;OpenMP 201511","close","cores","FALSE"
"pgsa-cross-platform-v1","linux-intel-core-ultra-7-265kf","full_host","","intel_backend_thread_sweep_raw","3d-WindTurbineHub","3d-WindTurbineHub",Tet4,physics_tet4,physics_tet4,228384,1113684,685152,27502200,cpu_private_csr,12,12,"physical_core_region","Intel(R) Core(TM) Ultra 7 265KF",20,20,3,800.245588,343.0568787,1143.302467,343.0568787,342.550261,344.007238,0.6724955983,1143.302467,1142.795849,1144.252826,0.6724955983,2.032580353,0.1693816961,0.6999421512,1.932444198e-17,0.005859375,2640211200,5112.71875,0,800.245588,0,0,143.319713,0,141.37402,0,0,58.36314567,PASS,"","","Linux;x86_64;GCC 13.3;OpenMP 201511","close","cores","FALSE"
"pgsa-cross-platform-v1","linux-intel-core-ultra-7-265kf","full_host","","intel_backend_thread_sweep_raw","3d-WindTurbineHub","3d-WindTurbineHub",Tet4,physics_tet4,physics_tet4,228384,1113684,685152,27502200,cpu_lock_guard,12,12,"physical_core_region","Intel(R) Core(TM) Ultra 7 265KF",20,20,3,417.424884,599.290804,1016.715688,599.290804,597.532441,601.275138,1.53628174,1016.715688,1014.957325,1018.700022,1.53628174,1.1635264,0.09696053332,0.4105620568,2.081915216e-17,0.005859375,1100088000,5112.71875,0,417.424884,0,0,0,0,599.290804,0,0,0,PASS,"","std::lock_guard<std::mutex>; granularity=per_entry","Linux;x86_64;GCC 13.3;OpenMP 201511","close","cores","FALSE"
"pgsa-cross-platform-v1","linux-intel-core-ultra-7-265kf","full_host","","intel_backend_thread_sweep_raw","3d-WindTurbineHub","3d-WindTurbineHub",Tet4,physics_tet4,physics_tet4,228384,1113684,685152,27502200,cpu_graph_coloring,12,12,"physical_core_region","Intel(R) Core(TM) Ultra 7 265KF",20,20,3,199.450259,221.860528,421.310787,221.860528,220.121448,224.964148,2.199911041,421.310787,419.571707,424.414407,2.199911041,3.14292352,0.2619102934,0.473404112,1.225939172e-16,0.0048828125,8909472,5112.71875,50,0,199.450259,0,0,0,221.860528,0,0,0,PASS,"","Greedy first-fit element coloring, colors=50","Linux;x86_64;GCC 13.3;OpenMP 201511","close","cores","FALSE"
"pgsa-cross-platform-v1","linux-intel-core-ultra-7-265kf","full_host","","intel_backend_thread_sweep_raw","3d-WindTurbineHub","3d-WindTurbineHub",Tet4,physics_tet4,physics_tet4,228384,1113684,685152,27502200,cpu_row_owner,12,12,"physical_core_region","Intel(R) Core(TM) Ultra 7 265KF",20,20,3,3957.719962,169.1711317,4126.891094,169.1711317,168.581863,170.227252,0.7484602414,4126.891094,4126.301825,4127.947214,0.7484602414,4.121806509,0.3434838758,0.9590076094,0,0,1924445952,5112.71875,0,0,0,3957.719962,0,0,169.1711317,0,0,0,PASS,"","Owner-computes by CSR row block; no atomics, but elements may be recomputed by multiple owners","Linux;x86_64;GCC 13.3;OpenMP 201511","close","cores","FALSE"
"pgsa-cross-platform-v1","linux-intel-core-ultra-7-265kf","full_host","","intel_backend_thread_sweep_raw","3d-WindTurbineHub","3d-WindTurbineHub",Tet4,physics_tet4,physics_tet4,228384,1113684,685152,27502200,cpu_serial,13,1,"physical_core_region","Intel(R) Core(TM) Ultra 7 265KF",20,20,0,0,0,0,0,0,0,0,0,0,0,0,0,0,0,0,0,0,0,0,0,0,0,0,0,0,0,0,0,SKIP,"NOT_APPLICABLE","cpu_serial is the single-thread baseline; non-1 thread requests are recorded but not run","Linux;x86_64;GCC 13.3;OpenMP 201511","close","cores","FALSE"
"pgsa-cross-platform-v1","linux-intel-core-ultra-7-265kf","full_host","","intel_backend_thread_sweep_raw","3d-WindTurbineHub","3d-WindTurbineHub",Tet4,physics_tet4,physics_tet4,228384,1113684,685152,27502200,cpu_atomic,13,13,"physical_core_region","Intel(R) Core(TM) Ultra 7 265KF",20,20,3,0.000407,181.2482743,181.2482743,181.2482743,181.06423,181.525688,0.1996233883,181.2482743,181.06423,181.525688,0.1996233883,3.847157576,0.2959351981,2.245538621e-06,1.473726844e-16,0.005859375,0,5112.71875,0,0,0,0,0,0,181.2482743,0,0,0,PASS,"","","Linux;x86_64;GCC 13.3;OpenMP 201511","close","cores","FALSE"
"pgsa-cross-platform-v1","linux-intel-core-ultra-7-265kf","full_host","","intel_backend_thread_sweep_raw","3d-WindTurbineHub","3d-WindTurbineHub",Tet4,physics_tet4,physics_tet4,228384,1113684,685152,27502200,cpu_private_csr,13,13,"physical_core_region","Intel(R) Core(TM) Ultra 7 265KF",20,20,3,865.334405,357.156016,1222.490421,357.156016,355.692231,359.561897,1.71449456,1222.490421,1221.026636,1224.896302,1.71449456,1.952341947,0.1501801498,0.7078455505,1.128468268e-16,0.0078125,2860228800,5112.71875,0,865.334405,0,0,155.0636457,0,139.9201937,0,0,62.17217667,PASS,"","","Linux;x86_64;GCC 13.3;OpenMP 201511","close","cores","FALSE"
"pgsa-cross-platform-v1","linux-intel-core-ultra-7-265kf","full_host","","intel_backend_thread_sweep_raw","3d-WindTurbineHub","3d-WindTurbineHub",Tet4,physics_tet4,physics_tet4,228384,1113684,685152,27502200,cpu_lock_guard,13,13,"physical_core_region","Intel(R) Core(TM) Ultra 7 265KF",20,20,3,416.415748,583.5543343,999.9700823,583.5543343,581.291527,585.625923,1.774668158,999.9700823,997.707275,1002.041671,1.774668158,1.194902738,0.0919155952,0.4164282066,1.484225478e-16,0.005859375,1100088000,5112.71875,0,416.415748,0,0,0,0,583.5543343,0,0,0,PASS,"","std::lock_guard<std::mutex>; granularity=per_entry","Linux;x86_64;GCC 13.3;OpenMP 201511","close","cores","FALSE"
"pgsa-cross-platform-v1","linux-intel-core-ultra-7-265kf","full_host","","intel_backend_thread_sweep_raw","3d-WindTurbineHub","3d-WindTurbineHub",Tet4,physics_tet4,physics_tet4,228384,1113684,685152,27502200,cpu_graph_coloring,13,13,"physical_core_region","Intel(R) Core(TM) Ultra 7 265KF",20,20,3,200.414339,216.3297223,416.7440613,216.3297223,212.841617,220.136173,2.986485629,416.7440613,413.255956,420.550512,2.986485629,3.223277246,0.2479444036,0.4809050868,1.225939172e-16,0.0048828125,8909472,5112.71875,50,0,200.414339,0,0,0,216.3297223,0,0,0,PASS,"","Greedy first-fit element coloring, colors=50","Linux;x86_64;GCC 13.3;OpenMP 201511","close","cores","FALSE"
"pgsa-cross-platform-v1","linux-intel-core-ultra-7-265kf","full_host","","intel_backend_thread_sweep_raw","3d-WindTurbineHub","3d-WindTurbineHub",Tet4,physics_tet4,physics_tet4,228384,1113684,685152,27502200,cpu_row_owner,13,13,"physical_core_region","Intel(R) Core(TM) Ultra 7 265KF",20,20,3,3993.538176,166.6407143,4160.17889,166.6407143,166.544479,166.746513,0.08275678138,4160.17889,4160.082655,4160.284689,0.08275678138,4.184395599,0.3218765845,0.9599438585,0,0,1924445952,5112.71875,0,0,0,3993.538176,0,0,166.6407143,0,0,0,PASS,"","Owner-computes by CSR row block; no atomics, but elements may be recomputed by multiple owners","Linux;x86_64;GCC 13.3;OpenMP 201511","close","cores","FALSE"
"pgsa-cross-platform-v1","linux-intel-core-ultra-7-265kf","full_host","","intel_backend_thread_sweep_raw","3d-WindTurbineHub","3d-WindTurbineHub",Tet4,physics_tet4,physics_tet4,228384,1113684,685152,27502200,cpu_serial,14,1,"physical_core_region","Intel(R) Core(TM) Ultra 7 265KF",20,20,0,0,0,0,0,0,0,0,0,0,0,0,0,0,0,0,0,0,0,0,0,0,0,0,0,0,0,0,0,SKIP,"NOT_APPLICABLE","cpu_serial is the single-thread baseline; non-1 thread requests are recorded but not run","Linux;x86_64;GCC 13.3;OpenMP 201511","close","cores","FALSE"
"pgsa-cross-platform-v1","linux-intel-core-ultra-7-265kf","full_host","","intel_backend_thread_sweep_raw","3d-WindTurbineHub","3d-WindTurbineHub",Tet4,physics_tet4,physics_tet4,228384,1113684,685152,27502200,cpu_atomic,14,14,"physical_core_region","Intel(R) Core(TM) Ultra 7 265KF",20,20,3,0.00042,171.0057097,171.0057097,171.0057097,170.219849,172.218443,0.8699654014,171.0057097,170.219849,172.218443,0.8699654014,4.077587076,0.2912562197,2.456058343e-06,1.506234626e-16,0.0068359375,0,5112.71875,0,0,0,0,0,0,171.0057097,0,0,0,PASS,"","","Linux;x86_64;GCC 13.3;OpenMP 201511","close","cores","FALSE"
"pgsa-cross-platform-v1","linux-intel-core-ultra-7-265kf","full_host","","intel_backend_thread_sweep_raw","3d-WindTurbineHub","3d-WindTurbineHub",Tet4,physics_tet4,physics_tet4,228384,1113684,685152,27502200,cpu_private_csr,14,14,"physical_core_region","Intel(R) Core(TM) Ultra 7 265KF",20,20,3,929.468549,368.46566,1297.934209,368.46566,366.789745,371.230344,1.96956735,1297.934209,1296.258294,1300.698893,1.96956735,1.89241698,0.1351726415,0.7161137618,1.157088542e-16,0.005859375,3080246400,5297.933594,0,929.468549,0,0,167.1524257,0,136.0488267,0,0,65.26440767,PASS,"","","Linux;x86_64;GCC 13.3;OpenMP 201511","close","cores","FALSE"
"pgsa-cross-platform-v1","linux-intel-core-ultra-7-265kf","full_host","","intel_backend_thread_sweep_raw","3d-WindTurbineHub","3d-WindTurbineHub",Tet4,physics_tet4,physics_tet4,228384,1113684,685152,27502200,cpu_lock_guard,14,14,"physical_core_region","Intel(R) Core(TM) Ultra 7 265KF",20,20,3,419.89727,570.6448597,990.5421297,570.6448597,568.712435,573.143886,1.852964756,990.5421297,988.609705,993.041156,1.852964756,1.221934553,0.08728103952,0.4239065229,1.508246964e-16,0.0068359375,1100088000,5297.933594,0,419.89727,0,0,0,0,570.6448597,0,0,0,PASS,"","std::lock_guard<std::mutex>; granularity=per_entry","Linux;x86_64;GCC 13.3;OpenMP 201511","close","cores","FALSE"
"pgsa-cross-platform-v1","linux-intel-core-ultra-7-265kf","full_host","","intel_backend_thread_sweep_raw","3d-WindTurbineHub","3d-WindTurbineHub",Tet4,physics_tet4,physics_tet4,228384,1113684,685152,27502200,cpu_graph_coloring,14,14,"physical_core_region","Intel(R) Core(TM) Ultra 7 265KF",20,20,3,199.688545,209.139322,408.827867,209.139322,207.270116,210.189585,1.325097616,408.827867,406.958661,409.87813,1.325097616,3.334096453,0.2381497466,0.4884416184,1.225939172e-16,0.0048828125,8909472,5297.933594,50,0,199.688545,0,0,0,209.139322,0,0,0,PASS,"","Greedy first-fit element coloring, colors=50","Linux;x86_64;GCC 13.3;OpenMP 201511","close","cores","FALSE"
"pgsa-cross-platform-v1","linux-intel-core-ultra-7-265kf","full_host","","intel_backend_thread_sweep_raw","3d-WindTurbineHub","3d-WindTurbineHub",Tet4,physics_tet4,physics_tet4,228384,1113684,685152,27502200,cpu_row_owner,14,14,"physical_core_region","Intel(R) Core(TM) Ultra 7 265KF",20,20,3,4014.295464,174.7468807,4189.042345,174.7468807,174.371483,175.202869,0.34416257,4189.042345,4188.666947,4189.498333,0.34416257,3.990289664,0.2850206903,0.9582847662,0,0,1924445952,5297.933594,0,0,0,4014.295464,0,0,174.7468807,0,0,0,PASS,"","Owner-computes by CSR row block; no atomics, but elements may be recomputed by multiple owners","Linux;x86_64;GCC 13.3;OpenMP 201511","close","cores","FALSE"
"pgsa-cross-platform-v1","linux-intel-core-ultra-7-265kf","full_host","","intel_backend_thread_sweep_raw","3d-WindTurbineHub","3d-WindTurbineHub",Tet4,physics_tet4,physics_tet4,228384,1113684,685152,27502200,cpu_serial,15,1,"physical_core_region","Intel(R) Core(TM) Ultra 7 265KF",20,20,0,0,0,0,0,0,0,0,0,0,0,0,0,0,0,0,0,0,0,0,0,0,0,0,0,0,0,0,0,SKIP,"NOT_APPLICABLE","cpu_serial is the single-thread baseline; non-1 thread requests are recorded but not run","Linux;x86_64;GCC 13.3;OpenMP 201511","close","cores","FALSE"
"pgsa-cross-platform-v1","linux-intel-core-ultra-7-265kf","full_host","","intel_backend_thread_sweep_raw","3d-WindTurbineHub","3d-WindTurbineHub",Tet4,physics_tet4,physics_tet4,228384,1113684,685152,27502200,cpu_atomic,15,15,"physical_core_region","Intel(R) Core(TM) Ultra 7 265KF",20,20,3,0.000415,162.8691913,162.8691913,162.8691913,162.246318,163.339377,0.4591148273,162.8691913,162.246318,163.339377,0.4591148273,4.281292649,0.28541951,2.548057104e-06,1.502416182e-16,0.009765625,0,5297.933594,0,0,0,0,0,0,162.8691913,0,0,0,PASS,"","","Linux;x86_64;GCC 13.3;OpenMP 201511","close","cores","FALSE"
"pgsa-cross-platform-v1","linux-intel-core-ultra-7-265kf","full_host","","intel_backend_thread_sweep_raw","3d-WindTurbineHub","3d-WindTurbineHub",Tet4,physics_tet4,physics_tet4,228384,1113684,685152,27502200,cpu_private_csr,15,15,"physical_core_region","Intel(R) Core(TM) Ultra 7 265KF",20,20,3,996.843992,383.2360937,1380.080086,383.2360937,380.454243,386.073716,2.29447918,1380.080086,1377.298235,1382.917708,2.29447918,1.819480689,0.1212987126,0.722308801,1.179049605e-16,0.005859375,3300264000,5507.78125,0,996.843992,0,0,179.663016,0,132.6267003,0,0,70.94637733,PASS,"","","Linux;x86_64;GCC 13.3;OpenMP 201511","close","cores","FALSE"
"pgsa-cross-platform-v1","linux-intel-core-ultra-7-265kf","full_host","","intel_backend_thread_sweep_raw","3d-WindTurbineHub","3d-WindTurbineHub",Tet4,physics_tet4,physics_tet4,228384,1113684,685152,27502200,cpu_lock_guard,15,15,"physical_core_region","Intel(R) Core(TM) Ultra 7 265KF",20,20,3,420.283827,572.2126097,992.4964367,572.2126097,569.604275,573.876477,1.867608344,992.4964367,989.888102,994.160304,1.867608344,1.218586693,0.08123911286,0.4234612957,1.514131769e-16,0.0078125,1100088000,5507.78125,0,420.283827,0,0,0,0,572.2126097,0,0,0,PASS,"","std::lock_guard<std::mutex>; granularity=per_entry","Linux;x86_64;GCC 13.3;OpenMP 201511","close","cores","FALSE"
"pgsa-cross-platform-v1","linux-intel-core-ultra-7-265kf","full_host","","intel_backend_thread_sweep_raw","3d-WindTurbineHub","3d-WindTurbineHub",Tet4,physics_tet4,physics_tet4,228384,1113684,685152,27502200,cpu_graph_coloring,15,15,"physical_core_region","Intel(R) Core(TM) Ultra 7 265KF",20,20,3,200.335883,205.455039,405.790922,205.455039,203.870546,207.648472,1.601309289,405.790922,404.206429,407.984355,1.601309289,3.393884497,0.2262589665,0.4936923724,1.225939172e-16,0.0048828125,8909472,5507.78125,50,0,200.335883,0,0,0,205.455039,0,0,0,PASS,"","Greedy first-fit element coloring, colors=50","Linux;x86_64;GCC 13.3;OpenMP 201511","close","cores","FALSE"
"pgsa-cross-platform-v1","linux-intel-core-ultra-7-265kf","full_host","","intel_backend_thread_sweep_raw","3d-WindTurbineHub","3d-WindTurbineHub",Tet4,physics_tet4,physics_tet4,228384,1113684,685152,27502200,cpu_row_owner,15,15,"physical_core_region","Intel(R) Core(TM) Ultra 7 265KF",20,20,3,4024.840461,168.6593183,4193.499779,168.6593183,168.119407,169.265807,0.4703776114,4193.499779,4192.959868,4194.106268,0.4703776114,4.134314537,0.2756209692,0.9597807733,0,0,1924445952,5507.78125,0,0,0,4024.840461,0,0,168.6593183,0,0,0,PASS,"","Owner-computes by CSR row block; no atomics, but elements may be recomputed by multiple owners","Linux;x86_64;GCC 13.3;OpenMP 201511","close","cores","FALSE"
"pgsa-cross-platform-v1","linux-intel-core-ultra-7-265kf","full_host","","intel_backend_thread_sweep_raw","3d-WindTurbineHub","3d-WindTurbineHub",Tet4,physics_tet4,physics_tet4,228384,1113684,685152,27502200,cpu_serial,16,1,"physical_core_region","Intel(R) Core(TM) Ultra 7 265KF",20,20,0,0,0,0,0,0,0,0,0,0,0,0,0,0,0,0,0,0,0,0,0,0,0,0,0,0,0,0,0,SKIP,"NOT_APPLICABLE","cpu_serial is the single-thread baseline; non-1 thread requests are recorded but not run","Linux;x86_64;GCC 13.3;OpenMP 201511","close","cores","FALSE"
"pgsa-cross-platform-v1","linux-intel-core-ultra-7-265kf","full_host","","intel_backend_thread_sweep_raw","3d-WindTurbineHub","3d-WindTurbineHub",Tet4,physics_tet4,physics_tet4,228384,1113684,685152,27502200,cpu_atomic,16,16,"physical_core_region","Intel(R) Core(TM) Ultra 7 265KF",20,20,3,0.000267,158.1375143,158.1375143,158.1375143,157.646025,158.417618,0.3486658997,158.1375143,157.646025,158.417618,0.3486658997,4.40939441,0.2755871506,1.688403926e-06,1.508787759e-16,0.0068359375,0,5507.78125,0,0,0,0,0,0,158.1375143,0,0,0,PASS,"","","Linux;x86_64;GCC 13.3;OpenMP 201511","close","cores","FALSE"
"pgsa-cross-platform-v1","linux-intel-core-ultra-7-265kf","full_host","","intel_backend_thread_sweep_raw","3d-WindTurbineHub","3d-WindTurbineHub",Tet4,physics_tet4,physics_tet4,228384,1113684,685152,27502200,cpu_private_csr,16,16,"physical_core_region","Intel(R) Core(TM) Ultra 7 265KF",20,20,3,1065.449676,395.2055543,1460.65523,395.2055543,393.355,398.225334,2.153346888,1460.65523,1458.804676,1463.67501,2.153346888,1.764374675,0.1102734172,0.7294326915,1.194496172e-16,0.005859375,3520281600,5717.632812,0,1065.449676,0,0,191.2660833,0,128.6156633,0,0,75.32380767,PASS,"","","Linux;x86_64;GCC 13.3;OpenMP 201511","close","cores","FALSE"
"pgsa-cross-platform-v1","linux-intel-core-ultra-7-265kf","full_host","","intel_backend_thread_sweep_raw","3d-WindTurbineHub","3d-WindTurbineHub",Tet4,physics_tet4,physics_tet4,228384,1113684,685152,27502200,cpu_lock_guard,16,16,"physical_core_region","Intel(R) Core(TM) Ultra 7 265KF",20,20,3,419.398304,565.232236,984.63054,565.232236,561.713676,569.155405,3.051514811,984.63054,981.11198,988.553709,3.051514811,1.233635712,0.07710223197,0.4259448463,1.503284497e-16,0.0068359375,1100088000,5717.632812,0,419.398304,0,0,0,0,565.232236,0,0,0,PASS,"","std::lock_guard<std::mutex>; granularity=per_entry","Linux;x86_64;GCC 13.3;OpenMP 201511","close","cores","FALSE"
"pgsa-cross-platform-v1","linux-intel-core-ultra-7-265kf","full_host","","intel_backend_thread_sweep_raw","3d-WindTurbineHub","3d-WindTurbineHub",Tet4,physics_tet4,physics_tet4,228384,1113684,685152,27502200,cpu_graph_coloring,16,16,"physical_core_region","Intel(R) Core(TM) Ultra 7 265KF",20,20,3,199.234807,200.1350797,399.3698867,200.1350797,198.419406,201.737374,1.356925217,399.3698867,397.654213,400.972181,1.356925217,3.484100203,0.2177562627,0.4988728836,1.225939172e-16,0.0048828125,8909472,5717.632812,50,0,199.234807,0,0,0,200.1350797,0,0,0,PASS,"","Greedy first-fit element coloring, colors=50","Linux;x86_64;GCC 13.3;OpenMP 201511","close","cores","FALSE"
"pgsa-cross-platform-v1","linux-intel-core-ultra-7-265kf","full_host","","intel_backend_thread_sweep_raw","3d-WindTurbineHub","3d-WindTurbineHub",Tet4,physics_tet4,physics_tet4,228384,1113684,685152,27502200,cpu_row_owner,16,16,"physical_core_region","Intel(R) Core(TM) Ultra 7 265KF",20,20,3,3915.526136,160.900336,4076.426472,160.900336,160.276128,161.340659,0.4536274774,4076.426472,4075.802264,4076.866795,0.4536274774,4.333680644,0.2708550402,0.9605290719,0,0,1924445952,5717.632812,0,0,0,3915.526136,0,0,160.900336,0,0,0,PASS,"","Owner-computes by CSR row block; no atomics, but elements may be recomputed by multiple owners","Linux;x86_64;GCC 13.3;OpenMP 201511","close","cores","FALSE"
"pgsa-cross-platform-v1","linux-intel-core-ultra-7-265kf","full_host","","intel_backend_thread_sweep_raw","3d-WindTurbineHub","3d-WindTurbineHub",Tet4,physics_tet4,physics_tet4,228384,1113684,685152,27502200,cpu_serial,17,1,"physical_core_region","Intel(R) Core(TM) Ultra 7 265KF",20,20,0,0,0,0,0,0,0,0,0,0,0,0,0,0,0,0,0,0,0,0,0,0,0,0,0,0,0,0,0,SKIP,"NOT_APPLICABLE","cpu_serial is the single-thread baseline; non-1 thread requests are recorded but not run","Linux;x86_64;GCC 13.3;OpenMP 201511","close","cores","FALSE"
"pgsa-cross-platform-v1","linux-intel-core-ultra-7-265kf","full_host","","intel_backend_thread_sweep_raw","3d-WindTurbineHub","3d-WindTurbineHub",Tet4,physics_tet4,physics_tet4,228384,1113684,685152,27502200,cpu_atomic,17,17,"physical_core_region","Intel(R) Core(TM) Ultra 7 265KF",20,20,3,0.000399,152.2990707,152.2990707,152.2990707,151.255537,153.417219,0.8840787215,152.2990707,151.255537,153.417219,0.8840787215,4.578430247,0.2693194263,2.619845271e-06,1.527230818e-16,0.005859375,0,5717.632812,0,0,0,0,0,0,152.2990707,0,0,0,PASS,"","","Linux;x86_64;GCC 13.3;OpenMP 201511","close","cores","FALSE"
"pgsa-cross-platform-v1","linux-intel-core-ultra-7-265kf","full_host","","intel_backend_thread_sweep_raw","3d-WindTurbineHub","3d-WindTurbineHub",Tet4,physics_tet4,physics_tet4,228384,1113684,685152,27502200,cpu_private_csr,17,17,"physical_core_region","Intel(R) Core(TM) Ultra 7 265KF",20,20,3,1130.319834,411.9124177,1542.232252,411.9124177,409.265613,413.543443,1.888352566,1542.232252,1539.585447,1543.863277,1.888352566,1.692812942,0.09957723189,0.7329115526,1.262316024e-16,0.005859375,3740299200,5927.324219,0,1130.319834,0,0,203.4517813,0,128.279713,0,0,80.18092333,PASS,"","","Linux;x86_64;GCC 13.3;OpenMP 201511","close","cores","FALSE"
"pgsa-cross-platform-v1","linux-intel-core-ultra-7-265kf","full_host","","intel_backend_thread_sweep_raw","3d-WindTurbineHub","3d-WindTurbineHub",Tet4,physics_tet4,physics_tet4,228384,1113684,685152,27502200,cpu_lock_guard,17,17,"physical_core_region","Intel(R) Core(TM) Ultra 7 265KF",20,20,3,419.605149,555.9350327,975.5401817,555.9350327,549.835975,564.853936,6.447140727,975.5401817,969.441124,984.459085,6.447140727,1.254266471,0.07378038066,0.4301259516,1.52314169e-16,0.005859375,1100088000,5927.324219,0,419.605149,0,0,0,0,555.9350327,0,0,0,PASS,"","std::lock_guard<std::mutex>; granularity=per_entry","Linux;x86_64;GCC 13.3;OpenMP 201511","close","cores","FALSE"
"pgsa-cross-platform-v1","linux-intel-core-ultra-7-265kf","full_host","","intel_backend_thread_sweep_raw","3d-WindTurbineHub","3d-WindTurbineHub",Tet4,physics_tet4,physics_tet4,228384,1113684,685152,27502200,cpu_graph_coloring,17,17,"physical_core_region","Intel(R) Core(TM) Ultra 7 265KF",20,20,3,200.450183,198.524099,398.974282,198.524099,196.506092,199.940223,1.4651533,398.974282,396.956275,400.390406,1.4651533,3.512372932,0.2066101725,0.5024137947,1.225939172e-16,0.0048828125,8909472,5927.324219,50,0,200.450183,0,0,0,198.524099,0,0,0,PASS,"","Greedy first-fit element coloring, colors=50","Linux;x86_64;GCC 13.3;OpenMP 201511","close","cores","FALSE"
"pgsa-cross-platform-v1","linux-intel-core-ultra-7-265kf","full_host","","intel_backend_thread_sweep_raw","3d-WindTurbineHub","3d-WindTurbineHub",Tet4,physics_tet4,physics_tet4,228384,1113684,685152,27502200,cpu_row_owner,17,17,"physical_core_region","Intel(R) Core(TM) Ultra 7 265KF",20,20,3,3850.560721,159.1161663,4009.676887,159.1161663,158.637153,159.744516,0.4642479286,4009.676887,4009.197874,4010.305237,0.4642479286,4.382274207,0.2577808357,0.9603169605,0,0,1924445952,5927.324219,0,0,0,3850.560721,0,0,159.1161663,0,0,0,PASS,"","Owner-computes by CSR row block; no atomics, but elements may be recomputed by multiple owners","Linux;x86_64;GCC 13.3;OpenMP 201511","close","cores","FALSE"
"pgsa-cross-platform-v1","linux-intel-core-ultra-7-265kf","full_host","","intel_backend_thread_sweep_raw","3d-WindTurbineHub","3d-WindTurbineHub",Tet4,physics_tet4,physics_tet4,228384,1113684,685152,27502200,cpu_serial,18,1,"physical_core_region","Intel(R) Core(TM) Ultra 7 265KF",20,20,0,0,0,0,0,0,0,0,0,0,0,0,0,0,0,0,0,0,0,0,0,0,0,0,0,0,0,0,0,SKIP,"NOT_APPLICABLE","cpu_serial is the single-thread baseline; non-1 thread requests are recorded but not run","Linux;x86_64;GCC 13.3;OpenMP 201511","close","cores","FALSE"
"pgsa-cross-platform-v1","linux-intel-core-ultra-7-265kf","full_host","","intel_backend_thread_sweep_raw","3d-WindTurbineHub","3d-WindTurbineHub",Tet4,physics_tet4,physics_tet4,228384,1113684,685152,27502200,cpu_atomic,18,18,"physical_core_region","Intel(R) Core(TM) Ultra 7 265KF",20,20,3,0.000561,150.0467937,150.0467937,150.0467937,148.389902,152.119432,1.550695,150.0467937,148.389902,152.119432,1.550695,4.647154762,0.2581752645,3.738833642e-06,1.486614698e-16,0.0078125,0,5927.324219,0,0,0,0,0,0,150.0467937,0,0,0,PASS,"","","Linux;x86_64;GCC 13.3;OpenMP 201511","close","cores","FALSE"
"pgsa-cross-platform-v1","linux-intel-core-ultra-7-265kf","full_host","","intel_backend_thread_sweep_raw","3d-WindTurbineHub","3d-WindTurbineHub",Tet4,physics_tet4,physics_tet4,228384,1113684,685152,27502200,cpu_private_csr,18,18,"physical_core_region","Intel(R) Core(TM) Ultra 7 265KF",20,20,3,1207.29035,425.3053643,1632.595714,425.3053643,424.439702,426.958878,1.169642174,1632.595714,1631.730052,1634.249228,1.169642174,1.639505941,0.0910836634,0.739491314,1.240682411e-16,0.005859375,3960316800,6137.175781,0,1207.29035,0,0,215.9442833,0,128.8084927,0,0,80.55258833,PASS,"","","Linux;x86_64;GCC 13.3;OpenMP 201511","close","cores","FALSE"
"pgsa-cross-platform-v1","linux-intel-core-ultra-7-265kf","full_host","","intel_backend_thread_sweep_raw","3d-WindTurbineHub","3d-WindTurbineHub",Tet4,physics_tet4,physics_tet4,228384,1113684,685152,27502200,cpu_lock_guard,18,18,"physical_core_region","Intel(R) Core(TM) Ultra 7 265KF",20,20,3,422.658736,553.4413777,976.1001137,553.4413777,551.954747,554.866601,1.189552178,976.1001137,974.613483,977.525337,1.189552178,1.259917852,0.06999543621,0.4330075676,1.486645232e-16,0.0078125,1100088000,6137.175781,0,422.658736,0,0,0,0,553.4413777,0,0,0,PASS,"","std::lock_guard<std::mutex>; granularity=per_entry","Linux;x86_64;GCC 13.3;OpenMP 201511","close","cores","FALSE"
"pgsa-cross-platform-v1","linux-intel-core-ultra-7-265kf","full_host","","intel_backend_thread_sweep_raw","3d-WindTurbineHub","3d-WindTurbineHub",Tet4,physics_tet4,physics_tet4,228384,1113684,685152,27502200,cpu_graph_coloring,18,18,"physical_core_region","Intel(R) Core(TM) Ultra 7 265KF",20,20,3,199.635486,198.9750997,398.6105857,198.9750997,197.093405,201.498867,1.854942378,398.6105857,396.728891,401.134353,1.854942378,3.504411722,0.1946895401,0.5008283603,1.225939172e-16,0.0048828125,8909472,6137.175781,50,0,199.635486,0,0,0,198.9750997,0,0,0,PASS,"","Greedy first-fit element coloring, colors=50","Linux;x86_64;GCC 13.3;OpenMP 201511","close","cores","FALSE"
"pgsa-cross-platform-v1","linux-intel-core-ultra-7-265kf","full_host","","intel_backend_thread_sweep_raw","3d-WindTurbineHub","3d-WindTurbineHub",Tet4,physics_tet4,physics_tet4,228384,1113684,685152,27502200,cpu_row_owner,18,18,"physical_core_region","Intel(R) Core(TM) Ultra 7 265KF",20,20,3,3890.102121,154.1114623,4044.213583,154.1114623,152.209814,155.743626,1.455202919,4044.213583,4042.311935,4045.845747,1.455202919,4.524586693,0.2513659274,0.9618933424,0,0,1924445952,6137.175781,0,0,0,3890.102121,0,0,154.1114623,0,0,0,PASS,"","Owner-computes by CSR row block; no atomics, but elements may be recomputed by multiple owners","Linux;x86_64;GCC 13.3;OpenMP 201511","close","cores","FALSE"
"pgsa-cross-platform-v1","linux-intel-core-ultra-7-265kf","full_host","","intel_backend_thread_sweep_raw","3d-WindTurbineHub","3d-WindTurbineHub",Tet4,physics_tet4,physics_tet4,228384,1113684,685152,27502200,cpu_serial,19,1,"physical_core_region","Intel(R) Core(TM) Ultra 7 265KF",20,20,0,0,0,0,0,0,0,0,0,0,0,0,0,0,0,0,0,0,0,0,0,0,0,0,0,0,0,0,0,SKIP,"NOT_APPLICABLE","cpu_serial is the single-thread baseline; non-1 thread requests are recorded but not run","Linux;x86_64;GCC 13.3;OpenMP 201511","close","cores","FALSE"
"pgsa-cross-platform-v1","linux-intel-core-ultra-7-265kf","full_host","","intel_backend_thread_sweep_raw","3d-WindTurbineHub","3d-WindTurbineHub",Tet4,physics_tet4,physics_tet4,228384,1113684,685152,27502200,cpu_atomic,19,19,"physical_core_region","Intel(R) Core(TM) Ultra 7 265KF",20,20,3,0.000469,148.1320593,148.1320593,148.1320593,145.058199,150.853734,2.379087016,148.1320593,145.058199,150.853734,2.379087016,4.707223236,0.2477485914,3.166093836e-06,1.522632517e-16,0.0068359375,0,6137.175781,0,0,0,0,0,0,148.1320593,0,0,0,PASS,"","","Linux;x86_64;GCC 13.3;OpenMP 201511","close","cores","FALSE"
"pgsa-cross-platform-v1","linux-intel-core-ultra-7-265kf","full_host","","intel_backend_thread_sweep_raw","3d-WindTurbineHub","3d-WindTurbineHub",Tet4,physics_tet4,physics_tet4,228384,1113684,685152,27502200,cpu_private_csr,19,19,"physical_core_region","Intel(R) Core(TM) Ultra 7 265KF",20,20,3,1278.88878,439.880351,1718.769131,439.880351,438.871935,440.705703,0.7597414431,1718.769131,1717.760715,1719.594483,0.7597414431,1.585182584,0.08343066234,0.7440724626,1.297871364e-16,0.005859375,4180334400,6347.023438,0,1278.88878,0,0,228.0422027,0,128.1335517,0,0,83.70459667,PASS,"","","Linux;x86_64;GCC 13.3;OpenMP 201511","close","cores","FALSE"
"pgsa-cross-platform-v1","linux-intel-core-ultra-7-265kf","full_host","","intel_backend_thread_sweep_raw","3d-WindTurbineHub","3d-WindTurbineHub",Tet4,physics_tet4,physics_tet4,228384,1113684,685152,27502200,cpu_lock_guard,19,19,"physical_core_region","Intel(R) Core(TM) Ultra 7 265KF",20,20,3,423.837989,554.4814957,978.3194847,554.4814957,549.023403,558.519802,4.004767444,978.3194847,972.861392,982.357791,4.004767444,1.257554449,0.06618707625,0.4332306528,1.509883181e-16,0.0068359375,1100088000,6347.023438,0,423.837989,0,0,0,0,554.4814957,0,0,0,PASS,"","std::lock_guard<std::mutex>; granularity=per_entry","Linux;x86_64;GCC 13.3;OpenMP 201511","close","cores","FALSE"
"pgsa-cross-platform-v1","linux-intel-core-ultra-7-265kf","full_host","","intel_backend_thread_sweep_raw","3d-WindTurbineHub","3d-WindTurbineHub",Tet4,physics_tet4,physics_tet4,228384,1113684,685152,27502200,cpu_graph_coloring,19,19,"physical_core_region","Intel(R) Core(TM) Ultra 7 265KF",20,20,3,200.917687,204.4155137,405.3332007,204.4155137,197.640511,212.699899,6.239923544,405.3332007,398.558198,413.617586,6.239923544,3.411143602,0.1795338738,0.4956852453,1.225939172e-16,0.0048828125,8909472,6347.023438,50,0,200.917687,0,0,0,204.4155137,0,0,0,PASS,"","Greedy first-fit element coloring, colors=50","Linux;x86_64;GCC 13.3;OpenMP 201511","close","cores","FALSE"
"pgsa-cross-platform-v1","linux-intel-core-ultra-7-265kf","full_host","","intel_backend_thread_sweep_raw","3d-WindTurbineHub","3d-WindTurbineHub",Tet4,physics_tet4,physics_tet4,228384,1113684,685152,27502200,cpu_row_owner,19,19,"physical_core_region","Intel(R) Core(TM) Ultra 7 265KF",20,20,3,3687.633903,154.9654013,3842.599304,154.9654013,150.894865,161.921586,4.942493887,3842.599304,3838.528768,3849.555489,4.942493887,4.499653895,0.2368238892,0.959671725,0,0,1924445952,6347.023438,0,0,0,3687.633903,0,0,154.9654013,0,0,0,PASS,"","Owner-computes by CSR row block; no atomics, but elements may be recomputed by multiple owners","Linux;x86_64;GCC 13.3;OpenMP 201511","close","cores","FALSE"
"pgsa-cross-platform-v1","linux-intel-core-ultra-7-265kf","full_host","","intel_backend_thread_sweep_raw","3d-WindTurbineHub","3d-WindTurbineHub",Tet4,physics_tet4,physics_tet4,228384,1113684,685152,27502200,cpu_serial,20,1,"physical_core_region","Intel(R) Core(TM) Ultra 7 265KF",20,20,0,0,0,0,0,0,0,0,0,0,0,0,0,0,0,0,0,0,0,0,0,0,0,0,0,0,0,0,0,SKIP,"NOT_APPLICABLE","cpu_serial is the single-thread baseline; non-1 thread requests are recorded but not run","Linux;x86_64;GCC 13.3;OpenMP 201511","close","cores","FALSE"
"pgsa-cross-platform-v1","linux-intel-core-ultra-7-265kf","full_host","","intel_backend_thread_sweep_raw","3d-WindTurbineHub","3d-WindTurbineHub",Tet4,physics_tet4,physics_tet4,228384,1113684,685152,27502200,cpu_atomic,20,20,"physical_core_region","Intel(R) Core(TM) Ultra 7 265KF",20,20,3,0.000377,144.5629917,144.5629917,144.5629917,143.56079,146.025122,1.057318569,144.5629917,143.56079,146.025122,1.057318569,4.823438306,0.2411719153,2.607859699e-06,1.484437408e-16,0.005859375,0,6347.023438,0,0,0,0,0,0,144.5629917,0,0,0,PASS,"","","Linux;x86_64;GCC 13.3;OpenMP 201511","close","cores","FALSE"
"pgsa-cross-platform-v1","linux-intel-core-ultra-7-265kf","full_host","","intel_backend_thread_sweep_raw","3d-WindTurbineHub","3d-WindTurbineHub",Tet4,physics_tet4,physics_tet4,228384,1113684,685152,27502200,cpu_private_csr,20,20,"physical_core_region","Intel(R) Core(TM) Ultra 7 265KF",20,20,3,1342.162442,451.2457807,1793.408223,451.2457807,446.381551,458.399656,5.166595907,1793.408223,1788.543993,1800.562098,5.166595907,1.545256934,0.07726284672,0.7483864661,1.297996957e-16,0.005859375,4400352000,6556.871094,0,1342.162442,0,0,240.2612027,0,126.589519,0,0,84.395059,PASS,"","","Linux;x86_64;GCC 13.3;OpenMP 201511","close","cores","FALSE"
"pgsa-cross-platform-v1","linux-intel-core-ultra-7-265kf","full_host","","intel_backend_thread_sweep_raw","3d-WindTurbineHub","3d-WindTurbineHub",Tet4,physics_tet4,physics_tet4,228384,1113684,685152,27502200,cpu_lock_guard,20,20,"physical_core_region","Intel(R) Core(TM) Ultra 7 265KF",20,20,3,424.934353,570.8341883,995.7685413,570.8341883,559.233055,577.616497,8.242311097,995.7685413,984.167408,1002.55085,8.242311097,1.221529274,0.0610764637,0.426740086,1.474012542e-16,0.005859375,1100088000,6556.871094,0,424.934353,0,0,0,0,570.8341883,0,0,0,PASS,"","std::lock_guard<std::mutex>; granularity=per_entry","Linux;x86_64;GCC 13.3;OpenMP 201511","close","cores","FALSE"
"pgsa-cross-platform-v1","linux-intel-core-ultra-7-265kf","full_host","","intel_backend_thread_sweep_raw","3d-WindTurbineHub","3d-WindTurbineHub",Tet4,physics_tet4,physics_tet4,228384,1113684,685152,27502200,cpu_graph_coloring,20,20,"physical_core_region","Intel(R) Core(TM) Ultra 7 265KF",20,20,3,201.138144,200.0089433,401.1470873,200.0089433,196.301501,204.633613,3.462850664,401.1470873,397.439645,405.771757,3.462850664,3.486297463,0.1743148731,0.5014074646,1.225939172e-16,0.0048828125,8909472,6556.871094,50,0,201.138144,0,0,0,200.0089433,0,0,0,PASS,"","Greedy first-fit element coloring, colors=50","Linux;x86_64;GCC 13.3;OpenMP 201511","close","cores","FALSE"
"pgsa-cross-platform-v1","linux-intel-core-ultra-7-265kf","full_host","","intel_backend_thread_sweep_raw","3d-WindTurbineHub","3d-WindTurbineHub",Tet4,physics_tet4,physics_tet4,228384,1113684,685152,27502200,cpu_row_owner,20,20,"physical_core_region","Intel(R) Core(TM) Ultra 7 265KF",20,20,3,3659.53651,161.1728347,3820.709345,161.1728347,150.087303,181.170905,14.16857056,3820.709345,3809.623813,3840.707415,14.16857056,4.326353589,0.2163176794,0.9578159917,0,0,1924445952,6556.871094,0,0,0,3659.53651,0,0,161.1728347,0,0,0,PASS,"","Owner-computes by CSR row block; no atomics, but elements may be recomputed by multiple owners","Linux;x86_64;GCC 13.3;OpenMP 201511","close","cores","FALSE"
