node,x,y,z
0,0,0,0
1,1,0,0
2,1,0.20000000000000001,0
3,0,0.20000000000000001,0
4,0,0,0.10000000000000001
5,1,0,0.10000000000000001
6,1,0.20000000000000001,0.10000000000000001
7,0,0.20000000000000001,0.10000000000000001
8,0,0.050000000000000003,0
9,0,0.10000000000000001,0
10,0,0.15000000000000002,0
11,0.94999999999999996,0,0
12,0.90000000000000002,0,0
13,0.85000000000000009,0,0
14,0.80000000000000004,0,0
15,0.75,0,0
16,0.69999999999999996,0,0
17,0.65000000000000002,0,0
18,0.59999999999999998,0,0
19,0.55000000000000004,0,0
20,0.5,0,0
21,0.44999999999999996,0,0
22,0.40000000000000002,0,0
23,0.34999999999999998,0,0
24,0.30000000000000004,0,0
25,0.25,0,0
26,0.19999999999999996,0,0
27,0.15000000000000002,0,0
28,0.099999999999999978,0,0
29,0.050000000000000044,0,0
30,0.049999999999999989,0.20000000000000001,0
31,0.099999999999999978,0.20000000000000001,0
32,0.14999999999999997,0.20000000000000001,0
33,0.20000000000000001,0.20000000000000001,0
34,0.25000000000000006,0.20000000000000001,0
35,0.29999999999999999,0.20000000000000001,0
36,0.34999999999999998,0.20000000000000001,0
37,0.40000000000000002,0.20000000000000001,0
38,0.45000000000000001,0.20000000000000001,0
39,0.5,0.20000000000000001,0
40,0.55000000000000004,0.20000000000000001,0
41,0.59999999999999998,0.20000000000000001,0
42,0.65000000000000002,0.20000000000000001,0
43,0.69999999999999996,0.20000000000000001,0
44,0.75,0.20000000000000001,0
45,0.80000000000000004,0.20000000000000001,0
46,0.84999999999999998,0.20000000000000001,0
47,0.90000000000000002,0.20000000000000001,0
48,0.94999999999999996,0.20000000000000001,0
49,1,0.15000000000000002,0
50,1,0.10000000000000001,0
51,1,0.049999999999999989,0
52,1,0.050000000000000003,0.10000000000000001
53,1,0.10000000000000001,0.10000000000000001
54,1,0.15000000000000002,0.10000000000000001
55,0.049999999999999989,0,0.10000000000000001
56,0.099999999999999978,0,0.10000000000000001
57,0.14999999999999997,0,0.10000000000000001
58,0.20000000000000001,0,0.10000000000000001
59,0.25000000000000006,0,0.10000000000000001
60,0.29999999999999999,0,0.10000000000000001
61,0.34999999999999998,0,0.10000000000000001
62,0.40000000000000002,0,0.10000000000000001
63,0.45000000000000001,0,0.10000000000000001
64,0.5,0,0.10000000000000001
65,0.55000000000000004,0,0.10000000000000001
66,0.59999999999999998,0,0.10000000000000001
67,0.65000000000000002,0,0.10000000000000001
68,0.69999999999999996,0,0.10000000000000001
69,0.75,0,0.10000000000000001
70,0.80000000000000004,0,0.10000000000000001
71,0.84999999999999998,0,0.10000000000000001
72,0.90000000000000002,0,0.10000000000000001
73,0.94999999999999996,0,0.10000000000000001
74,0.94999999999999996,0.20000000000000001,0.10000000000000001
75,0.90000000000000002,0.20000000000000001,0.10000000000000001
76,0.85000000000000009,0.20000000000000001,0.10000000000000001
77,0.80000000000000004,0.20000000000000001,0.10000000000000001
78,0.75,0.20000000000000001,0.10000000000000001
79,0.69999999999999996,0.20000000000000001,0.10000000000000001
80,0.65000000000000002,0.20000000000000001,0.10000000000000001
81,0.59999999999999998,0.20000000000000001,0.10000000000000001
82,0.55000000000000004,0.20000000000000001,0.10000000000000001
83,0.5,0.20000000000000001,0.10000000000000001
84,0.44999999999999996,0.20000000000000001,0.10000000000000001
85,0.40000000000000002,0.20000000000000001,0.10000000000000001
86,0.34999999999999998,0.20000000000000001,0.10000000000000001
87,0.30000000000000004,0.20000000000000001,0.10000000000000001
88,0.25,0.20000000000000001,0.10000000000000001
89,0.19999999999999996,0.20000000000000001,0.10000000000000001
90,0.15000000000000002,0.20000000000000001,0.10000000000000001
91,0.099999999999999978,0.20000000000000001,0.10000000000000001
92,0.050000000000000044,0.20000000000000001,0.10000000000000001
93,0,0.15000000000000002,0.10000000000000001
94,0,0.10000000000000001,0.10000000000000001
95,0,0.049999999999999989,0.10000000000000001
96,1,0.20000000000000001,0.050000000000000003
97,1,0,0.050000000000000003
98,0,0.20000000000000001,0.050000000000000003
99,0,0,0.050000000000000003
100,0.077862895178255842,0.041660379481294418,0
101,0.12428599429213472,0.049071352836880862,0
102,0.17484229206262142,0.050462867367098915,0
103,0.2251735740268519,0.049762963012774192,0
104,0.27503145485328567,0.049283115856284421,0
105,0.32485643972908501,0.050297380324404006,0
106,0.37507385517247516,0.050613302059531018,0
107,0.42492946651985053,0.0504089907314903,0
108,0.47494982834857097,0.0499990698229483,0
109,0.52502263532539517,0.049914416597993949,0
110,0.57506525756879567,0.049732063739005287,0
111,0.62517244214242818,0.049759985709455043,0
112,0.67509942308950266,0.049177987061767348,0
113,0.7246766406296874,0.048867587571271437,0
114,0.77456489000315587,0.049866897752940044,0
115,0.82512836705064463,0.049855404480694587,0
116,0.87561623785580978,0.04908578746731776,0
117,0.92213710482174405,0.041660379481294418,0
118,0.95973217114348053,0.075540743277137987,0
119,0.96149771977194975,0.12049648117808011,0
120,0.92500000000000004,0.15669872981077812,0
121,0.87610555618099262,0.14956484431025543,0
122,0.82521782014087408,0.15003168655503726,0
123,0.7745891750864603,0.15024363751540049,0
124,0.72474790465147088,0.15124707114813979,0
125,0.67515937198367415,0.15058850649766858,0
126,0.62518953090460583,0.15006061756044686,0
127,0.5750315186877154,0.15005115075567391,0
128,0.52496768818225836,0.1501870331167483,0
129,0.47493302056476949,0.15041346336461517,0
130,0.42468629064260144,0.15183605825131918,0
131,0.37370250141726002,0.15238528753219258,0
132,0.32445465311669253,0.15019736151096402,0
133,0.27482750345642559,0.15174195471408058,0
134,0.22488190510823258,0.15126797142812887,0
135,0.17410856330508573,0.15047484764150248,0
136,0.12428599429213472,0.1509286471631191,0
137,0.077862895178255842,0.15833962051870565,0
138,0.040523141540410201,0.12424584664654664,0
139,0.039620395193924907,0.078475738796624742,0
140,0.96584936490538897,0.03415063509461097,0
141,0.96708889282721044,0.16533290847303769,0
142,0.033655526161052052,0.034233619743787275,0
143,0.03322985304481374,0.16610414013467042,0
144,0.093357422625612474,0.099999999999999978,0
145,0.90918868234296546,0.099089890492808724,0
146,0.74852905002927084,0.10001099172159925,0
147,0.50004499565443594,0.099744719155494307,0
148,0.1987294463548791,0.10318619606217898,0
149,0.25,0.10000000000000003,0
150,0.60056597445073379,0.099378190608480077,0
151,0.65131780037293541,0.099796794527352128,0
152,0.34999999999999998,0.099999999999999978,0
153,0.40011208696381423,0.10279533952103792,0
154,0.15000000000000002,0.099999999999999978,0
155,0.80059289897661579,0.10004036236268395,0
156,0.85225339713467163,0.099614285389022061,0
157,0.44990784587748717,0.10064120566128934,0
158,0.29963848792012937,0.10268777925400606,0
159,0.55000000000000004,0.10000000000000001,0
160,0.69999999999999996,0.10000000000000001,0
161,0.92213710482174416,0.041660379481294418,0.10000000000000001
162,0.87571400570786528,0.049071352836880862,0.10000000000000001
163,0.82515770793737864,0.050462867367098915,0.10000000000000001
164,0.7748264259731481,0.049762963012774192,0.10000000000000001
165,0.72496854514671427,0.049283115856284421,0.10000000000000001
166,0.67514356027091504,0.050297380324404006,0.10000000000000001
167,0.62492614482752484,0.050613302059531018,0.10000000000000001
168,0.57507053348014947,0.0504089907314903,0.10000000000000001
169,0.52505017165142909,0.0499990698229483,0.10000000000000001
170,0.47497736467460483,0.049914416597993949,0.10000000000000001
171,0.42493474243120433,0.049732063739005287,0.10000000000000001
172,0.37482755785757182,0.049759985709455043,0.10000000000000001
173,0.32490057691049734,0.049177987061767348,0.10000000000000001
174,0.2753233593703126,0.048867587571271437,0.10000000000000001
175,0.22543510999684413,0.049866897752940044,0.10000000000000001
176,0.17487163294935537,0.049855404480694587,0.10000000000000001
177,0.12438376214419022,0.04908578746731776,0.10000000000000001
178,0.077862895178255953,0.041660379481294418,0.10000000000000001
179,0.040267828856519472,0.075540743277137987,0.10000000000000001
180,0.038502280228050245,0.12049648117808011,0.10000000000000001
181,0.074999999999999956,0.15669872981077812,0.10000000000000001
182,0.12389444381900738,0.14956484431025543,0.10000000000000001
183,0.17478217985912592,0.15003168655503726,0.10000000000000001
184,0.2254108249135397,0.15024363751540049,0.10000000000000001
185,0.27525209534852912,0.15124707114813979,0.10000000000000001
186,0.32484062801632585,0.15058850649766858,0.10000000000000001
187,0.37481046909539417,0.15006061756044686,0.10000000000000001
188,0.4249684813122846,0.15005115075567391,0.10000000000000001
189,0.47503231181774164,0.1501870331167483,0.10000000000000001
190,0.52506697943523051,0.15041346336461517,0.10000000000000001
191,0.57531370935739856,0.15183605825131918,0.10000000000000001
192,0.62629749858273998,0.15238528753219258,0.10000000000000001
193,0.67554534688330747,0.15019736151096402,0.10000000000000001
194,0.72517249654357441,0.15174195471408058,0.10000000000000001
195,0.77511809489176742,0.15126797142812887,0.10000000000000001
196,0.82589143669491427,0.15047484764150248,0.10000000000000001
197,0.87571400570786528,0.1509286471631191,0.10000000000000001
198,0.92213710482174416,0.15833962051870565,0.10000000000000001
199,0.95947685845958985,0.12424584664654664,0.10000000000000001
200,0.96037960480607509,0.078475738796624742,0.10000000000000001
201,0.034150635094611026,0.03415063509461097,0.10000000000000001
202,0.032911107172789555,0.16533290847303769,0.10000000000000001
203,0.96634447383894795,0.034233619743787275,0.10000000000000001
204,0.96677014695518626,0.16610414013467042,0.10000000000000001
205,0.90664257737438758,0.099999999999999978,0.10000000000000001
206,0.09081131765703454,0.099089890492808724,0.10000000000000001
207,0.25147094997072916,0.10001099172159925,0.10000000000000001
208,0.49995500434556406,0.099744719155494307,0.10000000000000001
209,0.8012705536451209,0.10318619606217898,0.10000000000000001
210,0.75,0.10000000000000003,0.10000000000000001
211,0.39943402554926621,0.099378190608480077,0.10000000000000001
212,0.34868219962706459,0.099796794527352128,0.10000000000000001
213,0.65000000000000002,0.099999999999999978,0.10000000000000001
214,0.59988791303618583,0.10279533952103792,0.10000000000000001
215,0.84999999999999998,0.099999999999999978,0.10000000000000001
216,0.19940710102338421,0.10004036236268395,0.10000000000000001
217,0.14774660286532837,0.099614285389022061,0.10000000000000001
218,0.55009215412251278,0.10064120566128934,0.10000000000000001
219,0.70036151207987063,0.10268777925400606,0.10000000000000001
220,0.44999999999999996,0.10000000000000001,0.10000000000000001
221,0.30000000000000004,0.10000000000000001,0.10000000000000001
222,1,0.080839900097917486,0.049999999999999989
223,1,0.12155236974053855,0.049999999999999996
224,1,0.16250000000000001,0.050000000000000003
225,1,0.037500000000000006,0.050000000000000003
226,0.22499999999999998,0.20000000000000001,0.050000000000000003
227,0.375,0.20000000000000001,0.049999999999999996
228,0.52500000000000002,0.20000000000000001,0.050000000000000003
229,0.625,0.20000000000000001,0.050000000000000003
230,0.72499999999999998,0.20000000000000001,0.050000000000000003
231,0.77500000000000002,0.20000000000000001,0.050000000000000003
232,0.12634898316287235,0.20000000000000001,0.050000000000000003
233,0.47499999999999998,0.20000000000000001,0.049999999999999989
234,0.17499999999999999,0.20000000000000001,0.050000000000000031
235,0.27500000000000002,0.20000000000000001,0.049999999999999975
236,0.82499999999999996,0.20000000000000001,0.049999999999999982
237,0.87365101683712765,0.20000000000000001,0.050000000000000003
238,0.080839900097917472,0.20000000000000001,0.049999999999999982
239,0.32499999999999996,0.20000000000000001,0.050000000000000017
240,0.42500000000000004,0.20000000000000001,0.05000000000000001
241,0.57499999999999996,0.20000000000000001,0.050000000000000003
242,0.67500000000000004,0.20000000000000001,0.050000000000000003
243,0.91916009990208258,0.20000000000000001,0.05000000000000001
244,0.037499999999999978,0.20000000000000001,0.050000000000000003
245,0.96250000000000002,0.20000000000000001,0.050000000000000003
246,0,0.11916009990208253,0.049999999999999989
247,0,0.078447630259461457,0.049999999999999996
248,0,0.037500000000000006,0.050000000000000003
249,0,0.16250000000000001,0.050000000000000003
250,0.77500000000000002,0,0.050000000000000003
251,0.625,0,0.049999999999999996
252,0.47499999999999998,0,0.050000000000000003
253,0.375,0,0.050000000000000003
254,0.27500000000000002,0,0.050000000000000003
255,0.22499999999999998,0,0.050000000000000003
256,0.87365101683712765,0,0.050000000000000003
257,0.52500000000000002,0,0.049999999999999989
258,0.82499999999999996,0,0.050000000000000031
259,0.72499999999999998,0,0.049999999999999975
260,0.17500000000000004,0,0.049999999999999982
261,0.12634898316287235,0,0.050000000000000003
262,0.91916009990208258,0,0.049999999999999982
263,0.67500000000000004,0,0.050000000000000017
264,0.57499999999999996,0,0.05000000000000001
265,0.42500000000000004,0,0.050000000000000003
266,0.32499999999999996,0,0.050000000000000003
267,0.080839900097917416,0,0.05000000000000001
268,0.96250000000000002,0,0.050000000000000003
269,0.037499999999999978,0,0.050000000000000003
270,0.94757046813403634,0.14648533043756201,0.062749890836790403
271,0.96000602418650749,0.10138261007272374,0.066370398725738688
272,0.89657723475184625,0.14256470834571069,0.045270359229098805
273,0.94993280419849757,0.052103258790362046,0.050857762074534942
274,0.85280407930495628,0.15460500745923933,0.060406937437055691
275,0.86768645516024145,0.088624973719301808,0.054326724792460535
276,0.79999419832982221,0.15527657246519547,0.067058964505488039
277,0.84102647574777178,0.12123719006132738,0.037035943352226222
278,0.85023611665730769,0.032715883972564058,0.054535169334414796
279,0.75476860712671634,0.15767191775823486,0.034445358170642933
280,0.77457037469744894,0.11676499719989455,0.045039888259434745
281,0.81309852593949716,0.075682876986497449,0.052170027787940471
282,0.74704410663606546,0.049721898765395574,0.043888171891994905
283,0.72437783639828757,0.11813567384882447,0.045527002747392104
284,0.699938601385663,0.16769167097466151,0.044794519459349084
285,0.67550905001980421,0.11733383167658448,0.045152640557273326
286,0.69951035705784093,0.073287407015464129,0.046914451738605492
287,0.64515794999764697,0.078788580867191399,0.045256077317340923
288,0.63257014840710468,0.035133980653548058,0.064738072760537987
289,0.64045866168629972,0.16308243156880453,0.043916253342176803
290,0.62570173568461696,0.1168086381985917,0.045211664890440949
291,0.59293223793273564,0.032198108597517289,0.031414911800506838
292,0.59740784219724574,0.08155598772587673,0.050312608101763336
293,0.53255598117482228,0.033496295060699413,0.040730580198180981
294,0.5752286244659377,0.11688766009298303,0.045125926958608571
295,0.58280312992981276,0.16492139674220035,0.035105055566626589
296,0.53278945078467732,0.16502984239153712,0.035067614175536325
297,0.52498792242671743,0.11708803772538078,0.044965449127595529
298,0.48608933365682039,0.033060629611325915,0.039588554746516708
299,0.47496943461435281,0.083014896813982719,0.045044198707575769
300,0.48274360775650688,0.16505001256097207,0.035077038670209254
301,0.5499940107638005,0.067387971698389115,0.054854587121241645
302,0.4391787413824273,0.037359833778407375,0.04345741381480011
303,0.4292097161255311,0.12313479681079287,0.042405499737312252
304,0.44743983082588989,0.15786659976494488,0.061836940269497542
305,0.39947091132385448,0.16836926156513632,0.044749263024403081
306,0.34999999999999998,0.15533621460400182,0.032941997810288212
307,0.37429826431538304,0.1168086381985917,0.054788335109559057
308,0.39976000230626774,0.066593033239542923,0.054975739937358568
309,0.38244758414757901,0.035019548334210462,0.035287452415599649
310,0.30000000000000004,0.15537971364712067,0.067071992492934912
311,0.32499831862147494,0.11832758726101474,0.045854071857527538
312,0.3537135702425106,0.068513657675105075,0.046714662938592728
313,0.33940287158553284,0.029850996027477705,0.062107656590603008
314,0.3007432441071447,0.074556087010154065,0.048828456382398057
315,0.27454557604181995,0.1195849068078894,0.046015243149934743
316,0.24988987383138972,0.16804077491593714,0.044729728388293422
317,0.22425105134810658,0.083490596434883449,0.045843736281977028
318,0.25008332642671743,0.032511637144994332,0.045211975305291537
319,0.19996860512081227,0.032900853261757304,0.045343448930039984
320,0.17499569592498881,0.083173185657273732,0.04659090025444973
321,0.19915464608305961,0.13532990162780864,0.046256486696186455
322,0.14897391863849957,0.16247634217348994,0.051612995733667157
323,0.12267850016126636,0.11733415652348325,0.046995716513301075
324,0.14976388334269236,0.032715883972564072,0.04546483066558521
325,0.10487922202746625,0.064557571768193975,0.048652154779325288
326,0.052716086390224515,0.10067260913624909,0.046160130291377749
327,0.046739041573874374,0.046587032249821421,0.049352871282693431
328,0.046280899331037129,0.15200177857306979,0.048294185366506572
329,0.95701705444611096,0.11846623760856692,0.029873193174998106
330,0.91802306857027727,0.083027775895698513,0.0520484844604771
331,0.89983464891562714,0.042307076484169204,0.048079942584893176
332,0.81649495733724831,0.16507742372496509,0.034803792055336014
333,0.73362533226099791,0.16550214184725479,0.065334978843406541
334,0.79039982681530163,0.03219194983385959,0.042259283624220274
335,0.68394802052105952,0.034047650181258299,0.037405911447489247
336,0.47710093391491398,0.12091348420412004,0.054425913158282768
337,0.36647188677358511,0.16531012717990889,0.065245308932174603
338,0.29746328191120147,0.030954050880712375,0.043772633696847994
339,0.18799118657727715,0.17298738009311052,0.075238697662546816
340,0.097584933759720216,0.16362654835280976,0.044670891414233756
341,0.085617455876832005,0.11768544625205679,0.063836023897439365
342,0.34328148753991239,0.032226629257033304,0.02659034420875394
343,0.39378403455029987,0.027273365108234263,0.073455590378262464
