evaluation_schema_version,metric_contract,case_name,mesh,element_type,stiffness_model,kernel,nodes,elements,dofs,mode,numeric_backend,threads,strategy_label,assemblies_per_symbolic,symbolic_builds,symbolic_csr_ms,symbolic_plan_ms,symbolic_total_ms,symbolic_temporary_bytes,numeric_ms,direct_generate_ms,direct_bucket_merge_ms,direct_sort_reduce_ms,amortized_total_ms,symbolic_gain_vs_direct,serial_direct_baseline_ms,speedup_vs_serial_direct,rel_l2,max_abs,matrix_correctness_status,matrix_correctness_reference_strategy,csr_bytes,plan_bytes,symbolic_persistent_bytes,common_output_matrix_bytes,numeric_backend_extra_bytes,direct_transient_bytes,estimated_peak_bytes,delta_vs_serial_symbolic_serial_numeric_bytes,delta_vs_serial_direct_bytes,isolated_peak_rss_mb,isolated_memory_metric,isolated_memory_measurement_source,isolated_peak_working_set_mb,isolated_peak_private_bytes_mb,memory_reference_strategy,time_scope,speedup_baseline_strategy,platform,cpu_model,physical_cores,logical_cores
pgsa-basic-metrics-v1,correctness_memory_time_v1,3d-WindTurbineHub,3d-WindTurbineHub,Tet4,linear_elastic_solid,linear_elastic_solid,228384,1113684,685152,symbolic_reuse_serial,cpu_serial,1,serial_symbolic_serial_numeric,1,1,2137.333559,1366.384794,3503.718353,0,698.151144,0,0,0,4201.869497,0,0,0,0,0,PASS,serial_symbolic_serial_numeric,332767012,699393556,1032160568,332767012,0,0,1364927580,0,0,2890.457031,process_ru_maxrss,resource.getrusage(RUSAGE_CHILDREN).ru_maxrss,,,direct_no_symbolic_serial,mesh_ready_to_matrix_assembled,direct_no_symbolic_serial,Linux;x86_64;GCC 13.3;OpenMP 201511,Intel(R) Core(TM) Ultra 7 265KF,20,20
pgsa-basic-metrics-v1,correctness_memory_time_v1,3d-WindTurbineHub,3d-WindTurbineHub,Tet4,linear_elastic_solid,linear_elastic_solid,228384,1113684,685152,parallel_symbolic_reuse,cpu_atomic,1,parallel_symbolic_parallel_numeric,1,1,2087.00469,1505.025672,3592.030362,149752608,1249.655019,0,0,0,4841.685381,0,0,0,0,0,PASS,serial_symbolic_serial_numeric,332767012,699393556,1032160568,332767012,0,0,1514680188,149752608,0,3120.992188,process_ru_maxrss,resource.getrusage(RUSAGE_CHILDREN).ru_maxrss,,,direct_no_symbolic_serial,mesh_ready_to_matrix_assembled,direct_no_symbolic_serial,Linux;x86_64;GCC 13.3;OpenMP 201511,Intel(R) Core(TM) Ultra 7 265KF,20,20
pgsa-basic-metrics-v1,correctness_memory_time_v1,3d-WindTurbineHub,3d-WindTurbineHub,Tet4,linear_elastic_solid,linear_elastic_solid,228384,1113684,685152,parallel_symbolic_reuse,cpu_private_csr,1,parallel_symbolic_parallel_numeric,1,1,2079.733972,1499.407554,3579.141526,149752608,734.28854,0,0,0,4313.430066,0,0,0,0,0,PASS,serial_symbolic_serial_numeric,332767012,699393556,1032160568,332767012,0,0,1514680188,149752608,0,3225.945312,process_ru_maxrss,resource.getrusage(RUSAGE_CHILDREN).ru_maxrss,,,direct_no_symbolic_serial,mesh_ready_to_matrix_assembled,direct_no_symbolic_serial,Linux;x86_64;GCC 13.3;OpenMP 201511,Intel(R) Core(TM) Ultra 7 265KF,20,20
pgsa-basic-metrics-v1,correctness_memory_time_v1,3d-WindTurbineHub,3d-WindTurbineHub,Tet4,linear_elastic_solid,linear_elastic_solid,228384,1113684,685152,parallel_symbolic_reuse,cpu_lock_guard,1,parallel_symbolic_parallel_numeric,1,1,2109.199688,1512.973753,3622.173441,149752608,2458.763506,0,0,0,6080.936947,0,0,0,0,0,PASS,serial_symbolic_serial_numeric,332767012,699393556,1032160568,332767012,0,0,1514680188,149752608,0,3960.253906,process_ru_maxrss,resource.getrusage(RUSAGE_CHILDREN).ru_maxrss,,,direct_no_symbolic_serial,mesh_ready_to_matrix_assembled,direct_no_symbolic_serial,Linux;x86_64;GCC 13.3;OpenMP 201511,Intel(R) Core(TM) Ultra 7 265KF,20,20
pgsa-basic-metrics-v1,correctness_memory_time_v1,3d-WindTurbineHub,3d-WindTurbineHub,Tet4,linear_elastic_solid,linear_elastic_solid,228384,1113684,685152,parallel_symbolic_reuse,cpu_graph_coloring,1,parallel_symbolic_parallel_numeric,1,1,2079.772027,1514.991791,3594.763818,149752608,1341.158984,0,0,0,4935.922802,0,0,0,1.225939172e-16,0.0048828125,PASS,serial_symbolic_serial_numeric,332767012,699393556,1032160568,332767012,0,0,1514680188,149752608,0,3016.007812,process_ru_maxrss,resource.getrusage(RUSAGE_CHILDREN).ru_maxrss,,,direct_no_symbolic_serial,mesh_ready_to_matrix_assembled,direct_no_symbolic_serial,Linux;x86_64;GCC 13.3;OpenMP 201511,Intel(R) Core(TM) Ultra 7 265KF,20,20
pgsa-basic-metrics-v1,correctness_memory_time_v1,3d-WindTurbineHub,3d-WindTurbineHub,Tet4,linear_elastic_solid,linear_elastic_solid,228384,1113684,685152,parallel_symbolic_reuse,cpu_row_owner,1,parallel_symbolic_parallel_numeric,1,1,2089.413839,1497.539983,3586.953822,149752608,829.448062,0,0,0,4416.401884,0,0,0,0,0,PASS,serial_symbolic_serial_numeric,332767012,699393556,1032160568,332767012,0,0,1514680188,149752608,0,4956.167969,process_ru_maxrss,resource.getrusage(RUSAGE_CHILDREN).ru_maxrss,,,direct_no_symbolic_serial,mesh_ready_to_matrix_assembled,direct_no_symbolic_serial,Linux;x86_64;GCC 13.3;OpenMP 201511,Intel(R) Core(TM) Ultra 7 265KF,20,20
pgsa-basic-metrics-v1,correctness_memory_time_v1,3d-WindTurbineHub,3d-WindTurbineHub,Tet4,linear_elastic_solid,linear_elastic_solid,228384,1113684,685152,parallel_symbolic_reuse,cpu_atomic,2,parallel_symbolic_parallel_numeric,1,1,1247.929013,888.26746,2136.196473,149752608,658.18969,0,0,0,2794.386163,0,0,0,9.255922978e-18,0.00390625,PASS,serial_symbolic_serial_numeric,332767012,699393556,1032160568,332767012,0,0,1514680188,149752608,0,3340.359375,process_ru_maxrss,resource.getrusage(RUSAGE_CHILDREN).ru_maxrss,,,direct_no_symbolic_serial,mesh_ready_to_matrix_assembled,direct_no_symbolic_serial,Linux;x86_64;GCC 13.3;OpenMP 201511,Intel(R) Core(TM) Ultra 7 265KF,20,20
pgsa-basic-metrics-v1,correctness_memory_time_v1,3d-WindTurbineHub,3d-WindTurbineHub,Tet4,linear_elastic_solid,linear_elastic_solid,228384,1113684,685152,parallel_symbolic_reuse,cpu_private_csr,2,parallel_symbolic_parallel_numeric,1,1,1248.836204,890.766473,2139.602677,149752608,460.186788,0,0,0,2599.789465,0,0,0,8.361934979e-18,0.00390625,PASS,serial_symbolic_serial_numeric,332767012,699393556,1032160568,332767012,0,0,1514680188,149752608,0,3692.773438,process_ru_maxrss,resource.getrusage(RUSAGE_CHILDREN).ru_maxrss,,,direct_no_symbolic_serial,mesh_ready_to_matrix_assembled,direct_no_symbolic_serial,Linux;x86_64;GCC 13.3;OpenMP 201511,Intel(R) Core(TM) Ultra 7 265KF,20,20
pgsa-basic-metrics-v1,correctness_memory_time_v1,3d-WindTurbineHub,3d-WindTurbineHub,Tet4,linear_elastic_solid,linear_elastic_solid,228384,1113684,685152,parallel_symbolic_reuse,cpu_lock_guard,2,parallel_symbolic_parallel_numeric,1,1,1247.555277,892.703284,2140.258561,149752608,1766.195724,0,0,0,3906.454285,0,0,0,8.683801879e-18,0.0048828125,PASS,serial_symbolic_serial_numeric,332767012,699393556,1032160568,332767012,0,0,1514680188,149752608,0,4322.265625,process_ru_maxrss,resource.getrusage(RUSAGE_CHILDREN).ru_maxrss,,,direct_no_symbolic_serial,mesh_ready_to_matrix_assembled,direct_no_symbolic_serial,Linux;x86_64;GCC 13.3;OpenMP 201511,Intel(R) Core(TM) Ultra 7 265KF,20,20
pgsa-basic-metrics-v1,correctness_memory_time_v1,3d-WindTurbineHub,3d-WindTurbineHub,Tet4,linear_elastic_solid,linear_elastic_solid,228384,1113684,685152,parallel_symbolic_reuse,cpu_graph_coloring,2,parallel_symbolic_parallel_numeric,1,1,1242.979777,898.076136,2141.055913,149752608,728.848873,0,0,0,2869.904786,0,0,0,1.225939172e-16,0.0048828125,PASS,serial_symbolic_serial_numeric,332767012,699393556,1032160568,332767012,0,0,1514680188,149752608,0,3340.367188,process_ru_maxrss,resource.getrusage(RUSAGE_CHILDREN).ru_maxrss,,,direct_no_symbolic_serial,mesh_ready_to_matrix_assembled,direct_no_symbolic_serial,Linux;x86_64;GCC 13.3;OpenMP 201511,Intel(R) Core(TM) Ultra 7 265KF,20,20
pgsa-basic-metrics-v1,correctness_memory_time_v1,3d-WindTurbineHub,3d-WindTurbineHub,Tet4,linear_elastic_solid,linear_elastic_solid,228384,1113684,685152,parallel_symbolic_reuse,cpu_row_owner,2,parallel_symbolic_parallel_numeric,1,1,1248.373754,886.676054,2135.049808,149752608,469.901587,0,0,0,2604.951395,0,0,0,0,0,PASS,serial_symbolic_serial_numeric,332767012,699393556,1032160568,332767012,0,0,1514680188,149752608,0,5777.937500,process_ru_maxrss,resource.getrusage(RUSAGE_CHILDREN).ru_maxrss,,,direct_no_symbolic_serial,mesh_ready_to_matrix_assembled,direct_no_symbolic_serial,Linux;x86_64;GCC 13.3;OpenMP 201511,Intel(R) Core(TM) Ultra 7 265KF,20,20
pgsa-basic-metrics-v1,correctness_memory_time_v1,3d-WindTurbineHub,3d-WindTurbineHub,Tet4,linear_elastic_solid,linear_elastic_solid,228384,1113684,685152,parallel_symbolic_reuse,cpu_atomic,3,parallel_symbolic_parallel_numeric,1,1,925.023785,686.97911,1612.002895,149752608,461.558862,0,0,0,2073.561757,0,0,0,1.416206159e-17,0.005859375,PASS,serial_symbolic_serial_numeric,332767012,699393556,1032160568,332767012,0,0,1514680188,149752608,0,3478.011719,process_ru_maxrss,resource.getrusage(RUSAGE_CHILDREN).ru_maxrss,,,direct_no_symbolic_serial,mesh_ready_to_matrix_assembled,direct_no_symbolic_serial,Linux;x86_64;GCC 13.3;OpenMP 201511,Intel(R) Core(TM) Ultra 7 265KF,20,20
pgsa-basic-metrics-v1,correctness_memory_time_v1,3d-WindTurbineHub,3d-WindTurbineHub,Tet4,linear_elastic_solid,linear_elastic_solid,228384,1113684,685152,parallel_symbolic_reuse,cpu_private_csr,3,parallel_symbolic_parallel_numeric,1,1,915.019711,685.624215,1600.643926,149752608,353.121825,0,0,0,1953.765751,0,0,0,1.295314281e-17,0.00390625,PASS,serial_symbolic_serial_numeric,332767012,699393556,1032160568,332767012,0,0,1514680188,149752608,0,4040.605469,process_ru_maxrss,resource.getrusage(RUSAGE_CHILDREN).ru_maxrss,,,direct_no_symbolic_serial,mesh_ready_to_matrix_assembled,direct_no_symbolic_serial,Linux;x86_64;GCC 13.3;OpenMP 201511,Intel(R) Core(TM) Ultra 7 265KF,20,20
pgsa-basic-metrics-v1,correctness_memory_time_v1,3d-WindTurbineHub,3d-WindTurbineHub,Tet4,linear_elastic_solid,linear_elastic_solid,228384,1113684,685152,parallel_symbolic_reuse,cpu_lock_guard,3,parallel_symbolic_parallel_numeric,1,1,919.102557,688.437068,1607.539625,149752608,1285.502866,0,0,0,2893.042491,0,0,0,1.400936504e-17,0.005859375,PASS,serial_symbolic_serial_numeric,332767012,699393556,1032160568,332767012,0,0,1514680188,149752608,0,4460.292969,process_ru_maxrss,resource.getrusage(RUSAGE_CHILDREN).ru_maxrss,,,direct_no_symbolic_serial,mesh_ready_to_matrix_assembled,direct_no_symbolic_serial,Linux;x86_64;GCC 13.3;OpenMP 201511,Intel(R) Core(TM) Ultra 7 265KF,20,20
pgsa-basic-metrics-v1,correctness_memory_time_v1,3d-WindTurbineHub,3d-WindTurbineHub,Tet4,linear_elastic_solid,linear_elastic_solid,228384,1113684,685152,parallel_symbolic_reuse,cpu_graph_coloring,3,parallel_symbolic_parallel_numeric,1,1,928.020201,686.246371,1614.266572,149752608,549.40292,0,0,0,2163.669492,0,0,0,1.225939172e-16,0.0048828125,PASS,serial_symbolic_serial_numeric,332767012,699393556,1032160568,332767012,0,0,1514680188,149752608,0,3478.179688,process_ru_maxrss,resource.getrusage(RUSAGE_CHILDREN).ru_maxrss,,,direct_no_symbolic_serial,mesh_ready_to_matrix_assembled,direct_no_symbolic_serial,Linux;x86_64;GCC 13.3;OpenMP 201511,Intel(R) Core(TM) Ultra 7 265KF,20,20
pgsa-basic-metrics-v1,correctness_memory_time_v1,3d-WindTurbineHub,3d-WindTurbineHub,Tet4,linear_elastic_solid,linear_elastic_solid,228384,1113684,685152,parallel_symbolic_reuse,cpu_row_owner,3,parallel_symbolic_parallel_numeric,1,1,931.457314,685.144809,1616.602123,149752608,353.722121,0,0,0,1970.324244,0,0,0,0,0,PASS,serial_symbolic_serial_numeric,332767012,699393556,1032160568,332767012,0,0,1514680188,149752608,0,5609.445312,process_ru_maxrss,resource.getrusage(RUSAGE_CHILDREN).ru_maxrss,,,direct_no_symbolic_serial,mesh_ready_to_matrix_assembled,direct_no_symbolic_serial,Linux;x86_64;GCC 13.3;OpenMP 201511,Intel(R) Core(TM) Ultra 7 265KF,20,20
pgsa-basic-metrics-v1,correctness_memory_time_v1,3d-WindTurbineHub,3d-WindTurbineHub,Tet4,linear_elastic_solid,linear_elastic_solid,228384,1113684,685152,parallel_symbolic_reuse,cpu_atomic,4,parallel_symbolic_parallel_numeric,1,1,739.879365,581.997497,1321.876862,149752608,360.213712,0,0,0,1682.090574,0,0,0,1.74193878e-17,0.005859375,PASS,serial_symbolic_serial_numeric,332767012,699393556,1032160568,332767012,0,0,1514680188,149752608,0,3442.281250,process_ru_maxrss,resource.getrusage(RUSAGE_CHILDREN).ru_maxrss,,,direct_no_symbolic_serial,mesh_ready_to_matrix_assembled,direct_no_symbolic_serial,Linux;x86_64;GCC 13.3;OpenMP 201511,Intel(R) Core(TM) Ultra 7 265KF,20,20
pgsa-basic-metrics-v1,correctness_memory_time_v1,3d-WindTurbineHub,3d-WindTurbineHub,Tet4,linear_elastic_solid,linear_elastic_solid,228384,1113684,685152,parallel_symbolic_reuse,cpu_private_csr,4,parallel_symbolic_parallel_numeric,1,1,753.634144,581.172335,1334.806479,149752608,316.463248,0,0,0,1651.269727,0,0,0,1.596975678e-17,0.005859375,PASS,serial_symbolic_serial_numeric,332767012,699393556,1032160568,332767012,0,0,1514680188,149752608,0,4319.574219,process_ru_maxrss,resource.getrusage(RUSAGE_CHILDREN).ru_maxrss,,,direct_no_symbolic_serial,mesh_ready_to_matrix_assembled,direct_no_symbolic_serial,Linux;x86_64;GCC 13.3;OpenMP 201511,Intel(R) Core(TM) Ultra 7 265KF,20,20
pgsa-basic-metrics-v1,correctness_memory_time_v1,3d-WindTurbineHub,3d-WindTurbineHub,Tet4,linear_elastic_solid,linear_elastic_solid,228384,1113684,685152,parallel_symbolic_reuse,cpu_lock_guard,4,parallel_symbolic_parallel_numeric,1,1,745.870284,581.771127,1327.641411,149752608,1050.297487,0,0,0,2377.938898,0,0,0,1.708891843e-17,0.005859375,PASS,serial_symbolic_serial_numeric,332767012,699393556,1032160568,332767012,0,0,1514680188,149752608,0,4529.402344,process_ru_maxrss,resource.getrusage(RUSAGE_CHILDREN).ru_maxrss,,,direct_no_symbolic_serial,mesh_ready_to_matrix_assembled,direct_no_symbolic_serial,Linux;x86_64;GCC 13.3;OpenMP 201511,Intel(R) Core(TM) Ultra 7 265KF,20,20
pgsa-basic-metrics-v1,correctness_memory_time_v1,3d-WindTurbineHub,3d-WindTurbineHub,Tet4,linear_elastic_solid,linear_elastic_solid,228384,1113684,685152,parallel_symbolic_reuse,cpu_graph_coloring,4,parallel_symbolic_parallel_numeric,1,1,754.639106,583.310647,1337.949753,149752608,435.204478,0,0,0,1773.154231,0,0,0,1.225939172e-16,0.0048828125,PASS,serial_symbolic_serial_numeric,332767012,699393556,1032160568,332767012,0,0,1514680188,149752608,0,3547.164062,process_ru_maxrss,resource.getrusage(RUSAGE_CHILDREN).ru_maxrss,,,direct_no_symbolic_serial,mesh_ready_to_matrix_assembled,direct_no_symbolic_serial,Linux;x86_64;GCC 13.3;OpenMP 201511,Intel(R) Core(TM) Ultra 7 265KF,20,20
pgsa-basic-metrics-v1,correctness_memory_time_v1,3d-WindTurbineHub,3d-WindTurbineHub,Tet4,linear_elastic_solid,linear_elastic_solid,228384,1113684,685152,parallel_symbolic_reuse,cpu_row_owner,4,parallel_symbolic_parallel_numeric,1,1,739.40602,581.965016,1321.371036,149752608,285.291877,0,0,0,1606.662913,0,0,0,0,0,PASS,serial_symbolic_serial_numeric,332767012,699393556,1032160568,332767012,0,0,1514680188,149752608,0,5421.164062,process_ru_maxrss,resource.getrusage(RUSAGE_CHILDREN).ru_maxrss,,,direct_no_symbolic_serial,mesh_ready_to_matrix_assembled,direct_no_symbolic_serial,Linux;x86_64;GCC 13.3;OpenMP 201511,Intel(R) Core(TM) Ultra 7 265KF,20,20
pgsa-basic-metrics-v1,correctness_memory_time_v1,3d-WindTurbineHub,3d-WindTurbineHub,Tet4,linear_elastic_solid,linear_elastic_solid,228384,1113684,685152,parallel_symbolic_reuse,cpu_atomic,5,parallel_symbolic_parallel_numeric,1,1,653.878957,520.139895,1174.018852,149752608,300.271579,0,0,0,1474.290431,0,0,0,9.15553819e-17,0.005859375,PASS,serial_symbolic_serial_numeric,332767012,699393556,1032160568,332767012,0,0,1514680188,149752608,0,3487.890625,process_ru_maxrss,resource.getrusage(RUSAGE_CHILDREN).ru_maxrss,,,direct_no_symbolic_serial,mesh_ready_to_matrix_assembled,direct_no_symbolic_serial,Linux;x86_64;GCC 13.3;OpenMP 201511,Intel(R) Core(TM) Ultra 7 265KF,20,20
pgsa-basic-metrics-v1,correctness_memory_time_v1,3d-WindTurbineHub,3d-WindTurbineHub,Tet4,linear_elastic_solid,linear_elastic_solid,228384,1113684,685152,parallel_symbolic_reuse,cpu_private_csr,5,parallel_symbolic_parallel_numeric,1,1,659.649274,522.970009,1182.619283,149752608,285.150004,0,0,0,1467.769287,0,0,0,6.920675397e-17,0.005859375,PASS,serial_symbolic_serial_numeric,332767012,699393556,1032160568,332767012,0,0,1514680188,149752608,0,4575.136719,process_ru_maxrss,resource.getrusage(RUSAGE_CHILDREN).ru_maxrss,,,direct_no_symbolic_serial,mesh_ready_to_matrix_assembled,direct_no_symbolic_serial,Linux;x86_64;GCC 13.3;OpenMP 201511,Intel(R) Core(TM) Ultra 7 265KF,20,20
pgsa-basic-metrics-v1,correctness_memory_time_v1,3d-WindTurbineHub,3d-WindTurbineHub,Tet4,linear_elastic_solid,linear_elastic_solid,228384,1113684,685152,parallel_symbolic_reuse,cpu_lock_guard,5,parallel_symbolic_parallel_numeric,1,1,662.5345,522.307312,1184.841812,149752608,916.994856,0,0,0,2101.836668,0,0,0,9.155133096e-17,0.005859375,PASS,serial_symbolic_serial_numeric,332767012,699393556,1032160568,332767012,0,0,1514680188,149752608,0,4575.003906,process_ru_maxrss,resource.getrusage(RUSAGE_CHILDREN).ru_maxrss,,,direct_no_symbolic_serial,mesh_ready_to_matrix_assembled,direct_no_symbolic_serial,Linux;x86_64;GCC 13.3;OpenMP 201511,Intel(R) Core(TM) Ultra 7 265KF,20,20
pgsa-basic-metrics-v1,correctness_memory_time_v1,3d-WindTurbineHub,3d-WindTurbineHub,Tet4,linear_elastic_solid,linear_elastic_solid,228384,1113684,685152,parallel_symbolic_reuse,cpu_graph_coloring,5,parallel_symbolic_parallel_numeric,1,1,653.674711,523.873073,1177.547784,149752608,355.263356,0,0,0,1532.81114,0,0,0,1.225939172e-16,0.0048828125,PASS,serial_symbolic_serial_numeric,332767012,699393556,1032160568,332767012,0,0,1514680188,149752608,0,3593.031250,process_ru_maxrss,resource.getrusage(RUSAGE_CHILDREN).ru_maxrss,,,direct_no_symbolic_serial,mesh_ready_to_matrix_assembled,direct_no_symbolic_serial,Linux;x86_64;GCC 13.3;OpenMP 201511,Intel(R) Core(TM) Ultra 7 265KF,20,20
pgsa-basic-metrics-v1,correctness_memory_time_v1,3d-WindTurbineHub,3d-WindTurbineHub,Tet4,linear_elastic_solid,linear_elastic_solid,228384,1113684,685152,parallel_symbolic_reuse,cpu_row_owner,5,parallel_symbolic_parallel_numeric,1,1,655.365417,523.722527,1179.087944,149752608,255.108304,0,0,0,1434.196248,0,0,0,0,0,PASS,serial_symbolic_serial_numeric,332767012,699393556,1032160568,332767012,0,0,1514680188,149752608,0,5359.371094,process_ru_maxrss,resource.getrusage(RUSAGE_CHILDREN).ru_maxrss,,,direct_no_symbolic_serial,mesh_ready_to_matrix_assembled,direct_no_symbolic_serial,Linux;x86_64;GCC 13.3;OpenMP 201511,Intel(R) Core(TM) Ultra 7 265KF,20,20
pgsa-basic-metrics-v1,correctness_memory_time_v1,3d-WindTurbineHub,3d-WindTurbineHub,Tet4,linear_elastic_solid,linear_elastic_solid,228384,1113684,685152,parallel_symbolic_reuse,cpu_atomic,6,parallel_symbolic_parallel_numeric,1,1,591.737032,481.203636,1072.940668,149752608,255.700058,0,0,0,1328.640726,0,0,0,1.510781476e-17,0.0048828125,PASS,serial_symbolic_serial_numeric,332767012,699393556,1032160568,332767012,0,0,1514680188,149752608,0,3511.160156,process_ru_maxrss,resource.getrusage(RUSAGE_CHILDREN).ru_maxrss,,,direct_no_symbolic_serial,mesh_ready_to_matrix_assembled,direct_no_symbolic_serial,Linux;x86_64;GCC 13.3;OpenMP 201511,Intel(R) Core(TM) Ultra 7 265KF,20,20
pgsa-basic-metrics-v1,correctness_memory_time_v1,3d-WindTurbineHub,3d-WindTurbineHub,Tet4,linear_elastic_solid,linear_elastic_solid,228384,1113684,685152,parallel_symbolic_reuse,cpu_private_csr,6,parallel_symbolic_parallel_numeric,1,1,572.66607,480.619507,1053.285577,149752608,274.461492,0,0,0,1327.747069,0,0,0,1.405209813e-17,0.00390625,PASS,serial_symbolic_serial_numeric,332767012,699393556,1032160568,332767012,0,0,1514680188,149752608,0,4807.949219,process_ru_maxrss,resource.getrusage(RUSAGE_CHILDREN).ru_maxrss,,,direct_no_symbolic_serial,mesh_ready_to_matrix_assembled,direct_no_symbolic_serial,Linux;x86_64;GCC 13.3;OpenMP 201511,Intel(R) Core(TM) Ultra 7 265KF,20,20
pgsa-basic-metrics-v1,correctness_memory_time_v1,3d-WindTurbineHub,3d-WindTurbineHub,Tet4,linear_elastic_solid,linear_elastic_solid,228384,1113684,685152,parallel_symbolic_reuse,cpu_lock_guard,6,parallel_symbolic_parallel_numeric,1,1,572.517213,479.284157,1051.80137,149752608,812.949711,0,0,0,1864.751081,0,0,0,1.488444371e-17,0.0048828125,PASS,serial_symbolic_serial_numeric,332767012,699393556,1032160568,332767012,0,0,1514680188,149752608,0,4598.187500,process_ru_maxrss,resource.getrusage(RUSAGE_CHILDREN).ru_maxrss,,,direct_no_symbolic_serial,mesh_ready_to_matrix_assembled,direct_no_symbolic_serial,Linux;x86_64;GCC 13.3;OpenMP 201511,Intel(R) Core(TM) Ultra 7 265KF,20,20
pgsa-basic-metrics-v1,correctness_memory_time_v1,3d-WindTurbineHub,3d-WindTurbineHub,Tet4,linear_elastic_solid,linear_elastic_solid,228384,1113684,685152,parallel_symbolic_reuse,cpu_graph_coloring,6,parallel_symbolic_parallel_numeric,1,1,570.59444,483.921142,1054.515582,149752608,309.489029,0,0,0,1364.004611,0,0,0,1.225939172e-16,0.0048828125,PASS,serial_symbolic_serial_numeric,332767012,699393556,1032160568,332767012,0,0,1514680188,149752608,0,3511.035156,process_ru_maxrss,resource.getrusage(RUSAGE_CHILDREN).ru_maxrss,,,direct_no_symbolic_serial,mesh_ready_to_matrix_assembled,direct_no_symbolic_serial,Linux;x86_64;GCC 13.3;OpenMP 201511,Intel(R) Core(TM) Ultra 7 265KF,20,20
pgsa-basic-metrics-v1,correctness_memory_time_v1,3d-WindTurbineHub,3d-WindTurbineHub,Tet4,linear_elastic_solid,linear_elastic_solid,228384,1113684,685152,parallel_symbolic_reuse,cpu_row_owner,6,parallel_symbolic_parallel_numeric,1,1,585.972697,481.621333,1067.59403,149752608,215.032663,0,0,0,1282.626693,0,0,0,0,0,PASS,serial_symbolic_serial_numeric,332767012,699393556,1032160568,332767012,0,0,1514680188,149752608,0,5346.445312,process_ru_maxrss,resource.getrusage(RUSAGE_CHILDREN).ru_maxrss,,,direct_no_symbolic_serial,mesh_ready_to_matrix_assembled,direct_no_symbolic_serial,Linux;x86_64;GCC 13.3;OpenMP 201511,Intel(R) Core(TM) Ultra 7 265KF,20,20
pgsa-basic-metrics-v1,correctness_memory_time_v1,3d-WindTurbineHub,3d-WindTurbineHub,Tet4,linear_elastic_solid,linear_elastic_solid,228384,1113684,685152,parallel_symbolic_reuse,cpu_atomic,7,parallel_symbolic_parallel_numeric,1,1,537.454202,452.346271,989.800473,149752608,224.728448,0,0,0,1214.528921,0,0,0,1.091615673e-16,0.005859375,PASS,serial_symbolic_serial_numeric,332767012,699393556,1032160568,332767012,0,0,1514680188,149752608,0,3535.210938,process_ru_maxrss,resource.getrusage(RUSAGE_CHILDREN).ru_maxrss,,,direct_no_symbolic_serial,mesh_ready_to_matrix_assembled,direct_no_symbolic_serial,Linux;x86_64;GCC 13.3;OpenMP 201511,Intel(R) Core(TM) Ultra 7 265KF,20,20
pgsa-basic-metrics-v1,correctness_memory_time_v1,3d-WindTurbineHub,3d-WindTurbineHub,Tet4,linear_elastic_solid,linear_elastic_solid,228384,1113684,685152,parallel_symbolic_reuse,cpu_private_csr,7,parallel_symbolic_parallel_numeric,1,1,538.196444,451.394808,989.591252,149752608,269.515057,0,0,0,1259.106309,0,0,0,8.265713991e-17,0.005859375,PASS,serial_symbolic_serial_numeric,332767012,699393556,1032160568,332767012,0,0,1514680188,149752608,0,5042.015625,process_ru_maxrss,resource.getrusage(RUSAGE_CHILDREN).ru_maxrss,,,direct_no_symbolic_serial,mesh_ready_to_matrix_assembled,direct_no_symbolic_serial,Linux;x86_64;GCC 13.3;OpenMP 201511,Intel(R) Core(TM) Ultra 7 265KF,20,20
pgsa-basic-metrics-v1,correctness_memory_time_v1,3d-WindTurbineHub,3d-WindTurbineHub,Tet4,linear_elastic_solid,linear_elastic_solid,228384,1113684,685152,parallel_symbolic_reuse,cpu_lock_guard,7,parallel_symbolic_parallel_numeric,1,1,529.614875,450.86732,980.482195,149752608,734.641331,0,0,0,1715.123526,0,0,0,1.091523438e-16,0.005859375,PASS,serial_symbolic_serial_numeric,332767012,699393556,1032160568,332767012,0,0,1514680188,149752608,0,4622.324219,process_ru_maxrss,resource.getrusage(RUSAGE_CHILDREN).ru_maxrss,,,direct_no_symbolic_serial,mesh_ready_to_matrix_assembled,direct_no_symbolic_serial,Linux;x86_64;GCC 13.3;OpenMP 201511,Intel(R) Core(TM) Ultra 7 265KF,20,20
pgsa-basic-metrics-v1,correctness_memory_time_v1,3d-WindTurbineHub,3d-WindTurbineHub,Tet4,linear_elastic_solid,linear_elastic_solid,228384,1113684,685152,parallel_symbolic_reuse,cpu_graph_coloring,7,parallel_symbolic_parallel_numeric,1,1,536.128596,449.360241,985.488837,149752608,272.631632,0,0,0,1258.120469,0,0,0,1.225939172e-16,0.0048828125,PASS,serial_symbolic_serial_numeric,332767012,699393556,1032160568,332767012,0,0,1514680188,149752608,0,3535.367188,process_ru_maxrss,resource.getrusage(RUSAGE_CHILDREN).ru_maxrss,,,direct_no_symbolic_serial,mesh_ready_to_matrix_assembled,direct_no_symbolic_serial,Linux;x86_64;GCC 13.3;OpenMP 201511,Intel(R) Core(TM) Ultra 7 265KF,20,20
pgsa-basic-metrics-v1,correctness_memory_time_v1,3d-WindTurbineHub,3d-WindTurbineHub,Tet4,linear_elastic_solid,linear_elastic_solid,228384,1113684,685152,parallel_symbolic_reuse,cpu_row_owner,7,parallel_symbolic_parallel_numeric,1,1,535.297215,449.705764,985.002979,149752608,200.716054,0,0,0,1185.719033,0,0,0,0,0,PASS,serial_symbolic_serial_numeric,332767012,699393556,1032160568,332767012,0,0,1514680188,149752608,0,5370.378906,process_ru_maxrss,resource.getrusage(RUSAGE_CHILDREN).ru_maxrss,,,direct_no_symbolic_serial,mesh_ready_to_matrix_assembled,direct_no_symbolic_serial,Linux;x86_64;GCC 13.3;OpenMP 201511,Intel(R) Core(TM) Ultra 7 265KF,20,20
pgsa-basic-metrics-v1,correctness_memory_time_v1,3d-WindTurbineHub,3d-WindTurbineHub,Tet4,linear_elastic_solid,linear_elastic_solid,228384,1113684,685152,parallel_symbolic_reuse,cpu_atomic,8,parallel_symbolic_parallel_numeric,1,1,499.797318,428.090869,927.888187,149752608,199.969505,0,0,0,1127.857692,0,0,0,9.830831151e-17,0.0068359375,PASS,serial_symbolic_serial_numeric,332767012,699393556,1032160568,332767012,0,0,1514680188,149752608,0,3551.347656,process_ru_maxrss,resource.getrusage(RUSAGE_CHILDREN).ru_maxrss,,,direct_no_symbolic_serial,mesh_ready_to_matrix_assembled,direct_no_symbolic_serial,Linux;x86_64;GCC 13.3;OpenMP 201511,Intel(R) Core(TM) Ultra 7 265KF,20,20
pgsa-basic-metrics-v1,correctness_memory_time_v1,3d-WindTurbineHub,3d-WindTurbineHub,Tet4,linear_elastic_solid,linear_elastic_solid,228384,1113684,685152,parallel_symbolic_reuse,cpu_private_csr,8,parallel_symbolic_parallel_numeric,1,1,499.496162,425.639684,925.135846,149752608,269.86397,0,0,0,1194.999816,0,0,0,7.388096298e-17,0.005859375,PASS,serial_symbolic_serial_numeric,332767012,699393556,1032160568,332767012,0,0,1514680188,149752608,0,5338.804688,process_ru_maxrss,resource.getrusage(RUSAGE_CHILDREN).ru_maxrss,,,direct_no_symbolic_serial,mesh_ready_to_matrix_assembled,direct_no_symbolic_serial,Linux;x86_64;GCC 13.3;OpenMP 201511,Intel(R) Core(TM) Ultra 7 265KF,20,20
pgsa-basic-metrics-v1,correctness_memory_time_v1,3d-WindTurbineHub,3d-WindTurbineHub,Tet4,linear_elastic_solid,linear_elastic_solid,228384,1113684,685152,parallel_symbolic_reuse,cpu_lock_guard,8,parallel_symbolic_parallel_numeric,1,1,519.277687,429.579603,948.85729,149752608,684.710167,0,0,0,1633.567457,0,0,0,9.832168833e-17,0.0078125,PASS,serial_symbolic_serial_numeric,332767012,699393556,1032160568,332767012,0,0,1514680188,149752608,0,4709.402344,process_ru_maxrss,resource.getrusage(RUSAGE_CHILDREN).ru_maxrss,,,direct_no_symbolic_serial,mesh_ready_to_matrix_assembled,direct_no_symbolic_serial,Linux;x86_64;GCC 13.3;OpenMP 201511,Intel(R) Core(TM) Ultra 7 265KF,20,20
pgsa-basic-metrics-v1,correctness_memory_time_v1,3d-WindTurbineHub,3d-WindTurbineHub,Tet4,linear_elastic_solid,linear_elastic_solid,228384,1113684,685152,parallel_symbolic_reuse,cpu_graph_coloring,8,parallel_symbolic_parallel_numeric,1,1,503.72994,428.400446,932.130386,149752608,241.874886,0,0,0,1174.005272,0,0,0,1.225939172e-16,0.0048828125,PASS,serial_symbolic_serial_numeric,332767012,699393556,1032160568,332767012,0,0,1514680188,149752608,0,3551.195312,process_ru_maxrss,resource.getrusage(RUSAGE_CHILDREN).ru_maxrss,,,direct_no_symbolic_serial,mesh_ready_to_matrix_assembled,direct_no_symbolic_serial,Linux;x86_64;GCC 13.3;OpenMP 201511,Intel(R) Core(TM) Ultra 7 265KF,20,20
pgsa-basic-metrics-v1,correctness_memory_time_v1,3d-WindTurbineHub,3d-WindTurbineHub,Tet4,linear_elastic_solid,linear_elastic_solid,228384,1113684,685152,parallel_symbolic_reuse,cpu_row_owner,8,parallel_symbolic_parallel_numeric,1,1,498.587505,427.484046,926.071551,149752608,182.938802,0,0,0,1109.010353,0,0,0,0,0,PASS,serial_symbolic_serial_numeric,332767012,699393556,1032160568,332767012,0,0,1514680188,149752608,0,5386.546875,process_ru_maxrss,resource.getrusage(RUSAGE_CHILDREN).ru_maxrss,,,direct_no_symbolic_serial,mesh_ready_to_matrix_assembled,direct_no_symbolic_serial,Linux;x86_64;GCC 13.3;OpenMP 201511,Intel(R) Core(TM) Ultra 7 265KF,20,20
pgsa-basic-metrics-v1,correctness_memory_time_v1,3d-WindTurbineHub,3d-WindTurbineHub,Tet4,linear_elastic_solid,linear_elastic_solid,228384,1113684,685152,parallel_symbolic_reuse,cpu_atomic,9,parallel_symbolic_parallel_numeric,1,1,524.323584,458.1248,982.448384,149752608,223.620572,0,0,0,1206.068956,0,0,0,1.164033487e-16,0.0068359375,PASS,serial_symbolic_serial_numeric,332767012,699393556,1032160568,332767012,0,0,1514680188,149752608,0,3561.042969,process_ru_maxrss,resource.getrusage(RUSAGE_CHILDREN).ru_maxrss,,,direct_no_symbolic_serial,mesh_ready_to_matrix_assembled,direct_no_symbolic_serial,Linux;x86_64;GCC 13.3;OpenMP 201511,Intel(R) Core(TM) Ultra 7 265KF,20,20
pgsa-basic-metrics-v1,correctness_memory_time_v1,3d-WindTurbineHub,3d-WindTurbineHub,Tet4,linear_elastic_solid,linear_elastic_solid,228384,1113684,685152,parallel_symbolic_reuse,cpu_private_csr,9,parallel_symbolic_parallel_numeric,1,1,517.997951,459.750857,977.748808,149752608,298.1492,0,0,0,1275.898008,0,0,0,8.851448216e-17,0.0078125,PASS,serial_symbolic_serial_numeric,332767012,699393556,1032160568,332767012,0,0,1514680188,149752608,0,5487.187500,process_ru_maxrss,resource.getrusage(RUSAGE_CHILDREN).ru_maxrss,,,direct_no_symbolic_serial,mesh_ready_to_matrix_assembled,direct_no_symbolic_serial,Linux;x86_64;GCC 13.3;OpenMP 201511,Intel(R) Core(TM) Ultra 7 265KF,20,20
pgsa-basic-metrics-v1,correctness_memory_time_v1,3d-WindTurbineHub,3d-WindTurbineHub,Tet4,linear_elastic_solid,linear_elastic_solid,228384,1113684,685152,parallel_symbolic_reuse,cpu_lock_guard,9,parallel_symbolic_parallel_numeric,1,1,530.218839,463.899175,994.118014,149752608,642.329669,0,0,0,1636.447683,0,0,0,1.164722803e-16,0.0068359375,PASS,serial_symbolic_serial_numeric,332767012,699393556,1032160568,332767012,0,0,1514680188,149752608,0,4647.976562,process_ru_maxrss,resource.getrusage(RUSAGE_CHILDREN).ru_maxrss,,,direct_no_symbolic_serial,mesh_ready_to_matrix_assembled,direct_no_symbolic_serial,Linux;x86_64;GCC 13.3;OpenMP 201511,Intel(R) Core(TM) Ultra 7 265KF,20,20
pgsa-basic-metrics-v1,correctness_memory_time_v1,3d-WindTurbineHub,3d-WindTurbineHub,Tet4,linear_elastic_solid,linear_elastic_solid,228384,1113684,685152,parallel_symbolic_reuse,cpu_graph_coloring,9,parallel_symbolic_parallel_numeric,1,1,541.532458,460.090687,1001.623145,149752608,241.124971,0,0,0,1242.748116,0,0,0,1.225939172e-16,0.0048828125,PASS,serial_symbolic_serial_numeric,332767012,699393556,1032160568,332767012,0,0,1514680188,149752608,0,3560.910156,process_ru_maxrss,resource.getrusage(RUSAGE_CHILDREN).ru_maxrss,,,direct_no_symbolic_serial,mesh_ready_to_matrix_assembled,direct_no_symbolic_serial,Linux;x86_64;GCC 13.3;OpenMP 201511,Intel(R) Core(TM) Ultra 7 265KF,20,20
pgsa-basic-metrics-v1,correctness_memory_time_v1,3d-WindTurbineHub,3d-WindTurbineHub,Tet4,linear_elastic_solid,linear_elastic_solid,228384,1113684,685152,parallel_symbolic_reuse,cpu_row_owner,9,parallel_symbolic_parallel_numeric,1,1,521.464565,460.475511,981.940076,149752608,201.629236,0,0,0,1183.569312,0,0,0,0,0,PASS,serial_symbolic_serial_numeric,332767012,699393556,1032160568,332767012,0,0,1514680188,149752608,0,5396.367188,process_ru_maxrss,resource.getrusage(RUSAGE_CHILDREN).ru_maxrss,,,direct_no_symbolic_serial,mesh_ready_to_matrix_assembled,direct_no_symbolic_serial,Linux;x86_64;GCC 13.3;OpenMP 201511,Intel(R) Core(TM) Ultra 7 265KF,20,20
pgsa-basic-metrics-v1,correctness_memory_time_v1,3d-WindTurbineHub,3d-WindTurbineHub,Tet4,linear_elastic_solid,linear_elastic_solid,228384,1113684,685152,parallel_symbolic_reuse,cpu_atomic,10,parallel_symbolic_parallel_numeric,1,1,493.789776,445.958619,939.748395,149752608,213.198667,0,0,0,1152.947062,0,0,0,1.282002543e-16,0.005859375,PASS,serial_symbolic_serial_numeric,332767012,699393556,1032160568,332767012,0,0,1514680188,149752608,0,3673.648438,process_ru_maxrss,resource.getrusage(RUSAGE_CHILDREN).ru_maxrss,,,direct_no_symbolic_serial,mesh_ready_to_matrix_assembled,direct_no_symbolic_serial,Linux;x86_64;GCC 13.3;OpenMP 201511,Intel(R) Core(TM) Ultra 7 265KF,20,20
pgsa-basic-metrics-v1,correctness_memory_time_v1,3d-WindTurbineHub,3d-WindTurbineHub,Tet4,linear_elastic_solid,linear_elastic_solid,228384,1113684,685152,parallel_symbolic_reuse,cpu_private_csr,10,parallel_symbolic_parallel_numeric,1,1,496.092067,446.990359,943.082426,149752608,315.528346,0,0,0,1258.610772,0,0,0,9.677662906e-17,0.005859375,PASS,serial_symbolic_serial_numeric,332767012,699393556,1032160568,332767012,0,0,1514680188,149752608,0,5730.578125,process_ru_maxrss,resource.getrusage(RUSAGE_CHILDREN).ru_maxrss,,,direct_no_symbolic_serial,mesh_ready_to_matrix_assembled,direct_no_symbolic_serial,Linux;x86_64;GCC 13.3;OpenMP 201511,Intel(R) Core(TM) Ultra 7 265KF,20,20
pgsa-basic-metrics-v1,correctness_memory_time_v1,3d-WindTurbineHub,3d-WindTurbineHub,Tet4,linear_elastic_solid,linear_elastic_solid,228384,1113684,685152,parallel_symbolic_reuse,cpu_lock_guard,10,parallel_symbolic_parallel_numeric,1,1,490.243358,453.784826,944.028184,149752608,619.637744,0,0,0,1563.665928,0,0,0,1.283109664e-16,0.005859375,PASS,serial_symbolic_serial_numeric,332767012,699393556,1032160568,332767012,0,0,1514680188,149752608,0,4726.886719,process_ru_maxrss,resource.getrusage(RUSAGE_CHILDREN).ru_maxrss,,,direct_no_symbolic_serial,mesh_ready_to_matrix_assembled,direct_no_symbolic_serial,Linux;x86_64;GCC 13.3;OpenMP 201511,Intel(R) Core(TM) Ultra 7 265KF,20,20
pgsa-basic-metrics-v1,correctness_memory_time_v1,3d-WindTurbineHub,3d-WindTurbineHub,Tet4,linear_elastic_solid,linear_elastic_solid,228384,1113684,685152,parallel_symbolic_reuse,cpu_graph_coloring,10,parallel_symbolic_parallel_numeric,1,1,486.146853,444.964628,931.111481,149752608,236.25722,0,0,0,1167.368701,0,0,0,1.225939172e-16,0.0048828125,PASS,serial_symbolic_serial_numeric,332767012,699393556,1032160568,332767012,0,0,1514680188,149752608,0,3673.648438,process_ru_maxrss,resource.getrusage(RUSAGE_CHILDREN).ru_maxrss,,,direct_no_symbolic_serial,mesh_ready_to_matrix_assembled,direct_no_symbolic_serial,Linux;x86_64;GCC 13.3;OpenMP 201511,Intel(R) Core(TM) Ultra 7 265KF,20,20
pgsa-basic-metrics-v1,correctness_memory_time_v1,3d-WindTurbineHub,3d-WindTurbineHub,Tet4,linear_elastic_solid,linear_elastic_solid,228384,1113684,685152,parallel_symbolic_reuse,cpu_row_owner,10,parallel_symbolic_parallel_numeric,1,1,488.036671,446.23424,934.270911,149752608,199.778775,0,0,0,1134.049686,0,0,0,0,0,PASS,serial_symbolic_serial_numeric,332767012,699393556,1032160568,332767012,0,0,1514680188,149752608,0,5513.023438,process_ru_maxrss,resource.getrusage(RUSAGE_CHILDREN).ru_maxrss,,,direct_no_symbolic_serial,mesh_ready_to_matrix_assembled,direct_no_symbolic_serial,Linux;x86_64;GCC 13.3;OpenMP 201511,Intel(R) Core(TM) Ultra 7 265KF,20,20
pgsa-basic-metrics-v1,correctness_memory_time_v1,3d-WindTurbineHub,3d-WindTurbineHub,Tet4,linear_elastic_solid,linear_elastic_solid,228384,1113684,685152,parallel_symbolic_reuse,cpu_atomic,11,parallel_symbolic_parallel_numeric,1,1,471.545486,434.162023,905.707509,149752608,202.895974,0,0,0,1108.603483,0,0,0,1.37242592e-16,0.0068359375,PASS,serial_symbolic_serial_numeric,332767012,699393556,1032160568,332767012,0,0,1514680188,149752608,0,3679.011719,process_ru_maxrss,resource.getrusage(RUSAGE_CHILDREN).ru_maxrss,,,direct_no_symbolic_serial,mesh_ready_to_matrix_assembled,direct_no_symbolic_serial,Linux;x86_64;GCC 13.3;OpenMP 201511,Intel(R) Core(TM) Ultra 7 265KF,20,20
pgsa-basic-metrics-v1,correctness_memory_time_v1,3d-WindTurbineHub,3d-WindTurbineHub,Tet4,linear_elastic_solid,linear_elastic_solid,228384,1113684,685152,parallel_symbolic_reuse,cpu_private_csr,11,parallel_symbolic_parallel_numeric,1,1,459.963521,429.57691,889.540431,149752608,329.565199,0,0,0,1219.10563,0,0,0,1.038038833e-16,0.005859375,PASS,serial_symbolic_serial_numeric,332767012,699393556,1032160568,332767012,0,0,1514680188,149752608,0,5946.019531,process_ru_maxrss,resource.getrusage(RUSAGE_CHILDREN).ru_maxrss,,,direct_no_symbolic_serial,mesh_ready_to_matrix_assembled,direct_no_symbolic_serial,Linux;x86_64;GCC 13.3;OpenMP 201511,Intel(R) Core(TM) Ultra 7 265KF,20,20
pgsa-basic-metrics-v1,correctness_memory_time_v1,3d-WindTurbineHub,3d-WindTurbineHub,Tet4,linear_elastic_solid,linear_elastic_solid,228384,1113684,685152,parallel_symbolic_reuse,cpu_lock_guard,11,parallel_symbolic_parallel_numeric,1,1,474.40063,432.398253,906.798883,149752608,601.116725,0,0,0,1507.915608,0,0,0,1.372698182e-16,0.0068359375,PASS,serial_symbolic_serial_numeric,332767012,699393556,1032160568,332767012,0,0,1514680188,149752608,0,4732.304688,process_ru_maxrss,resource.getrusage(RUSAGE_CHILDREN).ru_maxrss,,,direct_no_symbolic_serial,mesh_ready_to_matrix_assembled,direct_no_symbolic_serial,Linux;x86_64;GCC 13.3;OpenMP 201511,Intel(R) Core(TM) Ultra 7 265KF,20,20
pgsa-basic-metrics-v1,correctness_memory_time_v1,3d-WindTurbineHub,3d-WindTurbineHub,Tet4,linear_elastic_solid,linear_elastic_solid,228384,1113684,685152,parallel_symbolic_reuse,cpu_graph_coloring,11,parallel_symbolic_parallel_numeric,1,1,461.461897,433.861021,895.322918,149752608,227.649566,0,0,0,1122.972484,0,0,0,1.225939172e-16,0.0048828125,PASS,serial_symbolic_serial_numeric,332767012,699393556,1032160568,332767012,0,0,1514680188,149752608,0,3679.035156,process_ru_maxrss,resource.getrusage(RUSAGE_CHILDREN).ru_maxrss,,,direct_no_symbolic_serial,mesh_ready_to_matrix_assembled,direct_no_symbolic_serial,Linux;x86_64;GCC 13.3;OpenMP 201511,Intel(R) Core(TM) Ultra 7 265KF,20,20
pgsa-basic-metrics-v1,correctness_memory_time_v1,3d-WindTurbineHub,3d-WindTurbineHub,Tet4,linear_elastic_solid,linear_elastic_solid,228384,1113684,685152,parallel_symbolic_reuse,cpu_row_owner,11,parallel_symbolic_parallel_numeric,1,1,461.103738,432.540886,893.644624,149752608,189.413234,0,0,0,1083.057858,0,0,0,0,0,PASS,serial_symbolic_serial_numeric,332767012,699393556,1032160568,332767012,0,0,1514680188,149752608,0,5518.378906,process_ru_maxrss,resource.getrusage(RUSAGE_CHILDREN).ru_maxrss,,,direct_no_symbolic_serial,mesh_ready_to_matrix_assembled,direct_no_symbolic_serial,Linux;x86_64;GCC 13.3;OpenMP 201511,Intel(R) Core(TM) Ultra 7 265KF,20,20
pgsa-basic-metrics-v1,correctness_memory_time_v1,3d-WindTurbineHub,3d-WindTurbineHub,Tet4,linear_elastic_solid,linear_elastic_solid,228384,1113684,685152,parallel_symbolic_reuse,cpu_atomic,12,parallel_symbolic_parallel_numeric,1,1,439.612708,421.393832,861.00654,149752608,191.538149,0,0,0,1052.544689,0,0,0,1.947872821e-17,0.005859375,PASS,serial_symbolic_serial_numeric,332767012,699393556,1032160568,332767012,0,0,1514680188,149752608,0,3684.125000,process_ru_maxrss,resource.getrusage(RUSAGE_CHILDREN).ru_maxrss,,,direct_no_symbolic_serial,mesh_ready_to_matrix_assembled,direct_no_symbolic_serial,Linux;x86_64;GCC 13.3;OpenMP 201511,Intel(R) Core(TM) Ultra 7 265KF,20,20
pgsa-basic-metrics-v1,correctness_memory_time_v1,3d-WindTurbineHub,3d-WindTurbineHub,Tet4,linear_elastic_solid,linear_elastic_solid,228384,1113684,685152,parallel_symbolic_reuse,cpu_private_csr,12,parallel_symbolic_parallel_numeric,1,1,458.782406,420.706802,879.489208,149752608,343.015949,0,0,0,1222.505157,0,0,0,1.932444198e-17,0.005859375,PASS,serial_symbolic_serial_numeric,332767012,699393556,1032160568,332767012,0,0,1514680188,149752608,0,6160.742188,process_ru_maxrss,resource.getrusage(RUSAGE_CHILDREN).ru_maxrss,,,direct_no_symbolic_serial,mesh_ready_to_matrix_assembled,direct_no_symbolic_serial,Linux;x86_64;GCC 13.3;OpenMP 201511,Intel(R) Core(TM) Ultra 7 265KF,20,20
pgsa-basic-metrics-v1,correctness_memory_time_v1,3d-WindTurbineHub,3d-WindTurbineHub,Tet4,linear_elastic_solid,linear_elastic_solid,228384,1113684,685152,parallel_symbolic_reuse,cpu_lock_guard,12,parallel_symbolic_parallel_numeric,1,1,439.983412,420.264122,860.247534,149752608,599.199057,0,0,0,1459.446591,0,0,0,2.059535618e-17,0.005859375,PASS,serial_symbolic_serial_numeric,332767012,699393556,1032160568,332767012,0,0,1514680188,149752608,0,4666.312500,process_ru_maxrss,resource.getrusage(RUSAGE_CHILDREN).ru_maxrss,,,direct_no_symbolic_serial,mesh_ready_to_matrix_assembled,direct_no_symbolic_serial,Linux;x86_64;GCC 13.3;OpenMP 201511,Intel(R) Core(TM) Ultra 7 265KF,20,20
pgsa-basic-metrics-v1,correctness_memory_time_v1,3d-WindTurbineHub,3d-WindTurbineHub,Tet4,linear_elastic_solid,linear_elastic_solid,228384,1113684,685152,parallel_symbolic_reuse,cpu_graph_coloring,12,parallel_symbolic_parallel_numeric,1,1,440.418726,420.306982,860.725708,149752608,222.307463,0,0,0,1083.033171,0,0,0,1.225939172e-16,0.0048828125,PASS,serial_symbolic_serial_numeric,332767012,699393556,1032160568,332767012,0,0,1514680188,149752608,0,3684.171875,process_ru_maxrss,resource.getrusage(RUSAGE_CHILDREN).ru_maxrss,,,direct_no_symbolic_serial,mesh_ready_to_matrix_assembled,direct_no_symbolic_serial,Linux;x86_64;GCC 13.3;OpenMP 201511,Intel(R) Core(TM) Ultra 7 265KF,20,20
pgsa-basic-metrics-v1,correctness_memory_time_v1,3d-WindTurbineHub,3d-WindTurbineHub,Tet4,linear_elastic_solid,linear_elastic_solid,228384,1113684,685152,parallel_symbolic_reuse,cpu_row_owner,12,parallel_symbolic_parallel_numeric,1,1,470.936269,419.344603,890.280872,149752608,168.607909,0,0,0,1058.888781,0,0,0,0,0,PASS,serial_symbolic_serial_numeric,332767012,699393556,1032160568,332767012,0,0,1514680188,149752608,0,5452.285156,process_ru_maxrss,resource.getrusage(RUSAGE_CHILDREN).ru_maxrss,,,direct_no_symbolic_serial,mesh_ready_to_matrix_assembled,direct_no_symbolic_serial,Linux;x86_64;GCC 13.3;OpenMP 201511,Intel(R) Core(TM) Ultra 7 265KF,20,20
pgsa-basic-metrics-v1,correctness_memory_time_v1,3d-WindTurbineHub,3d-WindTurbineHub,Tet4,linear_elastic_solid,linear_elastic_solid,228384,1113684,685152,parallel_symbolic_reuse,cpu_atomic,13,parallel_symbolic_parallel_numeric,1,1,425.151826,409.262756,834.414582,149752608,180.858697,0,0,0,1015.273279,0,0,0,1.473283073e-16,0.005859375,PASS,serial_symbolic_serial_numeric,332767012,699393556,1032160568,332767012,0,0,1514680188,149752608,0,3583.976562,process_ru_maxrss,resource.getrusage(RUSAGE_CHILDREN).ru_maxrss,,,direct_no_symbolic_serial,mesh_ready_to_matrix_assembled,direct_no_symbolic_serial,Linux;x86_64;GCC 13.3;OpenMP 201511,Intel(R) Core(TM) Ultra 7 265KF,20,20
pgsa-basic-metrics-v1,correctness_memory_time_v1,3d-WindTurbineHub,3d-WindTurbineHub,Tet4,linear_elastic_solid,linear_elastic_solid,228384,1113684,685152,parallel_symbolic_reuse,cpu_private_csr,13,parallel_symbolic_parallel_numeric,1,1,436.961341,409.57906,846.540401,149752608,357.726449,0,0,0,1204.26685,0,0,0,1.128468268e-16,0.0078125,PASS,serial_symbolic_serial_numeric,332767012,699393556,1032160568,332767012,0,0,1514680188,149752608,0,6375.421875,process_ru_maxrss,resource.getrusage(RUSAGE_CHILDREN).ru_maxrss,,,direct_no_symbolic_serial,mesh_ready_to_matrix_assembled,direct_no_symbolic_serial,Linux;x86_64;GCC 13.3;OpenMP 201511,Intel(R) Core(TM) Ultra 7 265KF,20,20
pgsa-basic-metrics-v1,correctness_memory_time_v1,3d-WindTurbineHub,3d-WindTurbineHub,Tet4,linear_elastic_solid,linear_elastic_solid,228384,1113684,685152,parallel_symbolic_reuse,cpu_lock_guard,13,parallel_symbolic_parallel_numeric,1,1,433.738334,409.45068,843.189014,149752608,588.461633,0,0,0,1431.650647,0,0,0,1.484241776e-16,0.005859375,PASS,serial_symbolic_serial_numeric,332767012,699393556,1032160568,332767012,0,0,1514680188,149752608,0,4741.992188,process_ru_maxrss,resource.getrusage(RUSAGE_CHILDREN).ru_maxrss,,,direct_no_symbolic_serial,mesh_ready_to_matrix_assembled,direct_no_symbolic_serial,Linux;x86_64;GCC 13.3;OpenMP 201511,Intel(R) Core(TM) Ultra 7 265KF,20,20
pgsa-basic-metrics-v1,correctness_memory_time_v1,3d-WindTurbineHub,3d-WindTurbineHub,Tet4,linear_elastic_solid,linear_elastic_solid,228384,1113684,685152,parallel_symbolic_reuse,cpu_graph_coloring,13,parallel_symbolic_parallel_numeric,1,1,433.195804,409.190446,842.38625,149752608,216.008297,0,0,0,1058.394547,0,0,0,1.225939172e-16,0.0048828125,PASS,serial_symbolic_serial_numeric,332767012,699393556,1032160568,332767012,0,0,1514680188,149752608,0,3584.011719,process_ru_maxrss,resource.getrusage(RUSAGE_CHILDREN).ru_maxrss,,,direct_no_symbolic_serial,mesh_ready_to_matrix_assembled,direct_no_symbolic_serial,Linux;x86_64;GCC 13.3;OpenMP 201511,Intel(R) Core(TM) Ultra 7 265KF,20,20
pgsa-basic-metrics-v1,correctness_memory_time_v1,3d-WindTurbineHub,3d-WindTurbineHub,Tet4,linear_elastic_solid,linear_elastic_solid,228384,1113684,685152,parallel_symbolic_reuse,cpu_row_owner,13,parallel_symbolic_parallel_numeric,1,1,434.855982,411.275426,846.131408,149752608,167.115921,0,0,0,1013.247329,0,0,0,0,0,PASS,serial_symbolic_serial_numeric,332767012,699393556,1032160568,332767012,0,0,1514680188,149752608,0,5528.062500,process_ru_maxrss,resource.getrusage(RUSAGE_CHILDREN).ru_maxrss,,,direct_no_symbolic_serial,mesh_ready_to_matrix_assembled,direct_no_symbolic_serial,Linux;x86_64;GCC 13.3;OpenMP 201511,Intel(R) Core(TM) Ultra 7 265KF,20,20
pgsa-basic-metrics-v1,correctness_memory_time_v1,3d-WindTurbineHub,3d-WindTurbineHub,Tet4,linear_elastic_solid,linear_elastic_solid,228384,1113684,685152,parallel_symbolic_reuse,cpu_atomic,14,parallel_symbolic_parallel_numeric,1,1,414.563011,399.543175,814.106186,149752608,171.685293,0,0,0,985.791479,0,0,0,1.506317558e-16,0.0068359375,PASS,serial_symbolic_serial_numeric,332767012,699393556,1032160568,332767012,0,0,1514680188,149752608,0,3587.847656,process_ru_maxrss,resource.getrusage(RUSAGE_CHILDREN).ru_maxrss,,,direct_no_symbolic_serial,mesh_ready_to_matrix_assembled,direct_no_symbolic_serial,Linux;x86_64;GCC 13.3;OpenMP 201511,Intel(R) Core(TM) Ultra 7 265KF,20,20
pgsa-basic-metrics-v1,correctness_memory_time_v1,3d-WindTurbineHub,3d-WindTurbineHub,Tet4,linear_elastic_solid,linear_elastic_solid,228384,1113684,685152,parallel_symbolic_reuse,cpu_private_csr,14,parallel_symbolic_parallel_numeric,1,1,429.595155,395.802443,825.397598,149752608,375.890319,0,0,0,1201.287917,0,0,0,1.157088542e-16,0.005859375,PASS,serial_symbolic_serial_numeric,332767012,699393556,1032160568,332767012,0,0,1514680188,149752608,0,6589.132812,process_ru_maxrss,resource.getrusage(RUSAGE_CHILDREN).ru_maxrss,,,direct_no_symbolic_serial,mesh_ready_to_matrix_assembled,direct_no_symbolic_serial,Linux;x86_64;GCC 13.3;OpenMP 201511,Intel(R) Core(TM) Ultra 7 265KF,20,20
pgsa-basic-metrics-v1,correctness_memory_time_v1,3d-WindTurbineHub,3d-WindTurbineHub,Tet4,linear_elastic_solid,linear_elastic_solid,228384,1113684,685152,parallel_symbolic_reuse,cpu_lock_guard,14,parallel_symbolic_parallel_numeric,1,1,414.911001,399.417417,814.328418,149752608,571.959191,0,0,0,1386.287609,0,0,0,1.508063838e-16,0.0068359375,PASS,serial_symbolic_serial_numeric,332767012,699393556,1032160568,332767012,0,0,1514680188,149752608,0,4674.851562,process_ru_maxrss,resource.getrusage(RUSAGE_CHILDREN).ru_maxrss,,,direct_no_symbolic_serial,mesh_ready_to_matrix_assembled,direct_no_symbolic_serial,Linux;x86_64;GCC 13.3;OpenMP 201511,Intel(R) Core(TM) Ultra 7 265KF,20,20
pgsa-basic-metrics-v1,correctness_memory_time_v1,3d-WindTurbineHub,3d-WindTurbineHub,Tet4,linear_elastic_solid,linear_elastic_solid,228384,1113684,685152,parallel_symbolic_reuse,cpu_graph_coloring,14,parallel_symbolic_parallel_numeric,1,1,455.693156,398.740164,854.43332,149752608,213.142533,0,0,0,1067.575853,0,0,0,1.225939172e-16,0.0048828125,PASS,serial_symbolic_serial_numeric,332767012,699393556,1032160568,332767012,0,0,1514680188,149752608,0,3587.867188,process_ru_maxrss,resource.getrusage(RUSAGE_CHILDREN).ru_maxrss,,,direct_no_symbolic_serial,mesh_ready_to_matrix_assembled,direct_no_symbolic_serial,Linux;x86_64;GCC 13.3;OpenMP 201511,Intel(R) Core(TM) Ultra 7 265KF,20,20
pgsa-basic-metrics-v1,correctness_memory_time_v1,3d-WindTurbineHub,3d-WindTurbineHub,Tet4,linear_elastic_solid,linear_elastic_solid,228384,1113684,685152,parallel_symbolic_reuse,cpu_row_owner,14,parallel_symbolic_parallel_numeric,1,1,415.759882,399.003713,814.763595,149752608,173.246619,0,0,0,988.010214,0,0,0,0,0,PASS,serial_symbolic_serial_numeric,332767012,699393556,1032160568,332767012,0,0,1514680188,149752608,0,5461.074219,process_ru_maxrss,resource.getrusage(RUSAGE_CHILDREN).ru_maxrss,,,direct_no_symbolic_serial,mesh_ready_to_matrix_assembled,direct_no_symbolic_serial,Linux;x86_64;GCC 13.3;OpenMP 201511,Intel(R) Core(TM) Ultra 7 265KF,20,20
pgsa-basic-metrics-v1,correctness_memory_time_v1,3d-WindTurbineHub,3d-WindTurbineHub,Tet4,linear_elastic_solid,linear_elastic_solid,228384,1113684,685152,parallel_symbolic_reuse,cpu_atomic,15,parallel_symbolic_parallel_numeric,1,1,424.290454,389.940477,814.230931,149752608,164.953847,0,0,0,979.184778,0,0,0,1.501520299e-16,0.009765625,PASS,serial_symbolic_serial_numeric,332767012,699393556,1032160568,332767012,0,0,1514680188,149752608,0,3590.792969,process_ru_maxrss,resource.getrusage(RUSAGE_CHILDREN).ru_maxrss,,,direct_no_symbolic_serial,mesh_ready_to_matrix_assembled,direct_no_symbolic_serial,Linux;x86_64;GCC 13.3;OpenMP 201511,Intel(R) Core(TM) Ultra 7 265KF,20,20
pgsa-basic-metrics-v1,correctness_memory_time_v1,3d-WindTurbineHub,3d-WindTurbineHub,Tet4,linear_elastic_solid,linear_elastic_solid,228384,1113684,685152,parallel_symbolic_reuse,cpu_private_csr,15,parallel_symbolic_parallel_numeric,1,1,422.548703,390.094566,812.643269,149752608,382.54211,0,0,0,1195.185379,0,0,0,1.179049605e-16,0.005859375,PASS,serial_symbolic_serial_numeric,332767012,699393556,1032160568,332767012,0,0,1514680188,149752608,0,6801.949219,process_ru_maxrss,resource.getrusage(RUSAGE_CHILDREN).ru_maxrss,,,direct_no_symbolic_serial,mesh_ready_to_matrix_assembled,direct_no_symbolic_serial,Linux;x86_64;GCC 13.3;OpenMP 201511,Intel(R) Core(TM) Ultra 7 265KF,20,20
pgsa-basic-metrics-v1,correctness_memory_time_v1,3d-WindTurbineHub,3d-WindTurbineHub,Tet4,linear_elastic_solid,linear_elastic_solid,228384,1113684,685152,parallel_symbolic_reuse,cpu_lock_guard,15,parallel_symbolic_parallel_numeric,1,1,426.225486,389.248581,815.474067,149752608,573.070068,0,0,0,1388.544135,0,0,0,1.514129475e-16,0.0078125,PASS,serial_symbolic_serial_numeric,332767012,699393556,1032160568,332767012,0,0,1514680188,149752608,0,4678.011719,process_ru_maxrss,resource.getrusage(RUSAGE_CHILDREN).ru_maxrss,,,direct_no_symbolic_serial,mesh_ready_to_matrix_assembled,direct_no_symbolic_serial,Linux;x86_64;GCC 13.3;OpenMP 201511,Intel(R) Core(TM) Ultra 7 265KF,20,20
pgsa-basic-metrics-v1,correctness_memory_time_v1,3d-WindTurbineHub,3d-WindTurbineHub,Tet4,linear_elastic_solid,linear_elastic_solid,228384,1113684,685152,parallel_symbolic_reuse,cpu_graph_coloring,15,parallel_symbolic_parallel_numeric,1,1,448.541067,389.93674,838.477807,149752608,204.250653,0,0,0,1042.72846,0,0,0,1.225939172e-16,0.0048828125,PASS,serial_symbolic_serial_numeric,332767012,699393556,1032160568,332767012,0,0,1514680188,149752608,0,3591.164062,process_ru_maxrss,resource.getrusage(RUSAGE_CHILDREN).ru_maxrss,,,direct_no_symbolic_serial,mesh_ready_to_matrix_assembled,direct_no_symbolic_serial,Linux;x86_64;GCC 13.3;OpenMP 201511,Intel(R) Core(TM) Ultra 7 265KF,20,20
pgsa-basic-metrics-v1,correctness_memory_time_v1,3d-WindTurbineHub,3d-WindTurbineHub,Tet4,linear_elastic_solid,linear_elastic_solid,228384,1113684,685152,parallel_symbolic_reuse,cpu_row_owner,15,parallel_symbolic_parallel_numeric,1,1,409.952838,393.612428,803.565266,149752608,168.796948,0,0,0,972.362214,0,0,0,0,0,PASS,serial_symbolic_serial_numeric,332767012,699393556,1032160568,332767012,0,0,1514680188,149752608,0,5464.007812,process_ru_maxrss,resource.getrusage(RUSAGE_CHILDREN).ru_maxrss,,,direct_no_symbolic_serial,mesh_ready_to_matrix_assembled,direct_no_symbolic_serial,Linux;x86_64;GCC 13.3;OpenMP 201511,Intel(R) Core(TM) Ultra 7 265KF,20,20
pgsa-basic-metrics-v1,correctness_memory_time_v1,3d-WindTurbineHub,3d-WindTurbineHub,Tet4,linear_elastic_solid,linear_elastic_solid,228384,1113684,685152,parallel_symbolic_reuse,cpu_atomic,16,parallel_symbolic_parallel_numeric,1,1,403.410587,382.00525,785.415837,149752608,159.201757,0,0,0,944.617594,0,0,0,1.508608293e-16,0.0068359375,PASS,serial_symbolic_serial_numeric,332767012,699393556,1032160568,332767012,0,0,1514680188,149752608,0,3594.660156,process_ru_maxrss,resource.getrusage(RUSAGE_CHILDREN).ru_maxrss,,,direct_no_symbolic_serial,mesh_ready_to_matrix_assembled,direct_no_symbolic_serial,Linux;x86_64;GCC 13.3;OpenMP 201511,Intel(R) Core(TM) Ultra 7 265KF,20,20
pgsa-basic-metrics-v1,correctness_memory_time_v1,3d-WindTurbineHub,3d-WindTurbineHub,Tet4,linear_elastic_solid,linear_elastic_solid,228384,1113684,685152,parallel_symbolic_reuse,cpu_private_csr,16,parallel_symbolic_parallel_numeric,1,1,421.448758,381.998646,803.447404,149752608,394.192308,0,0,0,1197.639712,0,0,0,1.194496172e-16,0.005859375,PASS,serial_symbolic_serial_numeric,332767012,699393556,1032160568,332767012,0,0,1514680188,149752608,0,7015.371094,process_ru_maxrss,resource.getrusage(RUSAGE_CHILDREN).ru_maxrss,,,direct_no_symbolic_serial,mesh_ready_to_matrix_assembled,direct_no_symbolic_serial,Linux;x86_64;GCC 13.3;OpenMP 201511,Intel(R) Core(TM) Ultra 7 265KF,20,20
pgsa-basic-metrics-v1,correctness_memory_time_v1,3d-WindTurbineHub,3d-WindTurbineHub,Tet4,linear_elastic_solid,linear_elastic_solid,228384,1113684,685152,parallel_symbolic_reuse,cpu_lock_guard,16,parallel_symbolic_parallel_numeric,1,1,404.191161,382.248834,786.439995,149752608,566.918197,0,0,0,1353.358192,0,0,0,1.503141433e-16,0.0068359375,PASS,serial_symbolic_serial_numeric,332767012,699393556,1032160568,332767012,0,0,1514680188,149752608,0,4681.480469,process_ru_maxrss,resource.getrusage(RUSAGE_CHILDREN).ru_maxrss,,,direct_no_symbolic_serial,mesh_ready_to_matrix_assembled,direct_no_symbolic_serial,Linux;x86_64;GCC 13.3;OpenMP 201511,Intel(R) Core(TM) Ultra 7 265KF,20,20
pgsa-basic-metrics-v1,correctness_memory_time_v1,3d-WindTurbineHub,3d-WindTurbineHub,Tet4,linear_elastic_solid,linear_elastic_solid,228384,1113684,685152,parallel_symbolic_reuse,cpu_graph_coloring,16,parallel_symbolic_parallel_numeric,1,1,405.448396,385.130765,790.579161,149752608,204.403038,0,0,0,994.982199,0,0,0,1.225939172e-16,0.0048828125,PASS,serial_symbolic_serial_numeric,332767012,699393556,1032160568,332767012,0,0,1514680188,149752608,0,3594.460938,process_ru_maxrss,resource.getrusage(RUSAGE_CHILDREN).ru_maxrss,,,direct_no_symbolic_serial,mesh_ready_to_matrix_assembled,direct_no_symbolic_serial,Linux;x86_64;GCC 13.3;OpenMP 201511,Intel(R) Core(TM) Ultra 7 265KF,20,20
pgsa-basic-metrics-v1,correctness_memory_time_v1,3d-WindTurbineHub,3d-WindTurbineHub,Tet4,linear_elastic_solid,linear_elastic_solid,228384,1113684,685152,parallel_symbolic_reuse,cpu_row_owner,16,parallel_symbolic_parallel_numeric,1,1,420.394849,382.646216,803.041065,149752608,161.905997,0,0,0,964.947062,0,0,0,0,0,PASS,serial_symbolic_serial_numeric,332767012,699393556,1032160568,332767012,0,0,1514680188,149752608,0,5467.886719,process_ru_maxrss,resource.getrusage(RUSAGE_CHILDREN).ru_maxrss,,,direct_no_symbolic_serial,mesh_ready_to_matrix_assembled,direct_no_symbolic_serial,Linux;x86_64;GCC 13.3;OpenMP 201511,Intel(R) Core(TM) Ultra 7 265KF,20,20
pgsa-basic-metrics-v1,correctness_memory_time_v1,3d-WindTurbineHub,3d-WindTurbineHub,Tet4,linear_elastic_solid,linear_elastic_solid,228384,1113684,685152,parallel_symbolic_reuse,cpu_atomic,17,parallel_symbolic_parallel_numeric,1,1,422.432225,376.270608,798.702833,149752608,153.607665,0,0,0,952.310498,0,0,0,1.526563499e-16,0.005859375,PASS,serial_symbolic_serial_numeric,332767012,699393556,1032160568,332767012,0,0,1514680188,149752608,0,3598.339844,process_ru_maxrss,resource.getrusage(RUSAGE_CHILDREN).ru_maxrss,,,direct_no_symbolic_serial,mesh_ready_to_matrix_assembled,direct_no_symbolic_serial,Linux;x86_64;GCC 13.3;OpenMP 201511,Intel(R) Core(TM) Ultra 7 265KF,20,20
pgsa-basic-metrics-v1,correctness_memory_time_v1,3d-WindTurbineHub,3d-WindTurbineHub,Tet4,linear_elastic_solid,linear_elastic_solid,228384,1113684,685152,parallel_symbolic_reuse,cpu_private_csr,17,parallel_symbolic_parallel_numeric,1,1,401.669534,375.72783,777.397364,149752608,416.366555,0,0,0,1193.763919,0,0,0,1.262316024e-16,0.005859375,PASS,serial_symbolic_serial_numeric,332767012,699393556,1032160568,332767012,0,0,1514680188,149752608,0,7229.121094,process_ru_maxrss,resource.getrusage(RUSAGE_CHILDREN).ru_maxrss,,,direct_no_symbolic_serial,mesh_ready_to_matrix_assembled,direct_no_symbolic_serial,Linux;x86_64;GCC 13.3;OpenMP 201511,Intel(R) Core(TM) Ultra 7 265KF,20,20
pgsa-basic-metrics-v1,correctness_memory_time_v1,3d-WindTurbineHub,3d-WindTurbineHub,Tet4,linear_elastic_solid,linear_elastic_solid,228384,1113684,685152,parallel_symbolic_reuse,cpu_lock_guard,17,parallel_symbolic_parallel_numeric,1,1,402.935482,376.867357,779.802839,149752608,563.191469,0,0,0,1342.994308,0,0,0,1.523110512e-16,0.005859375,PASS,serial_symbolic_serial_numeric,332767012,699393556,1032160568,332767012,0,0,1514680188,149752608,0,4685.546875,process_ru_maxrss,resource.getrusage(RUSAGE_CHILDREN).ru_maxrss,,,direct_no_symbolic_serial,mesh_ready_to_matrix_assembled,direct_no_symbolic_serial,Linux;x86_64;GCC 13.3;OpenMP 201511,Intel(R) Core(TM) Ultra 7 265KF,20,20
pgsa-basic-metrics-v1,correctness_memory_time_v1,3d-WindTurbineHub,3d-WindTurbineHub,Tet4,linear_elastic_solid,linear_elastic_solid,228384,1113684,685152,parallel_symbolic_reuse,cpu_graph_coloring,17,parallel_symbolic_parallel_numeric,1,1,399.234583,375.781191,775.015774,149752608,201.508452,0,0,0,976.524226,0,0,0,1.225939172e-16,0.0048828125,PASS,serial_symbolic_serial_numeric,332767012,699393556,1032160568,332767012,0,0,1514680188,149752608,0,3598.359375,process_ru_maxrss,resource.getrusage(RUSAGE_CHILDREN).ru_maxrss,,,direct_no_symbolic_serial,mesh_ready_to_matrix_assembled,direct_no_symbolic_serial,Linux;x86_64;GCC 13.3;OpenMP 201511,Intel(R) Core(TM) Ultra 7 265KF,20,20
pgsa-basic-metrics-v1,correctness_memory_time_v1,3d-WindTurbineHub,3d-WindTurbineHub,Tet4,linear_elastic_solid,linear_elastic_solid,228384,1113684,685152,parallel_symbolic_reuse,cpu_row_owner,17,parallel_symbolic_parallel_numeric,1,1,399.852345,376.716728,776.569073,149752608,158.665146,0,0,0,935.234219,0,0,0,0,0,PASS,serial_symbolic_serial_numeric,332767012,699393556,1032160568,332767012,0,0,1514680188,149752608,0,5471.750000,process_ru_maxrss,resource.getrusage(RUSAGE_CHILDREN).ru_maxrss,,,direct_no_symbolic_serial,mesh_ready_to_matrix_assembled,direct_no_symbolic_serial,Linux;x86_64;GCC 13.3;OpenMP 201511,Intel(R) Core(TM) Ultra 7 265KF,20,20
pgsa-basic-metrics-v1,correctness_memory_time_v1,3d-WindTurbineHub,3d-WindTurbineHub,Tet4,linear_elastic_solid,linear_elastic_solid,228384,1113684,685152,parallel_symbolic_reuse,cpu_atomic,18,parallel_symbolic_parallel_numeric,1,1,400.276742,369.333052,769.609794,149752608,148.729992,0,0,0,918.339786,0,0,0,1.486691553e-16,0.0078125,PASS,serial_symbolic_serial_numeric,332767012,699393556,1032160568,332767012,0,0,1514680188,149752608,0,3602.398438,process_ru_maxrss,resource.getrusage(RUSAGE_CHILDREN).ru_maxrss,,,direct_no_symbolic_serial,mesh_ready_to_matrix_assembled,direct_no_symbolic_serial,Linux;x86_64;GCC 13.3;OpenMP 201511,Intel(R) Core(TM) Ultra 7 265KF,20,20
pgsa-basic-metrics-v1,correctness_memory_time_v1,3d-WindTurbineHub,3d-WindTurbineHub,Tet4,linear_elastic_solid,linear_elastic_solid,228384,1113684,685152,parallel_symbolic_reuse,cpu_private_csr,18,parallel_symbolic_parallel_numeric,1,1,430.160895,371.891932,802.052827,149752608,424.481586,0,0,0,1226.534413,0,0,0,1.240682411e-16,0.005859375,PASS,serial_symbolic_serial_numeric,332767012,699393556,1032160568,332767012,0,0,1514680188,149752608,0,7442.785156,process_ru_maxrss,resource.getrusage(RUSAGE_CHILDREN).ru_maxrss,,,direct_no_symbolic_serial,mesh_ready_to_matrix_assembled,direct_no_symbolic_serial,Linux;x86_64;GCC 13.3;OpenMP 201511,Intel(R) Core(TM) Ultra 7 265KF,20,20
pgsa-basic-metrics-v1,correctness_memory_time_v1,3d-WindTurbineHub,3d-WindTurbineHub,Tet4,linear_elastic_solid,linear_elastic_solid,228384,1113684,685152,parallel_symbolic_reuse,cpu_lock_guard,18,parallel_symbolic_parallel_numeric,1,1,472.308675,369.009775,841.31845,149752608,560.089017,0,0,0,1401.407467,0,0,0,1.487220145e-16,0.0078125,PASS,serial_symbolic_serial_numeric,332767012,699393556,1032160568,332767012,0,0,1514680188,149752608,0,4689.089844,process_ru_maxrss,resource.getrusage(RUSAGE_CHILDREN).ru_maxrss,,,direct_no_symbolic_serial,mesh_ready_to_matrix_assembled,direct_no_symbolic_serial,Linux;x86_64;GCC 13.3;OpenMP 201511,Intel(R) Core(TM) Ultra 7 265KF,20,20
pgsa-basic-metrics-v1,correctness_memory_time_v1,3d-WindTurbineHub,3d-WindTurbineHub,Tet4,linear_elastic_solid,linear_elastic_solid,228384,1113684,685152,parallel_symbolic_reuse,cpu_graph_coloring,18,parallel_symbolic_parallel_numeric,1,1,418.888549,370.358457,789.247006,149752608,195.418786,0,0,0,984.665792,0,0,0,1.225939172e-16,0.0048828125,PASS,serial_symbolic_serial_numeric,332767012,699393556,1032160568,332767012,0,0,1514680188,149752608,0,3602.074219,process_ru_maxrss,resource.getrusage(RUSAGE_CHILDREN).ru_maxrss,,,direct_no_symbolic_serial,mesh_ready_to_matrix_assembled,direct_no_symbolic_serial,Linux;x86_64;GCC 13.3;OpenMP 201511,Intel(R) Core(TM) Ultra 7 265KF,20,20
pgsa-basic-metrics-v1,correctness_memory_time_v1,3d-WindTurbineHub,3d-WindTurbineHub,Tet4,linear_elastic_solid,linear_elastic_solid,228384,1113684,685152,parallel_symbolic_reuse,cpu_row_owner,18,parallel_symbolic_parallel_numeric,1,1,439.710957,370.795633,810.50659,149752608,154.729129,0,0,0,965.235719,0,0,0,0,0,PASS,serial_symbolic_serial_numeric,332767012,699393556,1032160568,332767012,0,0,1514680188,149752608,0,5475.519531,process_ru_maxrss,resource.getrusage(RUSAGE_CHILDREN).ru_maxrss,,,direct_no_symbolic_serial,mesh_ready_to_matrix_assembled,direct_no_symbolic_serial,Linux;x86_64;GCC 13.3;OpenMP 201511,Intel(R) Core(TM) Ultra 7 265KF,20,20
pgsa-basic-metrics-v1,correctness_memory_time_v1,3d-WindTurbineHub,3d-WindTurbineHub,Tet4,linear_elastic_solid,linear_elastic_solid,228384,1113684,685152,parallel_symbolic_reuse,cpu_atomic,19,parallel_symbolic_parallel_numeric,1,1,415.718766,368.253581,783.972347,149752608,157.893066,0,0,0,941.865413,0,0,0,1.504365987e-16,0.0068359375,PASS,serial_symbolic_serial_numeric,332767012,699393556,1032160568,332767012,0,0,1514680188,149752608,0,3604.906250,process_ru_maxrss,resource.getrusage(RUSAGE_CHILDREN).ru_maxrss,,,direct_no_symbolic_serial,mesh_ready_to_matrix_assembled,direct_no_symbolic_serial,Linux;x86_64;GCC 13.3;OpenMP 201511,Intel(R) Core(TM) Ultra 7 265KF,20,20
pgsa-basic-metrics-v1,correctness_memory_time_v1,3d-WindTurbineHub,3d-WindTurbineHub,Tet4,linear_elastic_solid,linear_elastic_solid,228384,1113684,685152,parallel_symbolic_reuse,cpu_private_csr,19,parallel_symbolic_parallel_numeric,1,1,411.22029,371.675802,782.896092,149752608,437.444612,0,0,0,1220.340704,0,0,0,1.297871364e-16,0.005859375,PASS,serial_symbolic_serial_numeric,332767012,699393556,1032160568,332767012,0,0,1514680188,149752608,0,7655.296875,process_ru_maxrss,resource.getrusage(RUSAGE_CHILDREN).ru_maxrss,,,direct_no_symbolic_serial,mesh_ready_to_matrix_assembled,direct_no_symbolic_serial,Linux;x86_64;GCC 13.3;OpenMP 201511,Intel(R) Core(TM) Ultra 7 265KF,20,20
pgsa-basic-metrics-v1,correctness_memory_time_v1,3d-WindTurbineHub,3d-WindTurbineHub,Tet4,linear_elastic_solid,linear_elastic_solid,228384,1113684,685152,parallel_symbolic_reuse,cpu_lock_guard,19,parallel_symbolic_parallel_numeric,1,1,437.84929,366.799504,804.648794,149752608,553.817061,0,0,0,1358.465855,0,0,0,1.501874152e-16,0.0068359375,PASS,serial_symbolic_serial_numeric,332767012,699393556,1032160568,332767012,0,0,1514680188,149752608,0,4692.066406,process_ru_maxrss,resource.getrusage(RUSAGE_CHILDREN).ru_maxrss,,,direct_no_symbolic_serial,mesh_ready_to_matrix_assembled,direct_no_symbolic_serial,Linux;x86_64;GCC 13.3;OpenMP 201511,Intel(R) Core(TM) Ultra 7 265KF,20,20
pgsa-basic-metrics-v1,correctness_memory_time_v1,3d-WindTurbineHub,3d-WindTurbineHub,Tet4,linear_elastic_solid,linear_elastic_solid,228384,1113684,685152,parallel_symbolic_reuse,cpu_graph_coloring,19,parallel_symbolic_parallel_numeric,1,1,415.782695,364.104881,779.887576,149752608,197.211624,0,0,0,977.0992,0,0,0,1.225939172e-16,0.0048828125,PASS,serial_symbolic_serial_numeric,332767012,699393556,1032160568,332767012,0,0,1514680188,149752608,0,3605.011719,process_ru_maxrss,resource.getrusage(RUSAGE_CHILDREN).ru_maxrss,,,direct_no_symbolic_serial,mesh_ready_to_matrix_assembled,direct_no_symbolic_serial,Linux;x86_64;GCC 13.3;OpenMP 201511,Intel(R) Core(TM) Ultra 7 265KF,20,20
pgsa-basic-metrics-v1,correctness_memory_time_v1,3d-WindTurbineHub,3d-WindTurbineHub,Tet4,linear_elastic_solid,linear_elastic_solid,228384,1113684,685152,parallel_symbolic_reuse,cpu_row_owner,19,parallel_symbolic_parallel_numeric,1,1,413.133225,365.347469,778.480694,149752608,153.324344,0,0,0,931.805038,0,0,0,0,0,PASS,serial_symbolic_serial_numeric,332767012,699393556,1032160568,332767012,0,0,1514680188,149752608,0,5478.234375,process_ru_maxrss,resource.getrusage(RUSAGE_CHILDREN).ru_maxrss,,,direct_no_symbolic_serial,mesh_ready_to_matrix_assembled,direct_no_symbolic_serial,Linux;x86_64;GCC 13.3;OpenMP 201511,Intel(R) Core(TM) Ultra 7 265KF,20,20
pgsa-basic-metrics-v1,correctness_memory_time_v1,3d-WindTurbineHub,3d-WindTurbineHub,Tet4,linear_elastic_solid,linear_elastic_solid,228384,1113684,685152,parallel_symbolic_reuse,cpu_atomic,20,parallel_symbolic_parallel_numeric,1,1,460.50267,366.983938,827.486608,149752608,144.548532,0,0,0,972.03514,0,0,0,1.487199704e-16,0.005859375,PASS,serial_symbolic_serial_numeric,332767012,699393556,1032160568,332767012,0,0,1514680188,149752608,0,3607.882812,process_ru_maxrss,resource.getrusage(RUSAGE_CHILDREN).ru_maxrss,,,direct_no_symbolic_serial,mesh_ready_to_matrix_assembled,direct_no_symbolic_serial,Linux;x86_64;GCC 13.3;OpenMP 201511,Intel(R) Core(TM) Ultra 7 265KF,20,20
pgsa-basic-metrics-v1,correctness_memory_time_v1,3d-WindTurbineHub,3d-WindTurbineHub,Tet4,linear_elastic_solid,linear_elastic_solid,228384,1113684,685152,parallel_symbolic_reuse,cpu_private_csr,20,parallel_symbolic_parallel_numeric,1,1,419.34007,362.618088,781.958158,149752608,448.972036,0,0,0,1230.930194,0,0,0,1.297996957e-16,0.005859375,PASS,serial_symbolic_serial_numeric,332767012,699393556,1032160568,332767012,0,0,1514680188,149752608,0,7867.886719,process_ru_maxrss,resource.getrusage(RUSAGE_CHILDREN).ru_maxrss,,,direct_no_symbolic_serial,mesh_ready_to_matrix_assembled,direct_no_symbolic_serial,Linux;x86_64;GCC 13.3;OpenMP 201511,Intel(R) Core(TM) Ultra 7 265KF,20,20
pgsa-basic-metrics-v1,correctness_memory_time_v1,3d-WindTurbineHub,3d-WindTurbineHub,Tet4,linear_elastic_solid,linear_elastic_solid,228384,1113684,685152,parallel_symbolic_reuse,cpu_lock_guard,20,parallel_symbolic_parallel_numeric,1,1,451.273674,363.240938,814.514612,149752608,569.103894,0,0,0,1383.618506,0,0,0,1.473078328e-16,0.005859375,PASS,serial_symbolic_serial_numeric,332767012,699393556,1032160568,332767012,0,0,1514680188,149752608,0,4694.871094,process_ru_maxrss,resource.getrusage(RUSAGE_CHILDREN).ru_maxrss,,,direct_no_symbolic_serial,mesh_ready_to_matrix_assembled,direct_no_symbolic_serial,Linux;x86_64;GCC 13.3;OpenMP 201511,Intel(R) Core(TM) Ultra 7 265KF,20,20
pgsa-basic-metrics-v1,correctness_memory_time_v1,3d-WindTurbineHub,3d-WindTurbineHub,Tet4,linear_elastic_solid,linear_elastic_solid,228384,1113684,685152,parallel_symbolic_reuse,cpu_graph_coloring,20,parallel_symbolic_parallel_numeric,1,1,424.075783,363.044372,787.120155,149752608,194.369052,0,0,0,981.489207,0,0,0,1.225939172e-16,0.0048828125,PASS,serial_symbolic_serial_numeric,332767012,699393556,1032160568,332767012,0,0,1514680188,149752608,0,3607.921875,process_ru_maxrss,resource.getrusage(RUSAGE_CHILDREN).ru_maxrss,,,direct_no_symbolic_serial,mesh_ready_to_matrix_assembled,direct_no_symbolic_serial,Linux;x86_64;GCC 13.3;OpenMP 201511,Intel(R) Core(TM) Ultra 7 265KF,20,20
pgsa-basic-metrics-v1,correctness_memory_time_v1,3d-WindTurbineHub,3d-WindTurbineHub,Tet4,linear_elastic_solid,linear_elastic_solid,228384,1113684,685152,parallel_symbolic_reuse,cpu_row_owner,20,parallel_symbolic_parallel_numeric,1,1,458.824792,369.676768,828.50156,149752608,151.759385,0,0,0,980.260945,0,0,0,0,0,PASS,serial_symbolic_serial_numeric,332767012,699393556,1032160568,332767012,0,0,1514680188,149752608,0,5480.906250,process_ru_maxrss,resource.getrusage(RUSAGE_CHILDREN).ru_maxrss,,,direct_no_symbolic_serial,mesh_ready_to_matrix_assembled,direct_no_symbolic_serial,Linux;x86_64;GCC 13.3;OpenMP 201511,Intel(R) Core(TM) Ultra 7 265KF,20,20
