platform,thread_count,measured_sample_count,serial_total_ms_median,serial_total_ms_coefficient_of_variation,parallel_total_ms_median,parallel_total_ms_coefficient_of_variation,symbolic_total_ms_median,symbolic_total_ms_coefficient_of_variation,numeric_total_ms_median,numeric_total_ms_coefficient_of_variation,symbolic_pattern_ms_median,symbolic_pattern_ms_coefficient_of_variation,symbolic_scatter_ms_median,symbolic_scatter_ms_coefficient_of_variation,symbolic_residual_ms_median,symbolic_residual_ms_coefficient_of_variation,numeric_reset_ms_median,numeric_reset_ms_coefficient_of_variation,numeric_kernel_ms_median,numeric_kernel_ms_coefficient_of_variation,numeric_residual_ms_median,numeric_residual_ms_coefficient_of_variation,fixed_residual_ms_median,fixed_residual_ms_coefficient_of_variation,official_total_speedup,candidate_p1_to_p_total_speedup,official_serial_symbolic_ms_median,official_serial_numeric_ms_median,official_symbolic_phase_speedup,official_numeric_phase_speedup,symbolic_total_ms_p1_to_p_speedup,numeric_total_ms_p1_to_p_speedup,symbolic_pattern_ms_p1_to_p_speedup,symbolic_scatter_ms_p1_to_p_speedup,symbolic_residual_ms_p1_to_p_speedup,numeric_reset_ms_p1_to_p_speedup,numeric_kernel_ms_p1_to_p_speedup,numeric_residual_ms_p1_to_p_speedup,fixed_residual_fraction_of_parallel_total_median,fixed_residual_fraction_of_parallel_total_coefficient_of_variation,symbolic_residual_fraction_of_symbolic_total_median,symbolic_residual_fraction_of_symbolic_total_coefficient_of_variation,numeric_residual_fraction_of_numeric_total_median,numeric_residual_fraction_of_numeric_total_coefficient_of_variation
linux,1,7,3634.676867,0.01036403265864923,4108.05023,0.012645761680733378,3537.367644,0.01167547921899487,570.682586,0.01996872985812594,1771.680581,0.012911733805705185,1178.649888,0.011311150196175127,587.0371749999999,0.009709384898002046,6.038518,0.023280272217178693,407.611991,0.023239175310929863,157.05241800000005,0.014621382989941369,744.1728499999999,0.010252431037716982,0.8847693342347472,1.0,3488.228064,147.101985,0.9861084328954755,0.25776497935754433,1.0,1.0,1.0,1.0,1.0,1.0,1.0,1.0,0.18115348534343897,0.0030869600614444204,0.16662896513901634,0.003909811713276058,0.2741061622140338,0.011177828769005438
windows,1,7,3069.4513,0.01961117448852321,3818.0427,0.013830248928497369,3149.9594,0.012846025855477925,672.2327,0.022467936537605804,1542.6835,0.018504643226652146,979.3736,0.019959489475478875,632.8084,0.023743639669824096,1.7552,0.021077494248322712,434.6825,0.01635089852419964,235.79280000000006,0.044901746543324926,866.7718,0.026436641441282466,0.8039332037852799,1.0,2982.6783,84.7985,0.9468942044141901,0.12614456273846839,1.0,1.0,1.0,1.0,1.0,1.0,1.0,1.0,0.22775673193076762,0.017440460649946043,0.2021677875865258,0.017025406849444546,0.34681086090166097,0.02551145431758587
linux,2,7,3628.6076359999997,0.012528139344916398,2682.759348,0.006962320808357806,2308.601177,0.0061334568700740135,374.158171,0.012886507203773684,1015.357276,0.0038107119834369426,701.815326,0.009246426068973069,588.25339,0.009829376048967943,6.047563,0.008569534225615207,214.301573,0.01643143354617461,154.43913599999996,0.008392315074562218,741.5868899999998,0.009245273509673014,1.3548277707837102,1.5312779482298908,3488.228064,147.101985,1.510970408727293,0.3931545437237024,1.5322558435999618,1.5252442155005084,1.7448839170971777,1.6794302494328828,0.9979324981025608,0.9985043562175375,1.9020485257940687,1.016921112534585,0.27737837168330576,0.004295735067794884,0.25546663007991594,0.0056616243043899565,0.41126140466097694,0.004888251380681969
windows,2,7,3054.8995,0.02121859291331276,2690.5386,0.01128600353504111,2184.59,0.018720969699238966,519.9621,0.04599783064776429,951.1541,0.01929925633335851,574.6371,0.05387078178716591,661.9485000000001,0.0141164842310016,1.7588,0.022655584613137072,277.6654,0.07792663732291912,233.4077,0.041471500135959204,893.5596,0.016788960963624176,1.1408315420563007,1.4190625995850794,2982.6783,84.7985,1.3653263541442557,0.16308592491645066,1.4418995784105941,1.2928494211405024,1.6219070074975235,1.7043340918990437,0.9559782974053116,0.9979531498749148,1.5654903347698346,1.0102186003289526,0.33146248152860996,0.009232042613705008,0.3018667584308197,0.008094090698002,0.4752713324934571,0.04647142012327756
linux,3,7,3623.642865,0.011582974413936027,2224.655283,0.006336778866350645,1905.956083,0.007049554952533291,316.738394,0.005220910560921409,765.01274,0.005672886903176139,551.001883,0.006620273757612415,591.755098,0.0100594584956187,5.971714,0.016903711723425637,155.75168,0.008610492090839958,155.631479,0.005195808107828054,748.000275,0.0076643277119476175,1.6338157622778091,1.8466008021072808,3488.228064,147.101985,1.8301723188235706,0.4644273879850512,1.8559544343918652,1.8017474256688943,2.3158837603148936,2.1391031943170327,0.992027237254152,1.0111867380119006,2.617063205995595,1.0091301516192623,0.3356623177689855,0.002050825147668737,0.31027250762822306,0.0034157320140160035,0.49020664172406603,0.004363006301646732
windows,3,7,3065.8981,0.006117011490954306,2220.2267,0.0375078245121023,1789.1171,0.03880543150786192,431.1096,0.04009221604043976,709.4365,0.05173158652283844,423.9111,0.034291602138142994,654.8499000000002,0.047798654242807846,1.7406,0.029783400846844943,191.6755,0.019126504118914707,231.382,0.08375388536508215,886.2319000000002,0.057001469228326454,1.3824945443634202,1.7196634469804366,2982.6783,84.7985,1.667123018387114,0.19669824100414374,1.7606222644677647,1.559308120255267,2.174519495402337,2.310327802220796,0.9663411416875834,1.008387912214179,2.2678041794595556,1.01906284844975,0.4064546650943626,0.031420298600385435,0.3712851459652303,0.030809845073475103,0.5455657077025771,0.04202288411983341
linux,4,7,3617.797093,0.011313300895828503,1982.5902640000002,0.005019475590904519,1693.251403,0.004263444503726683,289.391091,0.015925818353151808,634.065171,0.004424614089767529,469.005259,0.006752202229156096,593.770967,0.006872110572624536,5.959008,0.01472459004716809,127.132856,0.01877277908611016,156.133383,0.017366212140833993,751.264843,0.00787686250918511,1.8332970422576431,2.0720621424377175,3488.228064,147.101985,2.0600768780228202,0.5083155272392266,2.089097719176672,1.9720115917459256,2.7941616446237516,2.5130845878212207,0.9886592771047358,1.0133428248460146,3.206189208869814,1.0058862171711225,0.3780187583736923,0.003824033147653096,0.3505763177268613,0.003582950173043493,0.5391669748894579,0.006935008391725555
windows,4,7,3070.9895,0.010991631836249788,1976.0941,0.036178151538457264,1589.4063,0.036024143547342215,388.6874,0.04751521891646488,591.3394,0.04536998910976773,333.5853,0.05280164880608196,658.9954,0.02292654169502305,1.7814,0.017438967537368334,153.9396,0.07244316914902249,232.38959999999994,0.050171579746724315,891.385,0.026171943122941892,1.5532920724777226,1.9321158339575022,2982.6783,84.7985,1.876599016878189,0.21816632080175483,1.9818465549054385,1.7294944472087337,2.608795388908637,2.9359015520168303,0.9602622415877258,0.9852924665993039,2.823721121790624,1.0146443730700518,0.45541573914249844,0.021071981872467074,0.4162699388533724,0.01968248213069681,0.6121796114075088,0.028892246760383385
linux,5,7,3625.843275,0.017066061282576626,1879.401141,0.006581684858501599,1605.880943,0.00653154570282159,272.540493,0.014986186758115248,587.325186,0.007732648583720809,424.044694,0.014426635523179337,592.870829,0.01046803004601173,6.010232,0.014835618424745619,111.463709,0.021818602097883215,155.966227,0.014531295631629252,750.08317,0.008491668498478827,1.9339548049151685,2.1858293795725645,3488.228064,147.101985,2.172158577013514,0.5397435932575347,2.2027583423411983,2.093936866842022,3.0165241049274534,2.7795416489753317,0.9901603288361485,1.0047063075102591,3.6569031719552774,1.0069642705404422,0.3992041861807086,0.0039389526869307275,0.370272394025297,0.005796679953660044,0.569219694702139,0.007877881527723493
windows,5,7,3106.7999,0.021563337797617113,1827.3582000000001,0.02930529579265388,1466.9002,0.030305505203956678,361.6841,0.03961020724440937,518.7394,0.03618637332496673,272.7443,0.05785885564345889,669.9100000000001,0.02023587099615381,1.7603,0.03340208600603701,124.8735,0.051838175604414206,236.32800000000003,0.04131549118375745,911.3282,0.016394520220920757,1.6797206480918738,2.08937837146543,2982.6783,84.7985,2.033320535371118,0.23445459725766216,2.1473576730032486,1.8586183357244623,2.973908478900966,3.590812346949139,0.9446170381095967,0.9971027665738795,3.480982754547602,0.9977353508682849,0.49789707349111967,0.015336734599922573,0.4604379357232346,0.01724527174285804,0.6503387357195569,0.015700489592899897
linux,6,7,3621.2604079999996,0.015246624309848463,1746.56259,0.009523635647894425,1488.503081,0.007288081863292523,259.438627,0.022953790245093766,505.414121,0.0067458468659009055,388.125285,0.01713700540195471,594.6654000000001,0.004371395930315066,5.977766,0.014378318213485,98.99262,0.026818731592412652,154.738925,0.024235228131667307,748.448666,0.007602155354680831,2.081045871364965,2.352077305171182,3488.228064,147.101985,2.343446989479224,0.5670010927092981,2.376459739420586,2.1996824166048334,3.505403801331463,3.0367768696131194,0.9871722400529774,1.010162994001438,4.117599786731576,1.0149509439851676,0.428367106745034,0.0025214359483689353,0.3993793694624627,0.004281772359152883,0.5958369534877638,0.007377774123118811
windows,6,7,3075.6327,0.012192804779578414,1701.6513,0.0356735725509913,1352.356,0.03203080640264304,346.4071,0.06712575404173118,451.0417,0.03530273498163686,238.8018,0.04496806721044837,663.2778999999999,0.02886675952536006,1.7561,0.042158305787694444,108.9238,0.08099046408364728,235.7397,0.07483322976531818,896.778,0.03614687356237732,1.8038074545589924,2.243728018777995,2982.6783,84.7985,2.205542253666934,0.24479434745996834,2.32923830707299,1.9405858020808464,3.4202680151303086,4.1011985671799795,0.9540622414827934,0.9994875007118046,3.9907026747138827,1.0002252484413956,0.5299506157687556,0.015720195946921076,0.4916820319976476,0.011519697112079893,0.680529229702279,0.024727788867429767
linux,7,7,3639.833156,0.011264649471705468,1700.911213,0.011729387533950579,1449.422011,0.010616133374873347,251.938,0.030935752583031734,485.073712,0.010093311683130048,368.845263,0.01819760263369469,595.5030360000001,0.009438808792389243,6.038808,0.021140936756439462,90.605396,0.0395811936953984,155.628599,0.026858011747638966,750.4198150000001,0.011553958317255935,2.1368998212371713,2.4152055666411787,3488.228064,147.101985,2.406633842681446,0.5838816891457422,2.440536722330761,2.2651707404202623,3.652394547820806,3.1955131493718003,0.9857836812103169,0.9999519772776349,4.498760658802264,1.009148826174295,0.4407977637556533,0.003350650073351684,0.41030431063993933,0.004456811612794733,0.6156369168528606,0.0056385266089878025
windows,7,7,3082.6267000000003,0.012445956556317361,1641.8112,0.03933787245001112,1302.7244,0.03862721870854236,348.2035,0.044329463699003466,424.4613,0.015382395038510454,212.9958,0.07385811563750384,665.6850000000001,0.04487756683347383,1.7675,0.02325128103833721,103.6806,0.09204583808732111,235.6782,0.028885526465550787,900.9174,0.040280624272820746,1.8695519314279254,2.325506550326858,2982.6783,84.7985,2.289569689490732,0.24353144066616217,2.417978353671736,1.9305742188117005,3.63445030206523,4.598088788605222,0.9506123767247271,0.9930410183875531,4.192515282511868,1.0004862562595949,0.5487338617253921,0.0072543739544451554,0.5109944973779565,0.008193309242041067,0.6857890000586364,0.02347228621727211
linux,8,7,3619.70595,0.012290072746752858,1674.24709,0.013494833457090122,1419.683465,0.014214413761255455,247.261791,0.01471074204546029,471.133663,0.011237893144190138,361.209787,0.03308991397676377,591.833837,0.011004876001704116,6.004734,0.010455660886959086,83.844192,0.026868088285411214,156.70403699999997,0.01265745153997965,749.248077,0.010233400305339025,2.1709321692773558,2.4536702225953992,3488.228064,147.101985,2.457046341664619,0.5949240455028493,2.4916593953568373,2.3080095945758154,3.7604627309341723,3.2630618837578726,0.9918952555597119,1.0056262275731114,4.861541166739372,1.0022231782069537,0.4502561046169298,0.008365149156060896,0.41724213865361215,0.008625576062132795,0.6348404177289996,0.008125035862821752
windows,8,7,3081.0533,0.033333054111195276,1606.4061000000002,0.03393072108016223,1272.3449,0.035312996119858595,334.7795,0.04290435538652991,412.1692,0.011342295789241945,196.0665,0.10250951878019883,664.4122,0.03374700853832371,1.801,0.035720575604246844,94.0716,0.09032729735402,238.26069999999999,0.051418105037731976,901.1026,0.03557830726077201,1.91075675073694,2.3767605837652135,2982.6783,84.7985,2.3442372425904328,0.25329657281882556,2.47571189227072,2.0079864507832768,3.7428403189757997,4.99510931240166,0.9524334441781773,0.9745696835091616,4.620762270440813,0.9896420181758891,0.5614951951185213,0.006598402364639246,0.5223260897996028,0.008647065772217669,0.7132247025395346,0.030017088089803825
linux,9,7,3641.1987480000003,0.010625988750778515,1657.346434,0.014819801598242668,1409.014287,0.01260902551547471,249.578344,0.02967617493404046,458.195229,0.01815663728138274,361.118756,0.015941683649073415,593.204976,0.009180148951411575,5.960323,0.012196601647178881,86.928619,0.05973386350722251,155.790117,0.01893673046971841,747.420603,0.010332273149755657,2.193070074207551,2.478691325919853,3488.228064,147.101985,2.4756513089920147,0.5894020396256817,2.5105264557193236,2.286586956438817,3.8666499973529844,3.2638844380600376,0.9896025804746451,1.0131192554497466,4.689042523498504,1.008102574311566,0.4491834596121621,0.005604530238901655,0.42029742657229896,0.005154226804378691,0.6241826157313354,0.01830374435060968
windows,9,7,3073.0953,0.01199003948920424,1554.2624,0.014121098840561603,1226.8148,0.014044781625054095,334.8545,0.03266024537160539,387.9848,0.011962174158404204,177.5715,0.013112531400048453,661.203,0.0184979499259611,1.7971,0.02513919449027024,89.6877,0.08777434822194286,243.29709999999997,0.025087429517897223,903.991,0.0106383680849403,1.974860422538691,2.4564981434280337,2982.6783,84.7985,2.4312376244564375,0.2532398399902047,2.5675916201858664,2.007536706241069,3.9761441685344376,5.515376059784369,0.9570561537077116,0.9766846586166603,4.84662333854029,0.9691558181334676,0.5778354285727528,0.0061621175528526065,0.538155117545437,0.006446371046616476,0.7265755723754646,0.02356215388882823
linux,10,7,3630.751807,0.010468210871615181,1621.259027,0.010833504913488926,1370.57071,0.011515229669188392,248.35772,0.012269052751757966,432.341124,0.01270548518216045,351.410344,0.018950947173465033,594.092751,0.010147051324103712,6.00761,0.004380707858437552,87.602423,0.021480659568960888,155.653948,0.010799258343022578,748.4859490000001,0.008446794971884655,2.2418853535857597,2.5338642139137955,3488.228064,147.101985,2.545091645800602,0.5922988220378251,2.5809450166930827,2.2978250323766862,4.097876613282803,3.3540557588139746,0.9881237803556366,1.005144808001851,4.652976219618948,1.008984481395872,0.46176478101487217,0.006300684535017167,0.4317680324431535,0.006704846077382199,0.625906837640533,0.006732285490059149
windows,10,7,3073.978,0.017700309107802792,1561.5265,0.03339208586087216,1214.251,0.03363196212509215,328.451,0.06635110523708636,364.6079,0.05248405466493233,168.8405,0.035262384140404876,673.7052,0.03173220323714261,1.7961,0.03435828329069843,87.5258,0.07914182516084864,238.4722,0.0826522111581762,932.6707000000001,0.03269789996433702,1.9656735252331614,2.445070704851951,2982.6783,84.7985,2.456393529838559,0.2581770187942798,2.594158374174697,2.04667575985459,4.231075355196638,5.800584575383276,0.9392957038182279,0.9772284393964702,4.966335640462583,0.9887643087957425,0.5918988369505058,0.010619994533016399,0.5565618013848682,0.007228621758033231,0.7247723900738848,0.026791147100345504
linux,11,7,3617.637265,0.011314088049611756,1582.6895140000001,0.009950522312690545,1338.755032,0.009443471557916496,249.706653,0.018257863848767243,405.312531,0.018006767839532173,345.104796,0.008761389512375078,592.622466,0.008451645296975886,5.982891,0.01720005122884783,87.524924,0.023318087239410527,155.949301,0.02035488580548198,746.5072859999999,0.010186819910338495,2.2965192066092124,2.5956134754551736,3488.228064,147.101985,2.6055760618048605,0.5890991819108641,2.6422814924665023,2.2854120190381955,4.371146820032564,3.4153390554444796,0.9905752965497597,1.0092976789983303,4.657096200392016,1.0070735616827167,0.46936627880692894,0.006798866161081043,0.44125387903499735,0.006685100474852503,0.6294352675777642,0.008236498091208926
windows,11,7,3065.4938,0.01146219930585717,1481.287,0.02112402008234488,1155.0172,0.007493316203859095,324.5437,0.09674254358221668,337.9879,0.01129455477768364,157.0431,0.02972061529690627,657.7983999999999,0.00676843281953706,1.7868,0.03155174737495027,83.462,0.07206899042847337,239.29489999999998,0.10721609823498694,896.9876999999999,0.02758123034844107,2.0721516492077496,2.5775171860686013,2982.6783,84.7985,2.5823669985174247,0.2612853061082375,2.7271969629543182,2.0713164359684075,4.5643157639666985,6.236336394276475,0.9620096369951646,0.9823147526304008,5.208148618532985,0.9853649200212795,0.6064638385404043,0.0083277313954345,0.5696770819069183,0.0047795253405694335,0.7410500147011849,0.011918074826196024
linux,12,7,3651.025718,0.01243376996013323,1569.907992,0.011217479894133506,1319.713595,0.009146186373536976,256.614545,0.030581187526717273,390.560659,0.010864335271726611,335.70049,0.013788623352782324,593.452446,0.007324791390872105,6.030542,0.019573860857629244,85.592504,0.06223048318952644,158.04987300000002,0.026549191123523053,749.847718,0.01047632955874109,2.315216487540501,2.6167458544920894,3488.228064,147.101985,2.643170516099745,0.5732410257571331,2.6804055496601897,2.2238902553243816,4.5362494664369155,3.5110162871671706,0.9891899156482707,1.001322600854119,4.762239354511698,0.9936889857545158,0.478366863840331,0.006518001681857858,0.4511320476645813,0.0038987615116871373,0.6344377592145944,0.021181516983698898
windows,12,7,3060.6549,0.013310304996963201,1450.0513,0.01538438205610667,1130.2056,0.016756837862240182,320.2413,0.014632290006815405,316.8226,0.02419400928267141,151.6646,0.02954131409059117,665.1917000000001,0.012824493726764963,1.7904,0.02529552712713116,81.8915,0.03419347930201881,237.3125,0.025096392214396933,909.8875,0.01359777912644533,2.116788075015001,2.633039741421562,2982.6783,84.7985,2.639058150127729,0.2647956400376841,2.7870675919496417,2.09914430150015,4.869234391738468,6.457496343906224,0.951317342053426,0.9803395889186775,5.308029526873974,0.9935962075322625,0.6198327402753419,0.007720497901333741,0.586990831871879,0.006849247995697796,0.7392797619974767,0.013571969966397384
linux,13,7,3634.922743,0.00937814397595933,1540.0367919999999,0.011173704324576181,1296.666618,0.008859701810369141,247.137052,0.026133443132660642,378.362235,0.01264532348826086,325.232606,0.010533543002157489,591.650789,0.007458443955825594,5.983415,0.02890974499311657,85.006762,0.033482777990382136,155.88620799999998,0.02831054191132835,747.1570599999999,0.0116878434443652,2.3601233982726826,2.667501355383203,3488.228064,147.101985,2.6901502788591105,0.5952243251651315,2.728047128610509,2.3091745304139986,4.682498455481426,3.6240212889355874,0.9922021332756136,1.0092092893439615,4.795053727608164,1.007481162156437,0.48565760166948546,0.003492436473174196,0.4573854536840945,0.0036261362006233646,0.6363541113263177,0.010878562350662252
windows,13,7,3050.6255,0.015938646918956724,1450.6607,0.01800569371757532,1115.5195,0.02026647899519671,319.113,0.028580324019270544,309.7926,0.022513058427202356,144.0391,0.03971686798969734,666.7507,0.020564931393556737,1.7418,0.041873879631934965,78.3407,0.02232593916081326,239.5118,0.03506976752391531,913.3856000000001,0.016899865958491904,2.1158988452640926,2.631933642374127,2982.6783,84.7985,2.6738020267686937,0.26573188807726417,2.823760050810407,2.106566326034978,4.979729987094592,6.799359340623484,0.9490929668315308,1.007693190951889,5.54861649181077,0.9844725813091466,0.630438225028536,0.0029458747803175088,0.5974581579593656,0.007703800660514904,0.7505548191393018,0.008501144787135336
linux,14,7,3632.731265,0.014442993222749228,1527.132184,0.011034814690775085,1285.860006,0.007514850745711343,246.479162,0.03097785255769489,371.022971,0.009755557653787423,319.04735,0.01372306917863191,591.054535,0.007938744420663463,6.033837,0.01559382257721106,83.093008,0.055562281296208826,155.597466,0.027091551834325052,746.2443819999999,0.011687264996584073,2.3800669680601794,2.690042337553145,3488.228064,147.101985,2.712758813341613,0.5968130685221983,2.7509741554245055,2.3153380649679423,4.775123697125481,3.694278883682939,0.9932030637409794,1.0007757915899949,4.905490856703611,1.009350743539744,0.4897040467869212,0.004373664281403903,0.46083241211578385,0.0037896801151180736,0.6429922967691534,0.016208615639930354
windows,14,7,3057.0181,0.008287472332979195,1433.9076,0.025289598703947445,1114.8276,0.020550578813474787,322.4976,0.04789607937285982,308.888,0.04624136465451543,139.9072,0.03635197902343552,663.5286000000001,0.011831249612891627,1.8111,0.17139306573663804,74.867,0.06327583295444246,243.01839999999996,0.0562611434681549,907.2266000000001,0.019869211403379897,2.140620009266985,2.662683913524135,2982.6783,84.7985,2.6754614794251594,0.2629430420567471,2.8255125725269092,2.0844579928656835,4.994313472844527,7.0001658242034726,0.9537017695996826,0.9691347799679754,5.806062751278934,0.9702672719431948,0.6298995051819353,0.010928399309598687,0.5974881084124137,0.015094616216541202,0.7615734734271721,0.018287149139213067
linux,15,7,3652.448506,0.008719808328172825,1522.8215340000002,0.009341677344296145,1279.790793,0.009549629711709258,241.075761,0.019172226288554365,368.381748,0.018155645921139933,319.526622,0.006625867622938833,592.8357060000001,0.007909506899792883,6.036536,0.011486577465680473,79.853016,0.0325733850409221,157.035856,0.018741864774569385,748.9526710000001,0.007242668711113975,2.386804222194562,2.697657038779437,3488.228064,147.101985,2.725623659022526,0.6101898606056874,2.7640202315473292,2.3672333694302847,4.809360373087757,3.6887376726938266,0.9902189916340833,1.0003283339981737,5.1045284375983995,1.0001054663592246,0.4927079955693809,0.003944712339862898,0.46369236551607157,0.003140309654195228,0.6471038095859829,0.010194662782459708
windows,15,7,3082.7664999999997,0.013046997428747879,1428.8372,0.03407559638030154,1119.152,0.0421842579723948,311.8695,0.014844366972649287,307.716,0.029985106270946763,134.0191,0.02353045126078225,677.0629000000001,0.05587639091734127,1.765,0.020858774634230387,74.0978,0.057207695317972256,237.4282,0.0075011933575819005,916.4491000000002,0.040371662462743596,2.148216255847762,2.6721327664201353,2982.6783,84.7985,2.6651235042246273,0.2719037930929443,2.8145948003488357,2.155493563814352,5.013335348178191,7.307716586665632,0.9346375351536761,0.9944475920679888,5.866334762975418,0.993112022918929,0.6366950631619247,0.009515463316718162,0.6025657082036624,0.01474738910307753,0.7567521030430997,0.013624240103352671
linux,16,7,3640.933879,0.012746520624698873,1512.3372709999999,0.016140652730258387,1279.169156,0.016182598044754276,238.629065,0.024710966409147855,368.544724,0.01579331560045432,319.576314,0.03284082518568692,592.215275,0.009091481266699336,6.028872,0.026502477317588556,75.870643,0.03554894206334513,154.880899,0.03193245587242956,744.7494550000001,0.012658339970621216,2.403350718584519,2.71635851921023,3488.228064,147.101985,2.726948228573454,0.6164462195751386,2.765363460655551,2.3915049325613373,4.807233601857234,3.6881640984193838,0.9912563889879401,1.0015999676224674,5.372459951341127,1.0140205733180827,0.4940798537974768,0.00805485333475765,0.46450047045932263,0.008127242243387239,0.6490445704927017,0.014651872419723086
windows,16,7,3074.7490000000003,0.012881663009108786,1428.3204,0.024709644491843843,1118.472,0.02213591467061738,309.8484,0.034247721168557,307.5326,0.057374183876347136,134.9343,0.037137301007310004,674.5952,0.01001987173630014,1.7841,0.02226002015084864,73.7453,0.061653737095454526,234.05579999999998,0.030023338058635385,908.0581,0.013618780910769838,2.1489935311432924,2.673099607062953,2982.6783,84.7985,2.666743825504796,0.2736773854568879,2.8163059960374515,2.169553562322736,5.016325098542398,7.258151559684972,0.9380564818723881,0.9838013564262094,5.89437564156631,1.0074213072267386,0.6362433806868543,0.015963252694881313,0.6034006215622743,0.019442262879992043,0.7586844736306481,0.011133240232963743
linux,17,7,3643.279633,0.01015076338850793,1505.794653,0.015728064707755295,1268.819781,0.012237161714696335,237.473413,0.03887199550926919,359.138149,0.014198119347458956,316.936213,0.020922370158527975,595.0209749999999,0.00954549050939877,6.101167,0.01513931790575889,77.270442,0.06155572920441304,155.26820500000002,0.033584532825637635,749.5013409999999,0.013764021693969453,2.4137931820641154,2.728160989159788,3488.228064,147.101985,2.749191111483783,0.6194461230066206,2.787919684868154,2.4031430667988083,4.933145047200207,3.7188867653946502,0.9865823217408429,0.9897316365869021,5.275134714513475,1.0114911678150722,0.4977342670191315,0.006227602444194442,0.4693346491982415,0.005356320896404632,0.6518423570448082,0.014330971175737416
linux,18,7,3670.96114,0.009177277404189313,1494.752598,0.012625685272257969,1262.866642,0.010027163806106949,239.074746,0.03338959959462094,356.749886,0.009350887046197017,311.434801,0.02090505055370956,595.7303199999999,0.007413215420705848,6.073873,0.01449640705897171,76.678338,0.06255337471955838,156.61629,0.022896265181084074,747.902895,0.009022652187451397,2.4316243851077757,2.748314493981565,3488.228064,147.101985,2.7621507671433134,0.6152970460543751,2.801061906582532,2.3870467104877737,4.966169999000364,3.7845798999194056,0.9854075834179467,0.9941791670652317,5.3158688833344305,1.0027846911710145,0.49964894440028595,0.004987117046607917,0.4710174603266328,0.0036999340079118047,0.6517212425297797,0.014595406588165208
linux,19,7,3674.331721,0.008706461767804256,1519.140969,0.012498716121086939,1268.935004,0.007873086272706279,245.965515,0.03947807007576131,360.422644,0.00951876624357714,312.56987,0.008337133005723169,595.556378,0.007765586127597135,6.082726,0.0136529294051514,81.132679,0.09430137038935782,159.03511500000002,0.027068754057295932,754.939193,0.01045280623432367,2.3925869561615385,2.7041929049574596,3488.228064,147.101985,2.7489414769111375,0.5980593864957046,2.787666533628069,2.3201731592333177,4.915564020444842,3.770836542882396,0.9856953878512572,0.9927322059221474,5.024017399943123,0.9875329608809981,0.49818162530247695,0.0058104877884800656,0.470306020821537,0.0029650827220835223,0.644207948737819,0.030492864928397725
linux,20,7,3679.885603,0.012267608627065512,1524.916852,0.010401663315898134,1282.41933,0.009407722143326407,248.851983,0.03871409529487546,365.429595,0.025346429951840294,315.458348,0.012292344244325617,598.133931,0.008361212993546117,6.060828,0.02007235324918526,83.405216,0.08389280639984338,159.09279300000003,0.022137523252897237,755.795839,0.01085799515068763,2.3835246244626065,2.6939503125118587,3488.228064,147.101985,2.720037028761879,0.591122414322895,2.7583549009667534,2.2932611551662823,4.848213185907945,3.736309073678405,0.981447706901617,0.9963189847987767,4.887128294230424,0.9871749375850106,0.4968035823932588,0.008549448287504615,0.46823911832170173,0.010213829129300002,0.6381385877280789,0.023987106579130543
