schema_version,sample_id,sample_kind,round,order_position,thread_count,pid,started_at_utc,ended_at_utc,wall_time_seconds,exit_code,peak_working_set_bytes,peak_working_set_source,symbolic_team_size_observed,numeric_team_size_observed,input_prepare_ms,serial_symbolic_ms,serial_numeric_ms,serial_total_ms,parallel_symbolic_ms,parallel_numeric_ms,parallel_total_ms,estimated_persistent_bytes,relative_frobenius_error,max_absolute_error,structure_matches,matrix_correctness_status,scatter_correctness_status,symbolic_plan_matches_serial,numeric_setup_plan_matches_serial,raw_csv_path,raw_json_path,stdout_log_path,stderr_log_path
csc3-demo-windows-process-benchmark-v1,warmup-r01-o01-p01,warmup,1,1,1,22196,2026-07-26T07:39:29.949587Z,2026-07-26T07:39:45.564878Z,15.615293700000166,0,5150539776,GetProcessMemoryInfo.PeakWorkingSetSize,1,1,1853.9235,2969.0332,83.4539,3052.4871,3146.7249,684.1567,3830.8816,945274680,0.0,0.0,True,PASS,PASS,True,True,raw/warmup-r01-o01-p01/benchmark_samples.csv,raw/warmup-r01-o01-p01/benchmark_summary.json,raw/warmup-r01-o01-p01/stdout.txt,raw/warmup-r01-o01-p01/stderr.txt
csc3-demo-windows-process-benchmark-v1,warmup-r01-o02-p02,warmup,1,2,2,3084,2026-07-26T07:39:45.585195Z,2026-07-26T07:39:59.144443Z,13.559249799999634,0,5150552064,GetProcessMemoryInfo.PeakWorkingSetSize,2,2,1849.8034,2965.4072,88.0911,3053.4983,2233.3943,494.6655,2728.0598,945274680,8.601908484824476e-18,0.00390625,True,PASS,PASS,True,True,raw/warmup-r01-o02-p02/benchmark_samples.csv,raw/warmup-r01-o02-p02/benchmark_summary.json,raw/warmup-r01-o02-p02/stdout.txt,raw/warmup-r01-o02-p02/stderr.txt
csc3-demo-windows-process-benchmark-v1,warmup-r01-o03-p03,warmup,1,3,3,15420,2026-07-26T07:39:59.163386Z,2026-07-26T07:40:11.696457Z,12.533072599999741,0,5150461952,GetProcessMemoryInfo.PeakWorkingSetSize,3,3,1879.8978,2955.0186,84.5181,3039.5366999999997,1756.5091,443.8105,2200.3196,945274680,1.3449786690007556e-17,0.0048828125,True,PASS,PASS,True,True,raw/warmup-r01-o03-p03/benchmark_samples.csv,raw/warmup-r01-o03-p03/benchmark_summary.json,raw/warmup-r01-o03-p03/stdout.txt,raw/warmup-r01-o03-p03/stderr.txt
csc3-demo-windows-process-benchmark-v1,warmup-r01-o04-p04,warmup,1,4,4,14352,2026-07-26T07:40:11.710952Z,2026-07-26T07:40:23.837345Z,12.126394600000367,0,5150482432,GetProcessMemoryInfo.PeakWorkingSetSize,4,4,1899.6433,2957.308,84.2354,3041.5434,1579.7947,389.2773,1969.072,945274680,1.7030123355515836e-17,0.005859375,True,PASS,PASS,True,True,raw/warmup-r01-o04-p04/benchmark_samples.csv,raw/warmup-r01-o04-p04/benchmark_summary.json,raw/warmup-r01-o04-p04/stdout.txt,raw/warmup-r01-o04-p04/stderr.txt
csc3-demo-windows-process-benchmark-v1,warmup-r01-o05-p05,warmup,1,5,5,4468,2026-07-26T07:40:23.851714Z,2026-07-26T07:40:35.734242Z,11.88252999999986,0,5150404608,GetProcessMemoryInfo.PeakWorkingSetSize,5,5,1886.898,2949.6034,90.7373,3040.3406999999997,1423.197,369.9276,1793.1245999999999,945274680,9.143386478816808e-17,0.005859375,True,PASS,PASS,True,True,raw/warmup-r01-o05-p05/benchmark_samples.csv,raw/warmup-r01-o05-p05/benchmark_summary.json,raw/warmup-r01-o05-p05/stdout.txt,raw/warmup-r01-o05-p05/stderr.txt
csc3-demo-windows-process-benchmark-v1,warmup-r01-o06-p06,warmup,1,6,6,21964,2026-07-26T07:40:35.754620Z,2026-07-26T07:40:47.591369Z,11.83675140000014,0,5150822400,GetProcessMemoryInfo.PeakWorkingSetSize,6,6,1906.9633,2963.4068,85.1768,3048.5836000000004,1358.6997,349.5962,1708.2958999999998,945274680,1.4724899347730047e-17,0.0048828125,True,PASS,PASS,True,True,raw/warmup-r01-o06-p06/benchmark_samples.csv,raw/warmup-r01-o06-p06/benchmark_summary.json,raw/warmup-r01-o06-p06/stdout.txt,raw/warmup-r01-o06-p06/stderr.txt
csc3-demo-windows-process-benchmark-v1,warmup-r01-o07-p07,warmup,1,7,7,22444,2026-07-26T07:40:47.610608Z,2026-07-26T07:40:59.558485Z,11.947878599999967,0,5150670848,GetProcessMemoryInfo.PeakWorkingSetSize,7,7,2097.37,3033.4393,87.4713,3120.9106,1312.7213,339.694,1652.4153,945274680,1.0878132267049068e-16,0.0068359375,True,PASS,PASS,True,True,raw/warmup-r01-o07-p07/benchmark_samples.csv,raw/warmup-r01-o07-p07/benchmark_summary.json,raw/warmup-r01-o07-p07/stdout.txt,raw/warmup-r01-o07-p07/stderr.txt
csc3-demo-windows-process-benchmark-v1,warmup-r01-o08-p08,warmup,1,8,8,20548,2026-07-26T07:40:59.574951Z,2026-07-26T07:41:11.070649Z,11.495718300000135,0,5150711808,GetProcessMemoryInfo.PeakWorkingSetSize,8,8,1863.8802,2976.5513,86.8177,3063.369,1271.869,329.6319,1601.5009,945274680,9.812351084757347e-17,0.005859375,True,PASS,PASS,True,True,raw/warmup-r01-o08-p08/benchmark_samples.csv,raw/warmup-r01-o08-p08/benchmark_summary.json,raw/warmup-r01-o08-p08/stdout.txt,raw/warmup-r01-o08-p08/stderr.txt
csc3-demo-windows-process-benchmark-v1,warmup-r01-o09-p09,warmup,1,9,9,4976,2026-07-26T07:41:11.086530Z,2026-07-26T07:41:22.436580Z,11.350052700000106,0,5150507008,GetProcessMemoryInfo.PeakWorkingSetSize,9,9,1868.7251,2948.1226,83.9846,3032.1072000000004,1216.6884,347.364,1564.0524,945274680,1.1649010376381941e-16,0.005859375,True,PASS,PASS,True,True,raw/warmup-r01-o09-p09/benchmark_samples.csv,raw/warmup-r01-o09-p09/benchmark_summary.json,raw/warmup-r01-o09-p09/stdout.txt,raw/warmup-r01-o09-p09/stderr.txt
csc3-demo-windows-process-benchmark-v1,warmup-r01-o10-p10,warmup,1,10,10,18588,2026-07-26T07:41:22.454547Z,2026-07-26T07:41:33.803436Z,11.348889899999904,0,5150564352,GetProcessMemoryInfo.PeakWorkingSetSize,10,10,1853.6232,2975.736,92.263,3067.999,1182.2579,341.0529,1523.3108000000002,945274680,1.2796342053080282e-16,0.0068359375,True,PASS,PASS,True,True,raw/warmup-r01-o10-p10/benchmark_samples.csv,raw/warmup-r01-o10-p10/benchmark_summary.json,raw/warmup-r01-o10-p10/stdout.txt,raw/warmup-r01-o10-p10/stderr.txt
csc3-demo-windows-process-benchmark-v1,warmup-r01-o11-p11,warmup,1,11,11,22116,2026-07-26T07:41:33.823708Z,2026-07-26T07:41:45.124622Z,11.300915100000111,0,5150523392,GetProcessMemoryInfo.PeakWorkingSetSize,11,11,1882.8636,2968.1102,90.5695,3058.6797,1164.2469,320.6025,1484.8494,945274680,1.367539825724923e-16,0.0068359375,True,PASS,PASS,True,True,raw/warmup-r01-o11-p11/benchmark_samples.csv,raw/warmup-r01-o11-p11/benchmark_summary.json,raw/warmup-r01-o11-p11/stdout.txt,raw/warmup-r01-o11-p11/stderr.txt
csc3-demo-windows-process-benchmark-v1,warmup-r01-o12-p12,warmup,1,12,12,6164,2026-07-26T07:41:45.149527Z,2026-07-26T07:41:56.780568Z,11.63104280000016,0,5150707712,GetProcessMemoryInfo.PeakWorkingSetSize,12,12,1887.6691,3057.1377,93.2511,3150.3888,1146.2982,337.2904,1483.5886,945274680,2.078844660603905e-17,0.005859375,True,PASS,PASS,True,True,raw/warmup-r01-o12-p12/benchmark_samples.csv,raw/warmup-r01-o12-p12/benchmark_summary.json,raw/warmup-r01-o12-p12/stdout.txt,raw/warmup-r01-o12-p12/stderr.txt
csc3-demo-windows-process-benchmark-v1,warmup-r01-o13-p13,warmup,1,13,13,19484,2026-07-26T07:41:56.800122Z,2026-07-26T07:42:08.132722Z,11.332602400000269,0,5150654464,GetProcessMemoryInfo.PeakWorkingSetSize,13,13,1960.8641,3035.932,92.2907,3128.2227,1100.3224,319.5073,1419.8297,945274680,1.4802828763869987e-16,0.0068359375,True,PASS,PASS,True,True,raw/warmup-r01-o13-p13/benchmark_samples.csv,raw/warmup-r01-o13-p13/benchmark_summary.json,raw/warmup-r01-o13-p13/stdout.txt,raw/warmup-r01-o13-p13/stderr.txt
csc3-demo-windows-process-benchmark-v1,warmup-r01-o14-p14,warmup,1,14,14,18400,2026-07-26T07:42:08.157906Z,2026-07-26T07:42:19.365209Z,11.207304600000043,0,5150744576,GetProcessMemoryInfo.PeakWorkingSetSize,14,14,1883.938,2968.4622,90.242,3058.7042,1119.6525,324.2031,1443.8555999999999,945274680,1.4979850946496378e-16,0.0078125,True,PASS,PASS,True,True,raw/warmup-r01-o14-p14/benchmark_samples.csv,raw/warmup-r01-o14-p14/benchmark_summary.json,raw/warmup-r01-o14-p14/stdout.txt,raw/warmup-r01-o14-p14/stderr.txt
csc3-demo-windows-process-benchmark-v1,warmup-r01-o15-p15,warmup,1,15,15,21848,2026-07-26T07:42:19.390006Z,2026-07-26T07:42:30.579666Z,11.189662400000088,0,5151072256,GetProcessMemoryInfo.PeakWorkingSetSize,15,15,1859.5081,3004.0804,92.0293,3096.1097,1103.8202,303.3974,1407.2176000000002,945274680,1.4934700391067842e-16,0.0078125,True,PASS,PASS,True,True,raw/warmup-r01-o15-p15/benchmark_samples.csv,raw/warmup-r01-o15-p15/benchmark_summary.json,raw/warmup-r01-o15-p15/stdout.txt,raw/warmup-r01-o15-p15/stderr.txt
csc3-demo-windows-process-benchmark-v1,warmup-r01-o16-p16,warmup,1,16,16,3308,2026-07-26T07:42:30.596290Z,2026-07-26T07:42:41.771782Z,11.175494900000103,0,5150715904,GetProcessMemoryInfo.PeakWorkingSetSize,16,16,1892.0773,2974.0431,91.8725,3065.9156,1119.7858,300.7803,1420.5661,945274680,1.4703206037742233e-16,0.0068359375,True,PASS,PASS,True,True,raw/warmup-r01-o16-p16/benchmark_samples.csv,raw/warmup-r01-o16-p16/benchmark_summary.json,raw/warmup-r01-o16-p16/stdout.txt,raw/warmup-r01-o16-p16/stderr.txt
csc3-demo-windows-process-benchmark-v1,warmup-r02-o01-p16,warmup,2,1,16,8464,2026-07-26T07:42:41.788649Z,2026-07-26T07:42:53.334086Z,11.545438399999966,0,5150806016,GetProcessMemoryInfo.PeakWorkingSetSize,16,16,1884.9452,3114.5108,90.3292,3204.84,1137.8026,308.3888,1446.1914,945274680,1.4683132238361742e-16,0.005859375,True,PASS,PASS,True,True,raw/warmup-r02-o01-p16/benchmark_samples.csv,raw/warmup-r02-o01-p16/benchmark_summary.json,raw/warmup-r02-o01-p16/stdout.txt,raw/warmup-r02-o01-p16/stderr.txt
csc3-demo-windows-process-benchmark-v1,warmup-r02-o02-p15,warmup,2,2,15,21044,2026-07-26T07:42:53.351329Z,2026-07-26T07:43:04.590608Z,11.23928449999994,0,5150515200,GetProcessMemoryInfo.PeakWorkingSetSize,15,15,1937.9811,2994.8127,86.8441,3081.6567999999997,1091.75,302.5908,1394.3408,945274680,1.4962493435039802e-16,0.0078125,True,PASS,PASS,True,True,raw/warmup-r02-o02-p15/benchmark_samples.csv,raw/warmup-r02-o02-p15/benchmark_summary.json,raw/warmup-r02-o02-p15/stdout.txt,raw/warmup-r02-o02-p15/stderr.txt
csc3-demo-windows-process-benchmark-v1,warmup-r02-o03-p14,warmup,2,3,14,8760,2026-07-26T07:43:04.614977Z,2026-07-26T07:43:15.809635Z,11.194659499999943,0,5150666752,GetProcessMemoryInfo.PeakWorkingSetSize,14,14,1854.5548,2975.2309,90.0033,3065.2342,1110.6494,322.0492,1432.6986,945274680,1.508405337871089e-16,0.0078125,True,PASS,PASS,True,True,raw/warmup-r02-o03-p14/benchmark_samples.csv,raw/warmup-r02-o03-p14/benchmark_summary.json,raw/warmup-r02-o03-p14/stdout.txt,raw/warmup-r02-o03-p14/stderr.txt
csc3-demo-windows-process-benchmark-v1,warmup-r02-o04-p13,warmup,2,4,13,18828,2026-07-26T07:43:15.830649Z,2026-07-26T07:43:27.065261Z,11.234614100000272,0,5150494720,GetProcessMemoryInfo.PeakWorkingSetSize,13,13,1889.8577,2975.5383,90.5931,3066.1314,1120.308,316.7732,1437.0812,945274680,1.4817426109635013e-16,0.0068359375,True,PASS,PASS,True,True,raw/warmup-r02-o04-p13/benchmark_samples.csv,raw/warmup-r02-o04-p13/benchmark_summary.json,raw/warmup-r02-o04-p13/stdout.txt,raw/warmup-r02-o04-p13/stderr.txt
csc3-demo-windows-process-benchmark-v1,warmup-r02-o05-p12,warmup,2,5,12,22456,2026-07-26T07:43:27.081433Z,2026-07-26T07:43:38.305847Z,11.224416399999882,0,5150765056,GetProcessMemoryInfo.PeakWorkingSetSize,12,12,1933.6177,2974.9762,89.8079,3064.7841,1125.6018,316.9694,1442.5711999999999,945274680,2.074922828473873e-17,0.005859375,True,PASS,PASS,True,True,raw/warmup-r02-o05-p12/benchmark_samples.csv,raw/warmup-r02-o05-p12/benchmark_summary.json,raw/warmup-r02-o05-p12/stdout.txt,raw/warmup-r02-o05-p12/stderr.txt
csc3-demo-windows-process-benchmark-v1,warmup-r02-o06-p11,warmup,2,6,11,4008,2026-07-26T07:43:38.331212Z,2026-07-26T07:43:50.013122Z,11.68191059999981,0,5150601216,GetProcessMemoryInfo.PeakWorkingSetSize,11,11,1864.3339,3110.0877,93.6587,3203.7464,1186.4859,350.6412,1537.1271,945274680,1.3676576067610697e-16,0.0068359375,True,PASS,PASS,True,True,raw/warmup-r02-o06-p11/benchmark_samples.csv,raw/warmup-r02-o06-p11/benchmark_summary.json,raw/warmup-r02-o06-p11/stdout.txt,raw/warmup-r02-o06-p11/stderr.txt
csc3-demo-windows-process-benchmark-v1,warmup-r02-o07-p10,warmup,2,7,10,2400,2026-07-26T07:43:50.029418Z,2026-07-26T07:44:01.432169Z,11.402752599999985,0,5150597120,GetProcessMemoryInfo.PeakWorkingSetSize,10,10,1910.2047,2980.5664,85.8086,3066.375,1192.0209,321.565,1513.5859,945274680,1.2782461963808633e-16,0.0068359375,True,PASS,PASS,True,True,raw/warmup-r02-o07-p10/benchmark_samples.csv,raw/warmup-r02-o07-p10/benchmark_summary.json,raw/warmup-r02-o07-p10/stdout.txt,raw/warmup-r02-o07-p10/stderr.txt
csc3-demo-windows-process-benchmark-v1,warmup-r02-o08-p09,warmup,2,8,9,13728,2026-07-26T07:44:01.456760Z,2026-07-26T07:44:12.814718Z,11.35796019999998,0,5150478336,GetProcessMemoryInfo.PeakWorkingSetSize,9,9,1855.4544,2933.7579,88.6528,3022.4107,1215.7405,328.4259,1544.1664,945274680,1.1650694121915924e-16,0.005859375,True,PASS,PASS,True,True,raw/warmup-r02-o08-p09/benchmark_samples.csv,raw/warmup-r02-o08-p09/benchmark_summary.json,raw/warmup-r02-o08-p09/stdout.txt,raw/warmup-r02-o08-p09/stderr.txt
csc3-demo-windows-process-benchmark-v1,warmup-r02-o09-p08,warmup,2,9,8,6152,2026-07-26T07:44:12.834935Z,2026-07-26T07:44:24.246731Z,11.411797600000227,0,5150695424,GetProcessMemoryInfo.PeakWorkingSetSize,8,8,1869.5102,2950.166,85.3552,3035.5212,1263.4033,314.7359,1578.1392,945274680,9.817570793969328e-17,0.005859375,True,PASS,PASS,True,True,raw/warmup-r02-o09-p08/benchmark_samples.csv,raw/warmup-r02-o09-p08/benchmark_summary.json,raw/warmup-r02-o09-p08/stdout.txt,raw/warmup-r02-o09-p08/stderr.txt
csc3-demo-windows-process-benchmark-v1,warmup-r02-o10-p07,warmup,2,10,7,21988,2026-07-26T07:44:24.263327Z,2026-07-26T07:44:35.802346Z,11.5390210999999,0,5150543872,GetProcessMemoryInfo.PeakWorkingSetSize,7,7,1860.503,2962.3117,92.3692,3054.6809000000003,1303.7947,340.2531,1644.0477999999998,945274680,1.0878294309412072e-16,0.0068359375,True,PASS,PASS,True,True,raw/warmup-r02-o10-p07/benchmark_samples.csv,raw/warmup-r02-o10-p07/benchmark_summary.json,raw/warmup-r02-o10-p07/stdout.txt,raw/warmup-r02-o10-p07/stderr.txt
csc3-demo-windows-process-benchmark-v1,warmup-r02-o11-p06,warmup,2,11,6,1832,2026-07-26T07:44:35.818817Z,2026-07-26T07:44:47.832539Z,12.013723500000197,0,5150588928,GetProcessMemoryInfo.PeakWorkingSetSize,6,6,1890.952,3162.1071,83.7978,3245.9049,1372.2669,353.9204,1726.1873,945274680,1.436702778392232e-17,0.0048828125,True,PASS,PASS,True,True,raw/warmup-r02-o11-p06/benchmark_samples.csv,raw/warmup-r02-o11-p06/benchmark_summary.json,raw/warmup-r02-o11-p06/stdout.txt,raw/warmup-r02-o11-p06/stderr.txt
csc3-demo-windows-process-benchmark-v1,warmup-r02-o12-p05,warmup,2,12,5,9220,2026-07-26T07:44:47.856577Z,2026-07-26T07:44:59.763755Z,11.907179900000301,0,5150535680,GetProcessMemoryInfo.PeakWorkingSetSize,5,5,1943.3727,2959.9308,83.7134,3043.6442,1418.5212,358.9667,1777.4878999999999,945274680,9.144605186932667e-17,0.005859375,True,PASS,PASS,True,True,raw/warmup-r02-o12-p05/benchmark_samples.csv,raw/warmup-r02-o12-p05/benchmark_summary.json,raw/warmup-r02-o12-p05/stdout.txt,raw/warmup-r02-o12-p05/stderr.txt
csc3-demo-windows-process-benchmark-v1,warmup-r02-o13-p04,warmup,2,13,4,22344,2026-07-26T07:44:59.784320Z,2026-07-26T07:45:11.877610Z,12.09329149999985,0,5150392320,GetProcessMemoryInfo.PeakWorkingSetSize,4,4,1895.3102,2946.8585,80.4781,3027.3365999999996,1566.2463,380.4077,1946.654,945274680,1.7563433991098163e-17,0.005859375,True,PASS,PASS,True,True,raw/warmup-r02-o13-p04/benchmark_samples.csv,raw/warmup-r02-o13-p04/benchmark_summary.json,raw/warmup-r02-o13-p04/stdout.txt,raw/warmup-r02-o13-p04/stderr.txt
csc3-demo-windows-process-benchmark-v1,warmup-r02-o14-p03,warmup,2,14,3,13040,2026-07-26T07:45:11.902550Z,2026-07-26T07:45:24.428472Z,12.52592199999981,0,5150433280,GetProcessMemoryInfo.PeakWorkingSetSize,3,3,1891.5367,2969.3096,89.6525,3058.9621,1795.1594,408.992,2204.1514,945274680,1.2424463734823526e-17,0.00390625,True,PASS,PASS,True,True,raw/warmup-r02-o14-p03/benchmark_samples.csv,raw/warmup-r02-o14-p03/benchmark_summary.json,raw/warmup-r02-o14-p03/stdout.txt,raw/warmup-r02-o14-p03/stderr.txt
csc3-demo-windows-process-benchmark-v1,warmup-r02-o15-p02,warmup,2,15,2,9020,2026-07-26T07:45:24.444833Z,2026-07-26T07:45:38.113282Z,13.668451399999867,0,5150420992,GetProcessMemoryInfo.PeakWorkingSetSize,2,2,1855.5389,2958.2636,91.8304,3050.094,2271.0011,536.8066,2807.8077,945274680,6.9040421292316826e-18,0.00390625,True,PASS,PASS,True,True,raw/warmup-r02-o15-p02/benchmark_samples.csv,raw/warmup-r02-o15-p02/benchmark_summary.json,raw/warmup-r02-o15-p02/stdout.txt,raw/warmup-r02-o15-p02/stderr.txt
csc3-demo-windows-process-benchmark-v1,warmup-r02-o16-p01,warmup,2,16,1,7320,2026-07-26T07:45:38.138805Z,2026-07-26T07:45:53.862153Z,15.723349100000178,0,5150461952,GetProcessMemoryInfo.PeakWorkingSetSize,1,1,1995.1091,3017.7615,88.2486,3106.0101,3151.6682,681.2266,3832.8948,945274680,0.0,0.0,True,PASS,PASS,True,True,raw/warmup-r02-o16-p01/benchmark_samples.csv,raw/warmup-r02-o16-p01/benchmark_summary.json,raw/warmup-r02-o16-p01/stdout.txt,raw/warmup-r02-o16-p01/stderr.txt
csc3-demo-windows-process-benchmark-v1,measured-r01-o01-p01,measured,1,1,1,22284,2026-07-26T07:45:53.878597Z,2026-07-26T07:46:09.362422Z,15.483826900000167,0,5150224384,GetProcessMemoryInfo.PeakWorkingSetSize,1,1,1895.3834,2956.2002,82.7987,3038.9989,3136.8099,661.4155,3798.2254000000003,945274680,0.0,0.0,True,PASS,PASS,True,True,raw/measured-r01-o01-p01/benchmark_samples.csv,raw/measured-r01-o01-p01/benchmark_summary.json,raw/measured-r01-o01-p01/stdout.txt,raw/measured-r01-o01-p01/stderr.txt
csc3-demo-windows-process-benchmark-v1,measured-r01-o02-p02,measured,1,2,2,19472,2026-07-26T07:46:09.380945Z,2026-07-26T07:46:22.952403Z,13.571460600000137,0,5150556160,GetProcessMemoryInfo.PeakWorkingSetSize,2,2,1853.8045,2964.3166,83.8171,3048.1337000000003,2249.9972,476.7821,2726.7792999999997,945274680,6.68816111145372e-18,0.00390625,True,PASS,PASS,True,True,raw/measured-r01-o02-p02/benchmark_samples.csv,raw/measured-r01-o02-p02/benchmark_summary.json,raw/measured-r01-o02-p02/stdout.txt,raw/measured-r01-o02-p02/stderr.txt
csc3-demo-windows-process-benchmark-v1,measured-r01-o03-p03,measured,1,3,3,16624,2026-07-26T07:46:22.968838Z,2026-07-26T07:46:36.173451Z,13.204615099999955,0,5150474240,GetProcessMemoryInfo.PeakWorkingSetSize,3,3,1861.2324,2978.6905,101.3551,3080.0456000000004,1909.2898,476.9529,2386.2427,945274680,1.3664380603898519e-17,0.0048828125,True,PASS,PASS,True,True,raw/measured-r01-o03-p03/benchmark_samples.csv,raw/measured-r01-o03-p03/benchmark_summary.json,raw/measured-r01-o03-p03/stdout.txt,raw/measured-r01-o03-p03/stderr.txt
csc3-demo-windows-process-benchmark-v1,measured-r01-o04-p04,measured,1,4,4,20984,2026-07-26T07:46:36.190229Z,2026-07-26T07:46:48.875598Z,12.685371300000043,0,5150392320,GetProcessMemoryInfo.PeakWorkingSetSize,4,4,1978.6982,3057.1223,90.0713,3147.1936,1620.8057,388.6874,2009.4931,945274680,1.724157122549865e-17,0.005859375,True,PASS,PASS,True,True,raw/measured-r01-o04-p04/benchmark_samples.csv,raw/measured-r01-o04-p04/benchmark_summary.json,raw/measured-r01-o04-p04/stdout.txt,raw/measured-r01-o04-p04/stderr.txt
csc3-demo-windows-process-benchmark-v1,measured-r01-o05-p05,measured,1,5,5,14960,2026-07-26T07:46:48.902129Z,2026-07-26T07:47:01.256903Z,12.354776299999685,0,5150572544,GetProcessMemoryInfo.PeakWorkingSetSize,5,5,1882.6685,3054.3986,86.7925,3141.1911,1473.9195,379.0067,1852.9261999999999,945274680,9.143871346876548e-17,0.005859375,True,PASS,PASS,True,True,raw/measured-r01-o05-p05/benchmark_samples.csv,raw/measured-r01-o05-p05/benchmark_summary.json,raw/measured-r01-o05-p05/stdout.txt,raw/measured-r01-o05-p05/stderr.txt
csc3-demo-windows-process-benchmark-v1,measured-r01-o06-p06,measured,1,6,6,21936,2026-07-26T07:47:01.281597Z,2026-07-26T07:47:13.326223Z,12.04462760000024,0,5150588928,GetProcessMemoryInfo.PeakWorkingSetSize,6,6,1933.8619,3013.3838,83.099,3096.4828,1391.9584,357.5321,1749.4904999999999,945274680,1.3691283601705223e-17,0.00390625,True,PASS,PASS,True,True,raw/measured-r01-o06-p06/benchmark_samples.csv,raw/measured-r01-o06-p06/benchmark_summary.json,raw/measured-r01-o06-p06/stdout.txt,raw/measured-r01-o06-p06/stderr.txt
csc3-demo-windows-process-benchmark-v1,measured-r01-o07-p07,measured,1,7,7,20776,2026-07-26T07:47:13.343271Z,2026-07-26T07:47:25.356492Z,12.013222300000052,0,5150392320,GetProcessMemoryInfo.PeakWorkingSetSize,7,7,1914.5568,3003.2813,99.7964,3103.0777000000003,1413.1049,369.3876,1782.4925,945274680,1.0880580795826195e-16,0.0068359375,True,PASS,PASS,True,True,raw/measured-r01-o07-p07/benchmark_samples.csv,raw/measured-r01-o07-p07/benchmark_summary.json,raw/measured-r01-o07-p07/stdout.txt,raw/measured-r01-o07-p07/stderr.txt
csc3-demo-windows-process-benchmark-v1,measured-r01-o08-p08,measured,1,8,8,13072,2026-07-26T07:47:25.382163Z,2026-07-26T07:47:37.387016Z,12.00485529999969,0,5150613504,GetProcessMemoryInfo.PeakWorkingSetSize,8,8,1872.578,3067.1388,93.5291,3160.6679000000004,1378.8784,352.3733,1731.2517,945274680,9.807218207399011e-17,0.005859375,True,PASS,PASS,True,True,raw/measured-r01-o08-p08/benchmark_samples.csv,raw/measured-r01-o08-p08/benchmark_summary.json,raw/measured-r01-o08-p08/stdout.txt,raw/measured-r01-o08-p08/stderr.txt
csc3-demo-windows-process-benchmark-v1,measured-r01-o09-p09,measured,1,9,9,8468,2026-07-26T07:47:37.402400Z,2026-07-26T07:47:49.129324Z,11.726926599999842,0,5150576640,GetProcessMemoryInfo.PeakWorkingSetSize,9,9,1917.4496,3070.6903,84.8949,3155.5852000000004,1233.8924,310.4626,1544.355,945274680,1.164850999230853e-16,0.005859375,True,PASS,PASS,True,True,raw/measured-r01-o09-p09/benchmark_samples.csv,raw/measured-r01-o09-p09/benchmark_summary.json,raw/measured-r01-o09-p09/stdout.txt,raw/measured-r01-o09-p09/stderr.txt
csc3-demo-windows-process-benchmark-v1,measured-r01-o10-p10,measured,1,10,10,21308,2026-07-26T07:47:49.161308Z,2026-07-26T07:48:00.505797Z,11.344494999999824,0,5150584832,GetProcessMemoryInfo.PeakWorkingSetSize,10,10,1870.9506,2955.1745,88.6888,3043.8633,1201.8924,319.2418,1521.1342,945274680,1.2792088570928217e-16,0.0068359375,True,PASS,PASS,True,True,raw/measured-r01-o10-p10/benchmark_samples.csv,raw/measured-r01-o10-p10/benchmark_summary.json,raw/measured-r01-o10-p10/stdout.txt,raw/measured-r01-o10-p10/stderr.txt
csc3-demo-windows-process-benchmark-v1,measured-r01-o11-p11,measured,1,11,11,12384,2026-07-26T07:48:00.530572Z,2026-07-26T07:48:11.809348Z,11.278775400000086,0,5150535680,GetProcessMemoryInfo.PeakWorkingSetSize,11,11,1866.5604,2982.0835,83.4103,3065.4938,1158.9887,330.2963,1489.285,945274680,1.367770987006114e-16,0.0068359375,True,PASS,PASS,True,True,raw/measured-r01-o11-p11/benchmark_samples.csv,raw/measured-r01-o11-p11/benchmark_summary.json,raw/measured-r01-o11-p11/stdout.txt,raw/measured-r01-o11-p11/stderr.txt
csc3-demo-windows-process-benchmark-v1,measured-r01-o12-p12,measured,1,12,12,13308,2026-07-26T07:48:11.826157Z,2026-07-26T07:48:23.052639Z,11.22648449999997,0,5150674944,GetProcessMemoryInfo.PeakWorkingSetSize,12,12,1876.9124,2971.6685,87.7819,3059.4504,1119.0855,325.9079,1444.9933999999998,945274680,2.0296373706744644e-17,0.005859375,True,PASS,PASS,True,True,raw/measured-r01-o12-p12/benchmark_samples.csv,raw/measured-r01-o12-p12/benchmark_summary.json,raw/measured-r01-o12-p12/stdout.txt,raw/measured-r01-o12-p12/stderr.txt
csc3-demo-windows-process-benchmark-v1,measured-r01-o13-p13,measured,1,13,13,20024,2026-07-26T07:48:23.068285Z,2026-07-26T07:48:34.522671Z,11.454395199999908,0,5150617600,GetProcessMemoryInfo.PeakWorkingSetSize,13,13,1873.7877,2956.7337,91.9444,3048.6781,1154.1643,311.3555,1465.5198,945274680,1.480182038500017e-16,0.0068359375,True,PASS,PASS,True,True,raw/measured-r01-o13-p13/benchmark_samples.csv,raw/measured-r01-o13-p13/benchmark_summary.json,raw/measured-r01-o13-p13/stdout.txt,raw/measured-r01-o13-p13/stderr.txt
csc3-demo-windows-process-benchmark-v1,measured-r01-o14-p14,measured,1,14,14,21396,2026-07-26T07:48:34.554761Z,2026-07-26T07:48:45.845842Z,11.29107890000023,0,5150801920,GetProcessMemoryInfo.PeakWorkingSetSize,14,14,1903.7929,3017.3497,84.1294,3101.4791,1088.9848,322.4976,1411.4823999999999,945274680,1.4981826643190768e-16,0.0078125,True,PASS,PASS,True,True,raw/measured-r01-o14-p14/benchmark_samples.csv,raw/measured-r01-o14-p14/benchmark_summary.json,raw/measured-r01-o14-p14/stdout.txt,raw/measured-r01-o14-p14/stderr.txt
csc3-demo-windows-process-benchmark-v1,measured-r01-o15-p15,measured,1,15,15,21000,2026-07-26T07:48:45.865104Z,2026-07-26T07:48:57.152081Z,11.2869768999999,0,5150568448,GetProcessMemoryInfo.PeakWorkingSetSize,15,15,1942.3848,2962.28,95.1636,3057.4436,1113.5551,310.4402,1423.9953,945274680,1.4999728807780641e-16,0.0078125,True,PASS,PASS,True,True,raw/measured-r01-o15-p15/benchmark_samples.csv,raw/measured-r01-o15-p15/benchmark_summary.json,raw/measured-r01-o15-p15/stdout.txt,raw/measured-r01-o15-p15/stderr.txt
csc3-demo-windows-process-benchmark-v1,measured-r01-o16-p16,measured,1,16,16,18864,2026-07-26T07:48:57.169374Z,2026-07-26T07:49:08.326638Z,11.157265800000005,0,5150560256,GetProcessMemoryInfo.PeakWorkingSetSize,16,16,1885.2472,2953.6326,78.704,3032.3366,1109.6305,303.3556,1412.9861,945274680,1.461720301903531e-16,0.005859375,True,PASS,PASS,True,True,raw/measured-r01-o16-p16/benchmark_samples.csv,raw/measured-r01-o16-p16/benchmark_summary.json,raw/measured-r01-o16-p16/stdout.txt,raw/measured-r01-o16-p16/stderr.txt
csc3-demo-windows-process-benchmark-v1,measured-r02-o01-p16,measured,2,1,16,4332,2026-07-26T07:49:08.351977Z,2026-07-26T07:49:19.554747Z,11.202777900000001,0,5150707712,GetProcessMemoryInfo.PeakWorkingSetSize,16,16,1887.4126,2952.0558,88.9199,3040.9757,1105.0504,300.7459,1405.7963,945274680,1.4649863638583659e-16,0.005859375,True,PASS,PASS,True,True,raw/measured-r02-o01-p16/benchmark_samples.csv,raw/measured-r02-o01-p16/benchmark_summary.json,raw/measured-r02-o01-p16/stdout.txt,raw/measured-r02-o01-p16/stderr.txt
csc3-demo-windows-process-benchmark-v1,measured-r02-o02-p15,measured,2,2,15,21548,2026-07-26T07:49:19.587904Z,2026-07-26T07:49:31.036430Z,11.448526799999854,0,5150580736,GetProcessMemoryInfo.PeakWorkingSetSize,15,15,1851.0642,2948.0512,105.9765,3054.0277,1254.3313,316.218,1570.5493000000001,945274680,1.4981097544993587e-16,0.0078125,True,PASS,PASS,True,True,raw/measured-r02-o02-p15/benchmark_samples.csv,raw/measured-r02-o02-p15/benchmark_summary.json,raw/measured-r02-o02-p15/stdout.txt,raw/measured-r02-o02-p15/stderr.txt
csc3-demo-windows-process-benchmark-v1,measured-r02-o03-p14,measured,2,3,14,21792,2026-07-26T07:49:31.062509Z,2026-07-26T07:49:42.548696Z,11.486190299999635,0,5150609408,GetProcessMemoryInfo.PeakWorkingSetSize,14,14,2032.2328,3026.2692,89.7516,3116.0208000000002,1119.7619,314.1457,1433.9076,945274680,1.5028013237216832e-16,0.0078125,True,PASS,PASS,True,True,raw/measured-r02-o03-p14/benchmark_samples.csv,raw/measured-r02-o03-p14/benchmark_summary.json,raw/measured-r02-o03-p14/stdout.txt,raw/measured-r02-o03-p14/stderr.txt
csc3-demo-windows-process-benchmark-v1,measured-r02-o04-p13,measured,2,4,13,8464,2026-07-26T07:49:42.581502Z,2026-07-26T07:49:53.747982Z,11.166478000000097,0,5150892032,GetProcessMemoryInfo.PeakWorkingSetSize,13,13,1842.7122,2958.3088,85.3862,3043.6949999999997,1113.49,337.1707,1450.6607,945274680,1.4742292940755755e-16,0.0068359375,True,PASS,PASS,True,True,raw/measured-r02-o04-p13/benchmark_samples.csv,raw/measured-r02-o04-p13/benchmark_summary.json,raw/measured-r02-o04-p13/stdout.txt,raw/measured-r02-o04-p13/stderr.txt
csc3-demo-windows-process-benchmark-v1,measured-r02-o05-p12,measured,2,5,12,5272,2026-07-26T07:49:53.769009Z,2026-07-26T07:50:04.957791Z,11.18878390000009,0,5150580736,GetProcessMemoryInfo.PeakWorkingSetSize,12,12,1880.4173,2953.6458,83.7707,3037.4165,1130.2056,319.8457,1450.0513,945274680,2.035334192302653e-17,0.005859375,True,PASS,PASS,True,True,raw/measured-r02-o05-p12/benchmark_samples.csv,raw/measured-r02-o05-p12/benchmark_summary.json,raw/measured-r02-o05-p12/stdout.txt,raw/measured-r02-o05-p12/stderr.txt
csc3-demo-windows-process-benchmark-v1,measured-r02-o06-p11,measured,2,6,11,14528,2026-07-26T07:50:04.981106Z,2026-07-26T07:50:16.237649Z,11.25654510000004,0,5150531584,GetProcessMemoryInfo.PeakWorkingSetSize,11,11,1864.5811,2980.2745,83.959,3064.2335,1135.6092,314.6638,1450.2730000000001,945274680,1.3676141451009696e-16,0.0068359375,True,PASS,PASS,True,True,raw/measured-r02-o06-p11/benchmark_samples.csv,raw/measured-r02-o06-p11/benchmark_summary.json,raw/measured-r02-o06-p11/stdout.txt,raw/measured-r02-o06-p11/stderr.txt
csc3-demo-windows-process-benchmark-v1,measured-r02-o07-p10,measured,2,7,10,21948,2026-07-26T07:50:16.262727Z,2026-07-26T07:50:27.857196Z,11.594469600000139,0,5150482432,GetProcessMemoryInfo.PeakWorkingSetSize,10,10,1864.946,2976.3723,89.0797,3065.452,1249.794,328.451,1578.2450000000001,945274680,1.2750843188982806e-16,0.0068359375,True,PASS,PASS,True,True,raw/measured-r02-o07-p10/benchmark_samples.csv,raw/measured-r02-o07-p10/benchmark_summary.json,raw/measured-r02-o07-p10/stdout.txt,raw/measured-r02-o07-p10/stderr.txt
csc3-demo-windows-process-benchmark-v1,measured-r02-o08-p09,measured,2,8,9,8700,2026-07-26T07:50:27.881409Z,2026-07-26T07:50:39.449371Z,11.567964299999858,0,5150584832,GetProcessMemoryInfo.PeakWorkingSetSize,9,9,1953.8951,3015.6298,85.1518,3100.7816000000003,1223.0719,330.9093,1553.9812,945274680,1.1647008994073271e-16,0.005859375,True,PASS,PASS,True,True,raw/measured-r02-o08-p09/benchmark_samples.csv,raw/measured-r02-o08-p09/benchmark_summary.json,raw/measured-r02-o08-p09/stdout.txt,raw/measured-r02-o08-p09/stderr.txt
csc3-demo-windows-process-benchmark-v1,measured-r02-o09-p08,measured,2,9,8,2176,2026-07-26T07:50:39.466194Z,2026-07-26T07:50:51.483422Z,12.017254599999887,0,5150609408,GetProcessMemoryInfo.PeakWorkingSetSize,8,8,1987.3133,3277.3733,85.7957,3363.1690000000003,1220.7838,326.0417,1546.8255,945274680,9.812305112121955e-17,0.005859375,True,PASS,PASS,True,True,raw/measured-r02-o09-p08/benchmark_samples.csv,raw/measured-r02-o09-p08/benchmark_summary.json,raw/measured-r02-o09-p08/stdout.txt,raw/measured-r02-o09-p08/stderr.txt
csc3-demo-windows-process-benchmark-v1,measured-r02-o10-p07,measured,2,10,7,10624,2026-07-26T07:50:51.510960Z,2026-07-26T07:51:02.998109Z,11.487149900000077,0,5150679040,GetProcessMemoryInfo.PeakWorkingSetSize,7,7,1976.8743,2996.8937,85.733,3082.6267000000003,1234.8576,315.8138,1550.6714000000002,945274680,1.088006298320177e-16,0.0068359375,True,PASS,PASS,True,True,raw/measured-r02-o10-p07/benchmark_samples.csv,raw/measured-r02-o10-p07/benchmark_summary.json,raw/measured-r02-o10-p07/stdout.txt,raw/measured-r02-o10-p07/stderr.txt
csc3-demo-windows-process-benchmark-v1,measured-r02-o11-p06,measured,2,11,6,18392,2026-07-26T07:51:03.022886Z,2026-07-26T07:51:14.354337Z,11.331453300000248,0,5150498816,GetProcessMemoryInfo.PeakWorkingSetSize,6,6,1961.0587,2927.0497,83.0556,3010.1053,1243.7588,314.0094,1557.7682,945274680,1.5688793656100972e-17,0.0048828125,True,PASS,PASS,True,True,raw/measured-r02-o11-p06/benchmark_samples.csv,raw/measured-r02-o11-p06/benchmark_summary.json,raw/measured-r02-o11-p06/stdout.txt,raw/measured-r02-o11-p06/stderr.txt
csc3-demo-windows-process-benchmark-v1,measured-r02-o12-p05,measured,2,12,5,8416,2026-07-26T07:51:14.379050Z,2026-07-26T07:51:25.910030Z,11.530982499999936,0,5150552064,GetProcessMemoryInfo.PeakWorkingSetSize,5,5,1845.1476,2955.2045,92.4708,3047.6753,1347.8451,354.4985,1702.3436,945274680,9.143522062738876e-17,0.005859375,True,PASS,PASS,True,True,raw/measured-r02-o12-p05/benchmark_samples.csv,raw/measured-r02-o12-p05/benchmark_summary.json,raw/measured-r02-o12-p05/stdout.txt,raw/measured-r02-o12-p05/stderr.txt
csc3-demo-windows-process-benchmark-v1,measured-r02-o13-p04,measured,2,13,4,22344,2026-07-26T07:51:25.927692Z,2026-07-26T07:51:37.855752Z,11.928060999999616,0,5150326784,GetProcessMemoryInfo.PeakWorkingSetSize,4,4,1983.9372,3030.5968,87.28,3117.8768,1434.8194,356.8023,1791.6217000000001,945274680,1.7103807291832462e-17,0.005859375,True,PASS,PASS,True,True,raw/measured-r02-o13-p04/benchmark_samples.csv,raw/measured-r02-o13-p04/benchmark_summary.json,raw/measured-r02-o13-p04/stdout.txt,raw/measured-r02-o13-p04/stderr.txt
csc3-demo-windows-process-benchmark-v1,measured-r02-o14-p03,measured,2,14,3,21516,2026-07-26T07:51:37.874254Z,2026-07-26T07:51:50.204236Z,12.329982499999915,0,5150433280,GetProcessMemoryInfo.PeakWorkingSetSize,3,3,1879.9985,2940.4277,83.1988,3023.6265000000003,1654.6752,427.1339,2081.8091,945274680,1.3435212801681255e-17,0.0048828125,True,PASS,PASS,True,True,raw/measured-r02-o14-p03/benchmark_samples.csv,raw/measured-r02-o14-p03/benchmark_summary.json,raw/measured-r02-o14-p03/stdout.txt,raw/measured-r02-o14-p03/stderr.txt
csc3-demo-windows-process-benchmark-v1,measured-r02-o15-p02,measured,2,15,2,18588,2026-07-26T07:51:50.230684Z,2026-07-26T07:52:03.640484Z,13.409801699999662,0,5150310400,GetProcessMemoryInfo.PeakWorkingSetSize,2,2,1898.1128,2963.1445,90.7765,3053.921,2114.9871,527.7485,2642.7356,945274680,6.8923710956043726e-18,0.00390625,True,PASS,PASS,True,True,raw/measured-r02-o15-p02/benchmark_samples.csv,raw/measured-r02-o15-p02/benchmark_summary.json,raw/measured-r02-o15-p02/stdout.txt,raw/measured-r02-o15-p02/stderr.txt
csc3-demo-windows-process-benchmark-v1,measured-r02-o16-p01,measured,2,16,1,20600,2026-07-26T07:52:03.657366Z,2026-07-26T07:52:19.169129Z,15.511765100000048,0,5150240768,GetProcessMemoryInfo.PeakWorkingSetSize,1,1,1908.0945,2961.6482,86.6658,3048.3140000000003,3130.2368,672.2327,3802.4695,945274680,0.0,0.0,True,PASS,PASS,True,True,raw/measured-r02-o16-p01/benchmark_samples.csv,raw/measured-r02-o16-p01/benchmark_summary.json,raw/measured-r02-o16-p01/stdout.txt,raw/measured-r02-o16-p01/stderr.txt
csc3-demo-windows-process-benchmark-v1,measured-r03-o01-p01,measured,3,1,1,19784,2026-07-26T07:52:19.190480Z,2026-07-26T07:52:35.240076Z,16.04959800000006,0,5150310400,GetProcessMemoryInfo.PeakWorkingSetSize,1,1,1929.632,3140.2982,89.7769,3230.0751,3220.9361,686.5741,3907.5101999999997,945274680,0.0,0.0,True,PASS,PASS,True,True,raw/measured-r03-o01-p01/benchmark_samples.csv,raw/measured-r03-o01-p01/benchmark_summary.json,raw/measured-r03-o01-p01/stdout.txt,raw/measured-r03-o01-p01/stderr.txt
csc3-demo-windows-process-benchmark-v1,measured-r03-o02-p02,measured,3,2,2,9404,2026-07-26T07:52:35.264682Z,2026-07-26T07:52:48.811320Z,13.54663840000012,0,5150371840,GetProcessMemoryInfo.PeakWorkingSetSize,2,2,1899.7049,2977.1026,86.2983,3063.4009,2153.3053,526.9516,2680.2569,945274680,6.652252243270484e-18,0.00390625,True,PASS,PASS,True,True,raw/measured-r03-o02-p02/benchmark_samples.csv,raw/measured-r03-o02-p02/benchmark_summary.json,raw/measured-r03-o02-p02/stdout.txt,raw/measured-r03-o02-p02/stderr.txt
csc3-demo-windows-process-benchmark-v1,measured-r03-o03-p03,measured,3,3,3,6136,2026-07-26T07:52:48.829072Z,2026-07-26T07:53:01.460184Z,12.631113800000094,0,5150556160,GetProcessMemoryInfo.PeakWorkingSetSize,3,3,1904.7052,2996.861,86.433,3083.294,1789.1171,431.1096,2220.2267,945274680,1.2444447249594529e-17,0.00390625,True,PASS,PASS,True,True,raw/measured-r03-o03-p03/benchmark_samples.csv,raw/measured-r03-o03-p03/benchmark_summary.json,raw/measured-r03-o03-p03/stdout.txt,raw/measured-r03-o03-p03/stderr.txt
csc3-demo-windows-process-benchmark-v1,measured-r03-o04-p04,measured,3,4,4,4044,2026-07-26T07:53:01.492013Z,2026-07-26T07:53:13.736546Z,12.244529500000226,0,5150539776,GetProcessMemoryInfo.PeakWorkingSetSize,4,4,1911.9134,3003.0532,85.3459,3088.3990999999996,1589.4063,386.6878,1976.0941,945274680,1.7398618781917743e-17,0.005859375,True,PASS,PASS,True,True,raw/measured-r03-o04-p04/benchmark_samples.csv,raw/measured-r03-o04-p04/benchmark_summary.json,raw/measured-r03-o04-p04/stdout.txt,raw/measured-r03-o04-p04/stderr.txt
csc3-demo-windows-process-benchmark-v1,measured-r03-o05-p05,measured,3,5,5,19496,2026-07-26T07:53:13.761209Z,2026-07-26T07:53:26.129704Z,12.368496900000082,0,5150486528,GetProcessMemoryInfo.PeakWorkingSetSize,5,5,1929.4485,3020.0148,86.7851,3106.7999,1489.7157,399.6537,1889.3694,945274680,9.145547725206802e-17,0.005859375,True,PASS,PASS,True,True,raw/measured-r03-o05-p05/benchmark_samples.csv,raw/measured-r03-o05-p05/benchmark_summary.json,raw/measured-r03-o05-p05/stdout.txt,raw/measured-r03-o05-p05/stderr.txt
csc3-demo-windows-process-benchmark-v1,measured-r03-o06-p06,measured,3,6,6,12272,2026-07-26T07:53:26.156469Z,2026-07-26T07:53:38.132685Z,11.976217299999917,0,5150515200,GetProcessMemoryInfo.PeakWorkingSetSize,6,6,2096.2123,3038.8989,90.0949,3128.9938,1351.7728,341.4472,1693.22,945274680,1.4764918478995468e-17,0.0048828125,True,PASS,PASS,True,True,raw/measured-r03-o06-p06/benchmark_samples.csv,raw/measured-r03-o06-p06/benchmark_summary.json,raw/measured-r03-o06-p06/stdout.txt,raw/measured-r03-o06-p06/stderr.txt
csc3-demo-windows-process-benchmark-v1,measured-r03-o07-p07,measured,3,7,7,12500,2026-07-26T07:53:38.158575Z,2026-07-26T07:53:49.781509Z,11.622935100000177,0,5150543872,GetProcessMemoryInfo.PeakWorkingSetSize,7,7,1893.9813,2973.0593,92.9366,3065.9959,1313.2763,348.2035,1661.4798,945274680,1.0888694637522795e-16,0.0068359375,True,PASS,PASS,True,True,raw/measured-r03-o07-p07/benchmark_samples.csv,raw/measured-r03-o07-p07/benchmark_summary.json,raw/measured-r03-o07-p07/stdout.txt,raw/measured-r03-o07-p07/stderr.txt
csc3-demo-windows-process-benchmark-v1,measured-r03-o08-p08,measured,3,8,8,8612,2026-07-26T07:53:49.806808Z,2026-07-26T07:54:01.358271Z,11.551464099999976,0,5150519296,GetProcessMemoryInfo.PeakWorkingSetSize,8,8,1895.4056,2996.6938,84.3595,3081.0533,1272.3449,334.0612,1606.4061000000002,945274680,9.810309592764628e-17,0.005859375,True,PASS,PASS,True,True,raw/measured-r03-o08-p08/benchmark_samples.csv,raw/measured-r03-o08-p08/benchmark_summary.json,raw/measured-r03-o08-p08/stdout.txt,raw/measured-r03-o08-p08/stderr.txt
csc3-demo-windows-process-benchmark-v1,measured-r03-o09-p09,measured,3,9,9,2780,2026-07-26T07:54:01.383271Z,2026-07-26T07:54:12.818853Z,11.43558350000012,0,5150547968,GetProcessMemoryInfo.PeakWorkingSetSize,9,9,1889.3372,2983.0676,90.0277,3073.0953,1220.6044,346.0503,1566.6547,945274680,1.1645106109198027e-16,0.005859375,True,PASS,PASS,True,True,raw/measured-r03-o09-p09/benchmark_samples.csv,raw/measured-r03-o09-p09/benchmark_summary.json,raw/measured-r03-o09-p09/stdout.txt,raw/measured-r03-o09-p09/stderr.txt
csc3-demo-windows-process-benchmark-v1,measured-r03-o10-p10,measured,3,10,10,17108,2026-07-26T07:54:12.836420Z,2026-07-26T07:54:24.617043Z,11.7806243,0,5150720000,GetProcessMemoryInfo.PeakWorkingSetSize,10,10,1939.1266,2999.669,87.9045,3087.5735,1313.7822,366.661,1680.4432000000002,945274680,1.2789452918450204e-16,0.0068359375,True,PASS,PASS,True,True,raw/measured-r03-o10-p10/benchmark_samples.csv,raw/measured-r03-o10-p10/benchmark_summary.json,raw/measured-r03-o10-p10/stdout.txt,raw/measured-r03-o10-p10/stderr.txt
csc3-demo-windows-process-benchmark-v1,measured-r03-o11-p11,measured,3,11,11,11388,2026-07-26T07:54:24.633651Z,2026-07-26T07:54:36.194527Z,11.560877799999616,0,5150695424,GetProcessMemoryInfo.PeakWorkingSetSize,11,11,2034.6833,3074.8479,88.0402,3162.8881,1160.7467,316.3725,1477.1191999999999,945274680,1.3674540583768325e-16,0.0068359375,True,PASS,PASS,True,True,raw/measured-r03-o11-p11/benchmark_samples.csv,raw/measured-r03-o11-p11/benchmark_summary.json,raw/measured-r03-o11-p11/stdout.txt,raw/measured-r03-o11-p11/stderr.txt
csc3-demo-windows-process-benchmark-v1,measured-r03-o12-p12,measured,3,12,12,18012,2026-07-26T07:54:36.211534Z,2026-07-26T07:54:47.458615Z,11.247083100000054,0,5150724096,GetProcessMemoryInfo.PeakWorkingSetSize,12,12,1904.7537,2975.6202,101.1937,3076.8138999999996,1123.0999,321.005,1444.1048999999998,945274680,2.0996467813814015e-17,0.005859375,True,PASS,PASS,True,True,raw/measured-r03-o12-p12/benchmark_samples.csv,raw/measured-r03-o12-p12/benchmark_summary.json,raw/measured-r03-o12-p12/stdout.txt,raw/measured-r03-o12-p12/stderr.txt
csc3-demo-windows-process-benchmark-v1,measured-r03-o13-p13,measured,3,13,13,21152,2026-07-26T07:54:47.481336Z,2026-07-26T07:54:58.656632Z,11.175295000000006,0,5150593024,GetProcessMemoryInfo.PeakWorkingSetSize,13,13,1902.0376,2966.1657,84.4598,3050.6255,1107.1341,311.7625,1418.8966,945274680,1.4785542904881197e-16,0.0068359375,True,PASS,PASS,True,True,raw/measured-r03-o13-p13/benchmark_samples.csv,raw/measured-r03-o13-p13/benchmark_summary.json,raw/measured-r03-o13-p13/stdout.txt,raw/measured-r03-o13-p13/stderr.txt
csc3-demo-windows-process-benchmark-v1,measured-r03-o14-p14,measured,3,14,14,15716,2026-07-26T07:54:58.673525Z,2026-07-26T07:55:09.970904Z,11.297381500000029,0,5150658560,GetProcessMemoryInfo.PeakWorkingSetSize,14,14,1934.9507,2984.5161,89.3593,3073.8754,1114.8276,319.1004,1433.928,945274680,1.5029108774021031e-16,0.005859375,True,PASS,PASS,True,True,raw/measured-r03-o14-p14/benchmark_samples.csv,raw/measured-r03-o14-p14/benchmark_summary.json,raw/measured-r03-o14-p14/stdout.txt,raw/measured-r03-o14-p14/stderr.txt
csc3-demo-windows-process-benchmark-v1,measured-r03-o15-p15,measured,3,15,15,19832,2026-07-26T07:55:09.987583Z,2026-07-26T07:55:21.598392Z,11.610810299999685,0,5150482432,GetProcessMemoryInfo.PeakWorkingSetSize,15,15,1905.513,2995.4977,87.2688,3082.7664999999997,1131.2171,323.6529,1454.8700000000001,945274680,1.5086995410407665e-16,0.0078125,True,PASS,PASS,True,True,raw/measured-r03-o15-p15/benchmark_samples.csv,raw/measured-r03-o15-p15/benchmark_summary.json,raw/measured-r03-o15-p15/stdout.txt,raw/measured-r03-o15-p15/stderr.txt
csc3-demo-windows-process-benchmark-v1,measured-r03-o16-p16,measured,3,16,16,1552,2026-07-26T07:55:21.617064Z,2026-07-26T07:55:33.072629Z,11.455566999999974,0,5150674944,GetProcessMemoryInfo.PeakWorkingSetSize,16,16,2033.8701,3069.2298,89.1757,3158.4055,1111.2465,307.0708,1418.3173,945274680,1.4911473883676438e-16,0.005859375,True,PASS,PASS,True,True,raw/measured-r03-o16-p16/benchmark_samples.csv,raw/measured-r03-o16-p16/benchmark_summary.json,raw/measured-r03-o16-p16/stdout.txt,raw/measured-r03-o16-p16/stderr.txt
csc3-demo-windows-process-benchmark-v1,measured-r04-o01-p16,measured,4,1,16,22260,2026-07-26T07:55:33.097277Z,2026-07-26T07:55:44.334448Z,11.237172399999963,0,5150740480,GetProcessMemoryInfo.PeakWorkingSetSize,16,16,1910.3203,2993.1689,87.643,3080.8119,1118.472,309.8484,1428.3204,945274680,1.4897562073392538e-16,0.005859375,True,PASS,PASS,True,True,raw/measured-r04-o01-p16/benchmark_samples.csv,raw/measured-r04-o01-p16/benchmark_summary.json,raw/measured-r04-o01-p16/stdout.txt,raw/measured-r04-o01-p16/stderr.txt
csc3-demo-windows-process-benchmark-v1,measured-r04-o02-p15,measured,4,2,15,17220,2026-07-26T07:55:44.359855Z,2026-07-26T07:55:55.606727Z,11.246874299999945,0,5150732288,GetProcessMemoryInfo.PeakWorkingSetSize,15,15,1902.2845,2986.3875,86.8016,3073.1890999999996,1119.152,309.6852,1428.8372,945274680,1.502515889382944e-16,0.0078125,True,PASS,PASS,True,True,raw/measured-r04-o02-p15/benchmark_samples.csv,raw/measured-r04-o02-p15/benchmark_summary.json,raw/measured-r04-o02-p15/stdout.txt,raw/measured-r04-o02-p15/stderr.txt
csc3-demo-windows-process-benchmark-v1,measured-r04-o03-p14,measured,4,3,14,6720,2026-07-26T07:55:55.624225Z,2026-07-26T07:56:06.805980Z,11.181756200000109,0,5150756864,GetProcessMemoryInfo.PeakWorkingSetSize,14,14,1905.1427,2971.031,84.3069,3055.3379,1124.5315,328.2737,1452.8052,945274680,1.4985092402852565e-16,0.0078125,True,PASS,PASS,True,True,raw/measured-r04-o03-p14/benchmark_samples.csv,raw/measured-r04-o03-p14/benchmark_summary.json,raw/measured-r04-o03-p14/stdout.txt,raw/measured-r04-o03-p14/stderr.txt
csc3-demo-windows-process-benchmark-v1,measured-r04-o04-p13,measured,4,4,13,20680,2026-07-26T07:56:06.823686Z,2026-07-26T07:56:18.536961Z,11.713283799999772,0,5150474240,GetProcessMemoryInfo.PeakWorkingSetSize,13,13,1906.3476,3080.024,106.028,3186.0519999999997,1169.5052,331.7554,1501.2606,945274680,1.4815130171923058e-16,0.0068359375,True,PASS,PASS,True,True,raw/measured-r04-o04-p13/benchmark_samples.csv,raw/measured-r04-o04-p13/benchmark_summary.json,raw/measured-r04-o04-p13/stdout.txt,raw/measured-r04-o04-p13/stderr.txt
csc3-demo-windows-process-benchmark-v1,measured-r04-o05-p12,measured,4,5,12,20796,2026-07-26T07:56:18.569794Z,2026-07-26T07:56:29.871203Z,11.30140849999998,0,5150654464,GetProcessMemoryInfo.PeakWorkingSetSize,12,12,1914.7806,3010.9708,87.7155,3098.6863,1147.7152,320.2413,1467.9565000000002,945274680,2.1270998461939968e-17,0.005859375,True,PASS,PASS,True,True,raw/measured-r04-o05-p12/benchmark_samples.csv,raw/measured-r04-o05-p12/benchmark_summary.json,raw/measured-r04-o05-p12/stdout.txt,raw/measured-r04-o05-p12/stderr.txt
csc3-demo-windows-process-benchmark-v1,measured-r04-o06-p11,measured,4,6,11,7048,2026-07-26T07:56:29.888523Z,2026-07-26T07:56:41.208558Z,11.320036000000073,0,5150564352,GetProcessMemoryInfo.PeakWorkingSetSize,11,11,1900.9826,2982.7604,84.7167,3067.4771,1161.1577,322.7631,1483.9207999999999,945274680,1.363941236661451e-16,0.0068359375,True,PASS,PASS,True,True,raw/measured-r04-o06-p11/benchmark_samples.csv,raw/measured-r04-o06-p11/benchmark_summary.json,raw/measured-r04-o06-p11/stdout.txt,raw/measured-r04-o06-p11/stderr.txt
csc3-demo-windows-process-benchmark-v1,measured-r04-o07-p10,measured,4,7,10,21800,2026-07-26T07:56:41.225881Z,2026-07-26T07:56:52.633007Z,11.407127299999956,0,5150576640,GetProcessMemoryInfo.PeakWorkingSetSize,10,10,1882.4382,2976.5479,96.3923,3072.9402,1183.8979,377.6286,1561.5265,945274680,1.2790368762075364e-16,0.0068359375,True,PASS,PASS,True,True,raw/measured-r04-o07-p10/benchmark_samples.csv,raw/measured-r04-o07-p10/benchmark_summary.json,raw/measured-r04-o07-p10/stdout.txt,raw/measured-r04-o07-p10/stderr.txt
csc3-demo-windows-process-benchmark-v1,measured-r04-o08-p09,measured,4,8,9,21544,2026-07-26T07:56:52.650151Z,2026-07-26T07:57:04.108059Z,11.457910399999946,0,5150679040,GetProcessMemoryInfo.PeakWorkingSetSize,9,9,1918.1149,2959.9325,87.6442,3047.5767,1237.2875,337.2365,1574.524,945274680,1.1648622715958385e-16,0.005859375,True,PASS,PASS,True,True,raw/measured-r04-o08-p09/benchmark_samples.csv,raw/measured-r04-o08-p09/benchmark_summary.json,raw/measured-r04-o08-p09/stdout.txt,raw/measured-r04-o08-p09/stderr.txt
csc3-demo-windows-process-benchmark-v1,measured-r04-o09-p08,measured,4,9,8,21128,2026-07-26T07:57:04.133838Z,2026-07-26T07:57:15.893607Z,11.759771499999715,0,5150388224,GetProcessMemoryInfo.PeakWorkingSetSize,8,8,1894.6965,2975.4163,91.1619,3066.5782,1298.934,372.6734,1671.6073999999999,945274680,9.821395003939661e-17,0.005859375,True,PASS,PASS,True,True,raw/measured-r04-o09-p08/benchmark_samples.csv,raw/measured-r04-o09-p08/benchmark_summary.json,raw/measured-r04-o09-p08/stdout.txt,raw/measured-r04-o09-p08/stderr.txt
csc3-demo-windows-process-benchmark-v1,measured-r04-o10-p07,measured,4,10,7,2936,2026-07-26T07:57:15.913344Z,2026-07-26T07:57:27.743950Z,11.830606400000306,0,5150392320,GetProcessMemoryInfo.PeakWorkingSetSize,7,7,2050.2742,3052.531,93.6561,3146.1871,1286.3112,348.3576,1634.6688000000001,945274680,1.0879724122752808e-16,0.0068359375,True,PASS,PASS,True,True,raw/measured-r04-o10-p07/benchmark_samples.csv,raw/measured-r04-o10-p07/benchmark_summary.json,raw/measured-r04-o10-p07/stdout.txt,raw/measured-r04-o10-p07/stderr.txt
csc3-demo-windows-process-benchmark-v1,measured-r04-o11-p06,measured,4,11,6,20832,2026-07-26T07:57:27.761925Z,2026-07-26T07:57:39.503925Z,11.742005399999925,0,5150396416,GetProcessMemoryInfo.PeakWorkingSetSize,6,6,1904.8676,2962.3052,87.9059,3050.2111,1363.0252,346.4071,1709.4323,945274680,1.5373094614138812e-17,0.0048828125,True,PASS,PASS,True,True,raw/measured-r04-o11-p06/benchmark_samples.csv,raw/measured-r04-o11-p06/benchmark_summary.json,raw/measured-r04-o11-p06/stdout.txt,raw/measured-r04-o11-p06/stderr.txt
csc3-demo-windows-process-benchmark-v1,measured-r04-o12-p05,measured,4,12,5,18728,2026-07-26T07:57:39.537452Z,2026-07-26T07:57:51.415614Z,11.878162299999985,0,5150466048,GetProcessMemoryInfo.PeakWorkingSetSize,5,5,1866.0111,2981.0166,87.4193,3068.4359,1466.9002,360.458,1827.3582000000001,945274680,9.143635791553806e-17,0.005859375,True,PASS,PASS,True,True,raw/measured-r04-o12-p05/benchmark_samples.csv,raw/measured-r04-o12-p05/benchmark_summary.json,raw/measured-r04-o12-p05/stdout.txt,raw/measured-r04-o12-p05/stderr.txt
csc3-demo-windows-process-benchmark-v1,measured-r04-o13-p04,measured,4,13,4,21588,2026-07-26T07:57:51.432454Z,2026-07-26T07:58:03.608142Z,12.175690399999894,0,5150576640,GetProcessMemoryInfo.PeakWorkingSetSize,4,4,1881.7918,2984.1648,86.8247,3070.9895,1583.0963,391.3563,1974.4525999999998,945274680,1.6581320530206032e-17,0.005859375,True,PASS,PASS,True,True,raw/measured-r04-o13-p04/benchmark_samples.csv,raw/measured-r04-o13-p04/benchmark_summary.json,raw/measured-r04-o13-p04/stdout.txt,raw/measured-r04-o13-p04/stderr.txt
csc3-demo-windows-process-benchmark-v1,measured-r04-o14-p03,measured,4,14,3,20804,2026-07-26T07:58:03.625202Z,2026-07-26T07:58:16.552202Z,12.927006600000368,0,5150384128,GetProcessMemoryInfo.PeakWorkingSetSize,3,3,1920.4802,2977.2062,88.6919,3065.8981,1808.6709,448.9321,2257.603,945274680,1.3332735943307709e-17,0.00390625,True,PASS,PASS,True,True,raw/measured-r04-o14-p03/benchmark_samples.csv,raw/measured-r04-o14-p03/benchmark_summary.json,raw/measured-r04-o14-p03/stdout.txt,raw/measured-r04-o14-p03/stderr.txt
csc3-demo-windows-process-benchmark-v1,measured-r04-o15-p02,measured,4,15,2,20916,2026-07-26T07:58:16.583754Z,2026-07-26T07:58:30.230255Z,13.646502999999939,0,5150638080,GetProcessMemoryInfo.PeakWorkingSetSize,2,2,1943.438,3075.7106,87.282,3162.9926,2184.59,481.6404,2666.2304000000004,945274680,7.418517939808928e-18,0.00390625,True,PASS,PASS,True,True,raw/measured-r04-o15-p02/benchmark_samples.csv,raw/measured-r04-o15-p02/benchmark_summary.json,raw/measured-r04-o15-p02/stdout.txt,raw/measured-r04-o15-p02/stderr.txt
csc3-demo-windows-process-benchmark-v1,measured-r04-o16-p01,measured,4,16,1,8436,2026-07-26T07:58:30.247327Z,2026-07-26T07:58:45.916586Z,15.669260199999826,0,5150343168,GetProcessMemoryInfo.PeakWorkingSetSize,1,1,1889.6004,2982.6783,86.773,3069.4513,3205.1174,683.6852,3888.8026,945274680,0.0,0.0,True,PASS,PASS,True,True,raw/measured-r04-o16-p01/benchmark_samples.csv,raw/measured-r04-o16-p01/benchmark_summary.json,raw/measured-r04-o16-p01/stdout.txt,raw/measured-r04-o16-p01/stderr.txt
csc3-demo-windows-process-benchmark-v1,measured-r05-o01-p01,measured,5,1,1,21268,2026-07-26T07:58:45.934146Z,2026-07-26T07:59:01.399858Z,15.465713399999913,0,5150392320,GetProcessMemoryInfo.PeakWorkingSetSize,1,1,1886.1903,2997.9122,81.5798,3079.492,3108.8009,668.1913,3776.9922,945274680,0.0,0.0,True,PASS,PASS,True,True,raw/measured-r05-o01-p01/benchmark_samples.csv,raw/measured-r05-o01-p01/benchmark_summary.json,raw/measured-r05-o01-p01/stdout.txt,raw/measured-r05-o01-p01/stderr.txt
csc3-demo-windows-process-benchmark-v1,measured-r05-o02-p02,measured,5,2,2,12056,2026-07-26T07:59:01.416826Z,2026-07-26T07:59:15.353779Z,13.936955099999977,0,5150396416,GetProcessMemoryInfo.PeakWorkingSetSize,2,2,1878.9496,3129.3391,96.0058,3225.3449,2192.6128,539.6312,2732.2439999999997,945274680,8.344280452397046e-18,0.00390625,True,PASS,PASS,True,True,raw/measured-r05-o02-p02/benchmark_samples.csv,raw/measured-r05-o02-p02/benchmark_summary.json,raw/measured-r05-o02-p02/stdout.txt,raw/measured-r05-o02-p02/stderr.txt
csc3-demo-windows-process-benchmark-v1,measured-r05-o03-p03,measured,5,3,3,18712,2026-07-26T07:59:15.374458Z,2026-07-26T07:59:28.014647Z,12.640191999999843,0,5150330880,GetProcessMemoryInfo.PeakWorkingSetSize,3,3,1897.4898,2988.4704,88.3531,3076.8235,1813.6648,431.7871,2245.4519,945274680,1.3244639436439836e-17,0.00390625,True,PASS,PASS,True,True,raw/measured-r05-o03-p03/benchmark_samples.csv,raw/measured-r05-o03-p03/benchmark_summary.json,raw/measured-r05-o03-p03/stdout.txt,raw/measured-r05-o03-p03/stderr.txt
csc3-demo-windows-process-benchmark-v1,measured-r05-o04-p04,measured,5,4,4,22216,2026-07-26T07:59:28.040827Z,2026-07-26T07:59:40.253533Z,12.212707799999862,0,5150318592,GetProcessMemoryInfo.PeakWorkingSetSize,4,4,1912.2231,2957.6607,89.9953,3047.656,1589.7879,389.5855,1979.3734,945274680,1.7272758793220596e-17,0.005859375,True,PASS,PASS,True,True,raw/measured-r05-o04-p04/benchmark_samples.csv,raw/measured-r05-o04-p04/benchmark_summary.json,raw/measured-r05-o04-p04/stdout.txt,raw/measured-r05-o04-p04/stderr.txt
csc3-demo-windows-process-benchmark-v1,measured-r05-o05-p05,measured,5,5,5,21776,2026-07-26T07:59:40.278777Z,2026-07-26T07:59:52.206648Z,11.927872600000228,0,5150412800,GetProcessMemoryInfo.PeakWorkingSetSize,5,5,1863.7914,2991.5497,91.7055,3083.2552,1463.2215,362.3297,1825.5512,945274680,9.144537218609455e-17,0.005859375,True,PASS,PASS,True,True,raw/measured-r05-o05-p05/benchmark_samples.csv,raw/measured-r05-o05-p05/benchmark_summary.json,raw/measured-r05-o05-p05/stdout.txt,raw/measured-r05-o05-p05/stderr.txt
csc3-demo-windows-process-benchmark-v1,measured-r05-o06-p06,measured,5,6,6,2136,2026-07-26T07:59:52.232825Z,2026-07-26T08:00:03.929920Z,11.69709580000017,0,5150470144,GetProcessMemoryInfo.PeakWorkingSetSize,6,6,1889.0085,2979.0979,96.5348,3075.6327,1345.6771,345.6832,1691.3603,945274680,1.400968859741652e-17,0.0048828125,True,PASS,PASS,True,True,raw/measured-r05-o06-p06/benchmark_samples.csv,raw/measured-r05-o06-p06/benchmark_summary.json,raw/measured-r05-o06-p06/stdout.txt,raw/measured-r05-o06-p06/stderr.txt
csc3-demo-windows-process-benchmark-v1,measured-r05-o07-p07,measured,5,7,7,2780,2026-07-26T08:00:03.947001Z,2026-07-26T08:00:16.076878Z,12.129878799999915,0,5150593024,GetProcessMemoryInfo.PeakWorkingSetSize,7,7,1980.4572,3072.9479,93.581,3166.5289000000002,1328.1187,349.502,1677.6207,945274680,1.0878688208512366e-16,0.0068359375,True,PASS,PASS,True,True,raw/measured-r05-o07-p07/benchmark_samples.csv,raw/measured-r05-o07-p07/benchmark_summary.json,raw/measured-r05-o07-p07/stdout.txt,raw/measured-r05-o07-p07/stderr.txt
csc3-demo-windows-process-benchmark-v1,measured-r05-o08-p08,measured,5,8,8,19128,2026-07-26T08:00:16.102528Z,2026-07-26T08:00:27.672371Z,11.56984330000023,0,5150621696,GetProcessMemoryInfo.PeakWorkingSetSize,8,8,1881.0361,2966.5728,86.8258,3053.3986,1262.4087,334.7795,1597.1882,945274680,9.827300994198831e-17,0.005859375,True,PASS,PASS,True,True,raw/measured-r05-o08-p08/benchmark_samples.csv,raw/measured-r05-o08-p08/benchmark_summary.json,raw/measured-r05-o08-p08/stdout.txt,raw/measured-r05-o08-p08/stderr.txt
csc3-demo-windows-process-benchmark-v1,measured-r05-o09-p09,measured,5,9,9,22472,2026-07-26T08:00:27.697248Z,2026-07-26T08:00:39.162148Z,11.464901900000314,0,5150486528,GetProcessMemoryInfo.PeakWorkingSetSize,9,9,1925.9562,2964.2687,82.3647,3046.6334,1218.6752,334.8545,1553.5296999999998,945274680,1.1652804497557186e-16,0.005859375,True,PASS,PASS,True,True,raw/measured-r05-o09-p09/benchmark_samples.csv,raw/measured-r05-o09-p09/benchmark_summary.json,raw/measured-r05-o09-p09/stdout.txt,raw/measured-r05-o09-p09/stderr.txt
csc3-demo-windows-process-benchmark-v1,measured-r05-o10-p10,measured,5,10,10,19496,2026-07-26T08:00:39.183571Z,2026-07-26T08:00:50.592592Z,11.409023400000024,0,5150507008,GetProcessMemoryInfo.PeakWorkingSetSize,10,10,1887.4,2979.2935,94.6845,3073.978,1192.3091,321.2294,1513.5384999999999,945274680,1.2782406442445737e-16,0.0068359375,True,PASS,PASS,True,True,raw/measured-r05-o10-p10/benchmark_samples.csv,raw/measured-r05-o10-p10/benchmark_summary.json,raw/measured-r05-o10-p10/stdout.txt,raw/measured-r05-o10-p10/stderr.txt
csc3-demo-windows-process-benchmark-v1,measured-r05-o11-p11,measured,5,11,11,20628,2026-07-26T08:00:50.620060Z,2026-07-26T08:01:01.953808Z,11.33374909999975,0,5150670848,GetProcessMemoryInfo.PeakWorkingSetSize,11,11,1898.9809,2964.7249,88.7483,3053.4732000000004,1155.0172,326.2698,1481.287,945274680,1.364554511965286e-16,0.0068359375,True,PASS,PASS,True,True,raw/measured-r05-o11-p11/benchmark_samples.csv,raw/measured-r05-o11-p11/benchmark_summary.json,raw/measured-r05-o11-p11/stdout.txt,raw/measured-r05-o11-p11/stderr.txt
csc3-demo-windows-process-benchmark-v1,measured-r05-o12-p12,measured,5,12,12,8864,2026-07-26T08:01:01.971619Z,2026-07-26T08:01:13.586677Z,11.615058300000328,0,5150588928,GetProcessMemoryInfo.PeakWorkingSetSize,12,12,1885.4932,3073.5135,98.2565,3171.77,1179.5716,332.4647,1512.0363,945274680,2.0296725916285018e-17,0.005859375,True,PASS,PASS,True,True,raw/measured-r05-o12-p12/benchmark_samples.csv,raw/measured-r05-o12-p12/benchmark_summary.json,raw/measured-r05-o12-p12/stdout.txt,raw/measured-r05-o12-p12/stderr.txt
csc3-demo-windows-process-benchmark-v1,measured-r05-o13-p13,measured,5,13,13,19484,2026-07-26T08:01:13.604209Z,2026-07-26T08:01:24.967053Z,11.362845799999832,0,5150474240,GetProcessMemoryInfo.PeakWorkingSetSize,13,13,1998.3588,3030.8856,85.3595,3116.2451,1135.3793,321.0494,1456.4287,945274680,1.4810858215059791e-16,0.0068359375,True,PASS,PASS,True,True,raw/measured-r05-o13-p13/benchmark_samples.csv,raw/measured-r05-o13-p13/benchmark_summary.json,raw/measured-r05-o13-p13/stdout.txt,raw/measured-r05-o13-p13/stderr.txt
csc3-demo-windows-process-benchmark-v1,measured-r05-o14-p14,measured,5,14,14,16472,2026-07-26T08:01:24.989149Z,2026-07-26T08:01:36.161479Z,11.172332299999653,0,5150547968,GetProcessMemoryInfo.PeakWorkingSetSize,14,14,1883.8775,2963.172,84.9772,3048.1492,1113.8058,309.9094,1423.7152,945274680,1.5005074718553744e-16,0.0078125,True,PASS,PASS,True,True,raw/measured-r05-o14-p14/benchmark_samples.csv,raw/measured-r05-o14-p14/benchmark_summary.json,raw/measured-r05-o14-p14/stdout.txt,raw/measured-r05-o14-p14/stderr.txt
csc3-demo-windows-process-benchmark-v1,measured-r05-o15-p15,measured,5,15,15,18252,2026-07-26T08:01:36.185831Z,2026-07-26T08:01:47.398210Z,11.212380099999791,0,5150646272,GetProcessMemoryInfo.PeakWorkingSetSize,15,15,1888.523,2999.3365,98.7612,3098.0977,1111.5513,310.3645,1421.9158000000002,945274680,1.5104878134182438e-16,0.0078125,True,PASS,PASS,True,True,raw/measured-r05-o15-p15/benchmark_samples.csv,raw/measured-r05-o15-p15/benchmark_summary.json,raw/measured-r05-o15-p15/stdout.txt,raw/measured-r05-o15-p15/stderr.txt
csc3-demo-windows-process-benchmark-v1,measured-r05-o16-p16,measured,5,16,16,12992,2026-07-26T08:01:47.415797Z,2026-07-26T08:01:58.650838Z,11.235043299999688,0,5150670848,GetProcessMemoryInfo.PeakWorkingSetSize,16,16,1888.1382,2990.7904,89.282,3080.0724,1129.2708,312.9637,1442.2345,945274680,1.500487514706685e-16,0.005859375,True,PASS,PASS,True,True,raw/measured-r05-o16-p16/benchmark_samples.csv,raw/measured-r05-o16-p16/benchmark_summary.json,raw/measured-r05-o16-p16/stdout.txt,raw/measured-r05-o16-p16/stderr.txt
csc3-demo-windows-process-benchmark-v1,measured-r06-o01-p16,measured,6,1,16,1528,2026-07-26T08:01:58.673276Z,2026-07-26T08:02:10.247052Z,11.57377729999962,0,5150793728,GetProcessMemoryInfo.PeakWorkingSetSize,16,16,1914.9187,2962.8812,80.4304,3043.3116,1183.7865,335.4528,1519.2393,945274680,1.5065059604488824e-16,0.005859375,True,PASS,PASS,True,True,raw/measured-r06-o01-p16/benchmark_samples.csv,raw/measured-r06-o01-p16/benchmark_summary.json,raw/measured-r06-o01-p16/stdout.txt,raw/measured-r06-o01-p16/stderr.txt
csc3-demo-windows-process-benchmark-v1,measured-r06-o02-p15,measured,6,2,15,7636,2026-07-26T08:02:10.272861Z,2026-07-26T08:02:21.700215Z,11.42735539999967,0,5150658560,GetProcessMemoryInfo.PeakWorkingSetSize,15,15,2028.5669,3065.6246,87.3892,3153.0138,1111.467,316.2444,1427.7114000000001,945274680,1.503992167678878e-16,0.0078125,True,PASS,PASS,True,True,raw/measured-r06-o02-p15/benchmark_samples.csv,raw/measured-r06-o02-p15/benchmark_summary.json,raw/measured-r06-o02-p15/stdout.txt,raw/measured-r06-o02-p15/stderr.txt
csc3-demo-windows-process-benchmark-v1,measured-r06-o03-p14,measured,6,3,14,7856,2026-07-26T08:02:21.726299Z,2026-07-26T08:02:32.917243Z,11.190945900000315,0,5150531584,GetProcessMemoryInfo.PeakWorkingSetSize,14,14,1912.2628,2961.2326,85.1123,3046.3449,1104.3311,327.1078,1431.4389,945274680,1.5016032426683701e-16,0.0078125,True,PASS,PASS,True,True,raw/measured-r06-o03-p14/benchmark_samples.csv,raw/measured-r06-o03-p14/benchmark_summary.json,raw/measured-r06-o03-p14/stdout.txt,raw/measured-r06-o03-p14/stderr.txt
csc3-demo-windows-process-benchmark-v1,measured-r06-o04-p13,measured,6,4,13,9408,2026-07-26T08:02:32.943013Z,2026-07-26T08:02:44.147579Z,11.204568300000119,0,5150666752,GetProcessMemoryInfo.PeakWorkingSetSize,13,13,1889.4555,2961.8731,86.3769,3048.25,1115.5195,315.4759,1430.9954000000002,945274680,1.4806195124153405e-16,0.0068359375,True,PASS,PASS,True,True,raw/measured-r06-o04-p13/benchmark_samples.csv,raw/measured-r06-o04-p13/benchmark_summary.json,raw/measured-r06-o04-p13/stdout.txt,raw/measured-r06-o04-p13/stderr.txt
csc3-demo-windows-process-benchmark-v1,measured-r06-o05-p12,measured,6,5,12,20612,2026-07-26T08:02:44.180140Z,2026-07-26T08:02:55.454165Z,11.274025600000186,0,5150576640,GetProcessMemoryInfo.PeakWorkingSetSize,12,12,1899.0284,2959.2421,101.1824,3060.4245,1135.7751,319.0191,1454.7942,945274680,2.0435713235555313e-17,0.005859375,True,PASS,PASS,True,True,raw/measured-r06-o05-p12/benchmark_samples.csv,raw/measured-r06-o05-p12/benchmark_summary.json,raw/measured-r06-o05-p12/stdout.txt,raw/measured-r06-o05-p12/stderr.txt
csc3-demo-windows-process-benchmark-v1,measured-r06-o06-p11,measured,6,6,11,3788,2026-07-26T08:02:55.483115Z,2026-07-26T08:03:06.930806Z,11.447689900000114,0,5150531584,GetProcessMemoryInfo.PeakWorkingSetSize,11,11,1876.8183,3006.8431,85.7161,3092.5592,1145.7921,414.133,1559.9251,945274680,1.3674338649841778e-16,0.0068359375,True,PASS,PASS,True,True,raw/measured-r06-o06-p11/benchmark_samples.csv,raw/measured-r06-o06-p11/benchmark_summary.json,raw/measured-r06-o06-p11/stdout.txt,raw/measured-r06-o06-p11/stderr.txt
csc3-demo-windows-process-benchmark-v1,measured-r06-o07-p10,measured,6,7,10,3424,2026-07-26T08:03:06.949712Z,2026-07-26T08:03:18.737955Z,11.788242999999966,0,5150912512,GetProcessMemoryInfo.PeakWorkingSetSize,10,10,1991.5184,3126.5513,90.8891,3217.4404,1225.377,352.1397,1577.5167,945274680,1.2785081339306046e-16,0.0068359375,True,PASS,PASS,True,True,raw/measured-r06-o07-p10/benchmark_samples.csv,raw/measured-r06-o07-p10/benchmark_summary.json,raw/measured-r06-o07-p10/stdout.txt,raw/measured-r06-o07-p10/stderr.txt
csc3-demo-windows-process-benchmark-v1,measured-r06-o08-p09,measured,6,8,9,8948,2026-07-26T08:03:18.757427Z,2026-07-26T08:03:30.211921Z,11.454494699999941,0,5150388224,GetProcessMemoryInfo.PeakWorkingSetSize,9,9,1919.403,2971.3399,89.5689,3060.9088,1226.8148,327.4476,1554.2624,945274680,1.164836061798278e-16,0.005859375,True,PASS,PASS,True,True,raw/measured-r06-o08-p09/benchmark_samples.csv,raw/measured-r06-o08-p09/benchmark_summary.json,raw/measured-r06-o08-p09/stdout.txt,raw/measured-r06-o08-p09/stderr.txt
csc3-demo-windows-process-benchmark-v1,measured-r06-o09-p08,measured,6,9,8,14536,2026-07-26T08:03:30.239182Z,2026-07-26T08:03:41.767110Z,11.527929800000038,0,5150572544,GetProcessMemoryInfo.PeakWorkingSetSize,8,8,1869.4251,2992.558,92.5478,3085.1058,1260.7582,343.3048,1604.063,945274680,9.807518055113618e-17,0.005859375,True,PASS,PASS,True,True,raw/measured-r06-o09-p08/benchmark_samples.csv,raw/measured-r06-o09-p08/benchmark_summary.json,raw/measured-r06-o09-p08/stdout.txt,raw/measured-r06-o09-p08/stderr.txt
csc3-demo-windows-process-benchmark-v1,measured-r06-o10-p07,measured,6,10,7,5676,2026-07-26T08:03:41.793522Z,2026-07-26T08:03:53.380089Z,11.586568400000033,0,5150539776,GetProcessMemoryInfo.PeakWorkingSetSize,7,7,1895.2957,2974.3652,85.0491,3059.4143000000004,1284.0723,334.2636,1618.3359,945274680,1.0883846504508083e-16,0.0068359375,True,PASS,PASS,True,True,raw/measured-r06-o10-p07/benchmark_samples.csv,raw/measured-r06-o10-p07/benchmark_summary.json,raw/measured-r06-o10-p07/stdout.txt,raw/measured-r06-o10-p07/stderr.txt
csc3-demo-windows-process-benchmark-v1,measured-r06-o11-p06,measured,6,11,6,19660,2026-07-26T08:03:53.412503Z,2026-07-26T08:04:05.142598Z,11.730096900000262,0,5150531584,GetProcessMemoryInfo.PeakWorkingSetSize,6,6,1874.2788,2976.1848,84.4051,3060.5899,1354.9511,399.1894,1754.1405,945274680,1.413858760456547e-17,0.0048828125,True,PASS,PASS,True,True,raw/measured-r06-o11-p06/benchmark_samples.csv,raw/measured-r06-o11-p06/benchmark_summary.json,raw/measured-r06-o11-p06/stdout.txt,raw/measured-r06-o11-p06/stderr.txt
csc3-demo-windows-process-benchmark-v1,measured-r06-o12-p05,measured,6,12,5,20648,2026-07-26T08:04:05.160300Z,2026-07-26T08:04:17.427409Z,12.267122199999903,0,5150556160,GetProcessMemoryInfo.PeakWorkingSetSize,5,5,1983.8837,3139.1113,85.289,3224.4003000000002,1469.2813,361.6841,1830.9654,945274680,9.141101772263629e-17,0.005859375,True,PASS,PASS,True,True,raw/measured-r06-o12-p05/benchmark_samples.csv,raw/measured-r06-o12-p05/benchmark_summary.json,raw/measured-r06-o12-p05/stdout.txt,raw/measured-r06-o12-p05/stderr.txt
csc3-demo-windows-process-benchmark-v1,measured-r06-o13-p04,measured,6,13,4,8744,2026-07-26T08:04:17.444973Z,2026-07-26T08:04:29.634943Z,12.189972699999998,0,5150113792,GetProcessMemoryInfo.PeakWorkingSetSize,4,4,1877.631,2967.7135,81.8459,3049.5593999999996,1575.8289,387.967,1963.7959,945274680,1.613914891159961e-17,0.005859375,True,PASS,PASS,True,True,raw/measured-r06-o13-p04/benchmark_samples.csv,raw/measured-r06-o13-p04/benchmark_summary.json,raw/measured-r06-o13-p04/stdout.txt,raw/measured-r06-o13-p04/stderr.txt
csc3-demo-windows-process-benchmark-v1,measured-r06-o14-p03,measured,6,14,3,21892,2026-07-26T08:04:29.655789Z,2026-07-26T08:04:42.317977Z,12.662188599999809,0,5150380032,GetProcessMemoryInfo.PeakWorkingSetSize,3,3,1908.4287,2970.8462,89.9663,3060.8125,1774.0737,426.7757,2200.8494,945274680,1.3383015563766492e-17,0.0048828125,True,PASS,PASS,True,True,raw/measured-r06-o14-p03/benchmark_samples.csv,raw/measured-r06-o14-p03/benchmark_summary.json,raw/measured-r06-o14-p03/stdout.txt,raw/measured-r06-o14-p03/stderr.txt
csc3-demo-windows-process-benchmark-v1,measured-r06-o15-p02,measured,6,15,2,17960,2026-07-26T08:04:42.347693Z,2026-07-26T08:04:55.802486Z,13.454795900000136,0,5150236672,GetProcessMemoryInfo.PeakWorkingSetSize,2,2,1900.2867,2964.2382,90.6613,3054.8995,2221.2249,491.1041,2712.329,945274680,8.750629317284791e-18,0.0048828125,True,PASS,PASS,True,True,raw/measured-r06-o15-p02/benchmark_samples.csv,raw/measured-r06-o15-p02/benchmark_summary.json,raw/measured-r06-o15-p02/stdout.txt,raw/measured-r06-o15-p02/stderr.txt
csc3-demo-windows-process-benchmark-v1,measured-r06-o16-p01,measured,6,16,1,21628,2026-07-26T08:04:55.837599Z,2026-07-26T08:05:11.668571Z,15.830973399999948,0,5150175232,GetProcessMemoryInfo.PeakWorkingSetSize,1,1,1910.3249,2979.7,84.3897,3064.0897,3203.0161,709.9522,3912.9682999999995,945274680,0.0,0.0,True,PASS,PASS,True,True,raw/measured-r06-o16-p01/benchmark_samples.csv,raw/measured-r06-o16-p01/benchmark_summary.json,raw/measured-r06-o16-p01/stdout.txt,raw/measured-r06-o16-p01/stderr.txt
csc3-demo-windows-process-benchmark-v1,measured-r07-o01-p01,measured,7,1,1,448,2026-07-26T08:05:11.698668Z,2026-07-26T08:05:27.440383Z,15.741715399999975,0,5150187520,GetProcessMemoryInfo.PeakWorkingSetSize,1,1,2019.1681,3029.8996,84.7985,3114.6981,3149.9594,668.0833,3818.0427,945274680,0.0,0.0,True,PASS,PASS,True,True,raw/measured-r07-o01-p01/benchmark_samples.csv,raw/measured-r07-o01-p01/benchmark_summary.json,raw/measured-r07-o01-p01/stdout.txt,raw/measured-r07-o01-p01/stderr.txt
csc3-demo-windows-process-benchmark-v1,measured-r07-o02-p02,measured,7,2,2,6668,2026-07-26T08:05:27.471429Z,2026-07-26T08:05:40.863269Z,13.39183120000007,0,5150351360,GetProcessMemoryInfo.PeakWorkingSetSize,2,2,1871.7857,2961.3489,88.1142,3049.4631,2170.5765,519.9621,2690.5386,945274680,1.0264237737608055e-17,0.0048828125,True,PASS,PASS,True,True,raw/measured-r07-o02-p02/benchmark_samples.csv,raw/measured-r07-o02-p02/benchmark_summary.json,raw/measured-r07-o02-p02/stdout.txt,raw/measured-r07-o02-p02/stderr.txt
csc3-demo-windows-process-benchmark-v1,measured-r07-o03-p03,measured,7,3,3,21996,2026-07-26T08:05:40.884861Z,2026-07-26T08:05:53.480962Z,12.5961113999997,0,5150359552,GetProcessMemoryInfo.PeakWorkingSetSize,3,3,1915.2418,2973.4558,85.8623,3059.3181000000004,1781.419,424.1139,2205.5329,945274680,1.3494431476581204e-17,0.0048828125,True,PASS,PASS,True,True,raw/measured-r07-o03-p03/benchmark_samples.csv,raw/measured-r07-o03-p03/benchmark_summary.json,raw/measured-r07-o03-p03/stdout.txt,raw/measured-r07-o03-p03/stderr.txt
csc3-demo-windows-process-benchmark-v1,measured-r07-o04-p04,measured,7,4,4,16620,2026-07-26T08:05:53.512776Z,2026-07-26T08:06:05.797899Z,12.285120300000017,0,5150420992,GetProcessMemoryInfo.PeakWorkingSetSize,4,4,1870.0149,2985.0431,84.4428,3069.4858999999997,1593.5118,425.7591,2019.2709,945274680,1.6883029242425456e-17,0.005859375,True,PASS,PASS,True,True,raw/measured-r07-o04-p04/benchmark_samples.csv,raw/measured-r07-o04-p04/benchmark_summary.json,raw/measured-r07-o04-p04/stdout.txt,raw/measured-r07-o04-p04/stderr.txt
csc3-demo-windows-process-benchmark-v1,measured-r07-o05-p05,measured,7,5,5,5608,2026-07-26T08:06:05.815241Z,2026-07-26T08:06:18.124885Z,12.309646799999882,0,5150433280,GetProcessMemoryInfo.PeakWorkingSetSize,5,5,2006.0517,3132.6585,95.0405,3227.699,1466.8294,360.5076,1827.337,945274680,9.14604003131482e-17,0.005859375,True,PASS,PASS,True,True,raw/measured-r07-o05-p05/benchmark_samples.csv,raw/measured-r07-o05-p05/benchmark_summary.json,raw/measured-r07-o05-p05/stdout.txt,raw/measured-r07-o05-p05/stderr.txt
csc3-demo-windows-process-benchmark-v1,measured-r07-o06-p06,measured,7,6,6,21752,2026-07-26T08:06:18.143142Z,2026-07-26T08:06:29.881310Z,11.738168700000188,0,5150507008,GetProcessMemoryInfo.PeakWorkingSetSize,6,6,1892.2808,3015.4468,97.6748,3113.1216000000004,1352.356,349.2953,1701.6513,945274680,1.454321228073065e-17,0.0048828125,True,PASS,PASS,True,True,raw/measured-r07-o06-p06/benchmark_samples.csv,raw/measured-r07-o06-p06/benchmark_summary.json,raw/measured-r07-o06-p06/stdout.txt,raw/measured-r07-o06-p06/stderr.txt
csc3-demo-windows-process-benchmark-v1,measured-r07-o07-p07,measured,7,7,7,9444,2026-07-26T08:06:29.901987Z,2026-07-26T08:06:41.536903Z,11.634921500000019,0,5150490624,GetProcessMemoryInfo.PeakWorkingSetSize,7,7,1913.5341,2988.5733,84.141,3072.7143,1302.7244,339.0868,1641.8112,945274680,1.0877333218562806e-16,0.0068359375,True,PASS,PASS,True,True,raw/measured-r07-o07-p07/benchmark_samples.csv,raw/measured-r07-o07-p07/benchmark_summary.json,raw/measured-r07-o07-p07/stdout.txt,raw/measured-r07-o07-p07/stderr.txt
csc3-demo-windows-process-benchmark-v1,measured-r07-o08-p08,measured,7,8,8,6304,2026-07-26T08:06:41.564121Z,2026-07-26T08:06:53.072238Z,11.508117400000174,0,5150703616,GetProcessMemoryInfo.PeakWorkingSetSize,8,8,1878.3483,2963.2598,85.458,3048.7178,1280.7781,332.5237,1613.3018,945274680,9.817703352582323e-17,0.005859375,True,PASS,PASS,True,True,raw/measured-r07-o08-p08/benchmark_samples.csv,raw/measured-r07-o08-p08/benchmark_summary.json,raw/measured-r07-o08-p08/stdout.txt,raw/measured-r07-o08-p08/stderr.txt
csc3-demo-windows-process-benchmark-v1,measured-r07-o09-p09,measured,7,9,9,3740,2026-07-26T08:06:53.091672Z,2026-07-26T08:07:04.775691Z,11.68402130000004,0,5150572544,GetProcessMemoryInfo.PeakWorkingSetSize,9,9,1873.5543,3008.6206,103.8368,3112.4574000000002,1272.8256,342.6144,1615.4399999999998,945274680,1.1648427324049376e-16,0.005859375,True,PASS,PASS,True,True,raw/measured-r07-o09-p09/benchmark_samples.csv,raw/measured-r07-o09-p09/benchmark_summary.json,raw/measured-r07-o09-p09/stdout.txt,raw/measured-r07-o09-p09/stderr.txt
csc3-demo-windows-process-benchmark-v1,measured-r07-o10-p10,measured,7,10,10,19764,2026-07-26T08:07:04.795606Z,2026-07-26T08:07:16.590135Z,11.79453119999971,0,5150662656,GetProcessMemoryInfo.PeakWorkingSetSize,10,10,2155.5709,3035.8666,101.1727,3137.0393,1214.251,320.1826,1534.4335999999998,945274680,1.2785161242918541e-16,0.0068359375,True,PASS,PASS,True,True,raw/measured-r07-o10-p10/benchmark_samples.csv,raw/measured-r07-o10-p10/benchmark_summary.json,raw/measured-r07-o10-p10/stdout.txt,raw/measured-r07-o10-p10/stderr.txt
csc3-demo-windows-process-benchmark-v1,measured-r07-o11-p11,measured,7,11,11,22320,2026-07-26T08:07:16.610470Z,2026-07-26T08:07:27.937273Z,11.326804400000128,0,5150560256,GetProcessMemoryInfo.PeakWorkingSetSize,11,11,1917.9995,2976.4446,83.8619,3060.3064999999997,1151.588,324.5437,1476.1317,945274680,1.366480159980483e-16,0.0068359375,True,PASS,PASS,True,True,raw/measured-r07-o11-p11/benchmark_samples.csv,raw/measured-r07-o11-p11/benchmark_summary.json,raw/measured-r07-o11-p11/stdout.txt,raw/measured-r07-o11-p11/stderr.txt
csc3-demo-windows-process-benchmark-v1,measured-r07-o12-p12,measured,7,12,12,12708,2026-07-26T08:07:27.958289Z,2026-07-26T08:07:39.155877Z,11.197588399999859,0,5150531584,GetProcessMemoryInfo.PeakWorkingSetSize,12,12,1900.1443,2972.0311,88.6238,3060.6549,1129.2357,318.2045,1447.4402,945274680,2.01346022380315e-17,0.005859375,True,PASS,PASS,True,True,raw/measured-r07-o12-p12/benchmark_samples.csv,raw/measured-r07-o12-p12/benchmark_summary.json,raw/measured-r07-o12-p12/stdout.txt,raw/measured-r07-o12-p12/stderr.txt
csc3-demo-windows-process-benchmark-v1,measured-r07-o13-p13,measured,7,13,13,11852,2026-07-26T08:07:39.173340Z,2026-07-26T08:07:50.387997Z,11.214659100000063,0,5150691328,GetProcessMemoryInfo.PeakWorkingSetSize,13,13,1879.6735,2999.9471,98.2986,3098.2457,1107.7936,319.113,1426.9066,945274680,1.4789168138191464e-16,0.0068359375,True,PASS,PASS,True,True,raw/measured-r07-o13-p13/benchmark_samples.csv,raw/measured-r07-o13-p13/benchmark_summary.json,raw/measured-r07-o13-p13/stdout.txt,raw/measured-r07-o13-p13/stderr.txt
csc3-demo-windows-process-benchmark-v1,measured-r07-o14-p14,measured,7,14,14,5456,2026-07-26T08:07:50.406163Z,2026-07-26T08:08:01.822323Z,11.416160899999795,0,5150482432,GetProcessMemoryInfo.PeakWorkingSetSize,14,14,1885.6266,2971.8016,85.2165,3057.0181,1169.1312,361.2323,1530.3635,945274680,1.5035285053890194e-16,0.005859375,True,PASS,PASS,True,True,raw/measured-r07-o14-p14/benchmark_samples.csv,raw/measured-r07-o14-p14/benchmark_summary.json,raw/measured-r07-o14-p14/stdout.txt,raw/measured-r07-o14-p14/stderr.txt
csc3-demo-windows-process-benchmark-v1,measured-r07-o15-p15,measured,7,15,15,3740,2026-07-26T08:08:01.840341Z,2026-07-26T08:08:13.346789Z,11.506449099999827,0,5150814208,GetProcessMemoryInfo.PeakWorkingSetSize,15,15,2026.0251,3077.2752,83.8336,3161.1088,1124.0742,311.8695,1435.9437,945274680,1.5028036709245859e-16,0.0078125,True,PASS,PASS,True,True,raw/measured-r07-o15-p15/benchmark_samples.csv,raw/measured-r07-o15-p15/benchmark_summary.json,raw/measured-r07-o15-p15/stdout.txt,raw/measured-r07-o15-p15/stderr.txt
csc3-demo-windows-process-benchmark-v1,measured-r07-o16-p16,measured,7,16,16,22092,2026-07-26T08:08:13.365370Z,2026-07-26T08:08:24.638695Z,11.273327599999902,0,5150748672,GetProcessMemoryInfo.PeakWorkingSetSize,16,16,1895.0887,2986.699,88.05,3074.7490000000003,1131.7447,316.4561,1448.2008,945274680,1.507998794147896e-16,0.005859375,True,PASS,PASS,True,True,raw/measured-r07-o16-p16/benchmark_samples.csv,raw/measured-r07-o16-p16/benchmark_summary.json,raw/measured-r07-o16-p16/stdout.txt,raw/measured-r07-o16-p16/stderr.txt
