evaluation_schema_version,metric_contract,case_name,mesh,element_type,stiffness_model,kernel,nodes,elements,dofs,repeat_index,run_status,run_error,mode,numeric_backend,threads,strategy_label,assemblies_per_symbolic,symbolic_builds,symbolic_csr_ms,symbolic_plan_ms,symbolic_total_ms,symbolic_temporary_bytes,backend_prepare_ms,assembly_numeric_ms,legacy_numeric_ms_without_prepare,numeric_ms,direct_generate_ms,direct_bucket_merge_ms,direct_sort_reduce_ms,amortized_total_ms,symbolic_gain_vs_direct,serial_direct_baseline_ms,speedup_vs_serial_direct,rel_l2,max_abs,matrix_correctness_status,matrix_correctness_reference_strategy,csr_bytes,plan_bytes,symbolic_persistent_bytes,common_output_matrix_bytes,numeric_backend_extra_bytes,direct_transient_bytes,estimated_peak_bytes,delta_vs_serial_symbolic_serial_numeric_bytes,delta_vs_serial_direct_bytes,isolated_peak_rss_mb,isolated_memory_metric,isolated_memory_measurement_source,isolated_peak_working_set_mb,isolated_peak_private_bytes_mb,memory_reference_strategy,time_scope,speedup_baseline_strategy,platform,cpu_model,physical_cores,logical_cores,repeat_count,pass_count,fail_count
pgsa-basic-metrics-v1,correctness_memory_time_v1,3d-WindTurbineHub,3d-WindTurbineHub,Tet4,linear_elastic_solid,linear_elastic_solid,228384,1113684,685152,,PASS,,parallel_symbolic_reuse,cpu_atomic,1,parallel_symbolic_parallel_numeric,1,1,2056.173764,1508.562835,3564.736599,149752608,0,1224.895589,1224.895589,1224.895589,0,0,0,4789.632188,0,0,0,0,0,PASS,serial_symbolic_serial_numeric,332767012,699393556,1032160568,332767012,0,0,1514680188,149752608,0,3120.988281,process_ru_maxrss,resource.getrusage(RUSAGE_CHILDREN).ru_maxrss,,,direct_no_symbolic_serial,mesh_ready_to_matrix_assembled,direct_no_symbolic_serial,Linux;x86_64;GCC 13.3;OpenMP 201511,Intel(R) Core(TM) Ultra 7 265KF,20,20,3,3,0
pgsa-basic-metrics-v1,correctness_memory_time_v1,3d-WindTurbineHub,3d-WindTurbineHub,Tet4,linear_elastic_solid,linear_elastic_solid,228384,1113684,685152,,PASS,,parallel_symbolic_reuse,cpu_atomic,10,parallel_symbolic_parallel_numeric,1,1,488.920577,445.704097,936.08364,149752608,0,213.054759,213.054759,213.054759,0,0,0,1149.138399,0,0,0,1.281938089e-16,0.005859375,PASS,serial_symbolic_serial_numeric,332767012,699393556,1032160568,332767012,0,0,1514680188,149752608,0,3677.769531,process_ru_maxrss,resource.getrusage(RUSAGE_CHILDREN).ru_maxrss,,,direct_no_symbolic_serial,mesh_ready_to_matrix_assembled,direct_no_symbolic_serial,Linux;x86_64;GCC 13.3;OpenMP 201511,Intel(R) Core(TM) Ultra 7 265KF,20,20,3,3,0
pgsa-basic-metrics-v1,correctness_memory_time_v1,3d-WindTurbineHub,3d-WindTurbineHub,Tet4,linear_elastic_solid,linear_elastic_solid,228384,1113684,685152,,PASS,,parallel_symbolic_reuse,cpu_atomic,11,parallel_symbolic_parallel_numeric,1,1,464.953736,431.950652,897.69466,149752608,0,201.291579,201.291579,201.291579,0,0,0,1098.986239,0,0,0,1.372476771e-16,0.0068359375,PASS,serial_symbolic_serial_numeric,332767012,699393556,1032160568,332767012,0,0,1514680188,149752608,0,3683.128906,process_ru_maxrss,resource.getrusage(RUSAGE_CHILDREN).ru_maxrss,,,direct_no_symbolic_serial,mesh_ready_to_matrix_assembled,direct_no_symbolic_serial,Linux;x86_64;GCC 13.3;OpenMP 201511,Intel(R) Core(TM) Ultra 7 265KF,20,20,3,3,0
pgsa-basic-metrics-v1,correctness_memory_time_v1,3d-WindTurbineHub,3d-WindTurbineHub,Tet4,linear_elastic_solid,linear_elastic_solid,228384,1113684,685152,,PASS,,parallel_symbolic_reuse,cpu_atomic,12,parallel_symbolic_parallel_numeric,1,1,453.408369,422.168322,874.59172,149752608,0,192.708292,192.708292,192.708292,0,0,0,1067.300012,0,0,0,1.936303812e-17,0.005859375,PASS,serial_symbolic_serial_numeric,332767012,699393556,1032160568,332767012,0,0,1514680188,149752608,0,3617.1875,process_ru_maxrss,resource.getrusage(RUSAGE_CHILDREN).ru_maxrss,,,direct_no_symbolic_serial,mesh_ready_to_matrix_assembled,direct_no_symbolic_serial,Linux;x86_64;GCC 13.3;OpenMP 201511,Intel(R) Core(TM) Ultra 7 265KF,20,20,3,3,0
pgsa-basic-metrics-v1,correctness_memory_time_v1,3d-WindTurbineHub,3d-WindTurbineHub,Tet4,linear_elastic_solid,linear_elastic_solid,228384,1113684,685152,,PASS,,parallel_symbolic_reuse,cpu_atomic,13,parallel_symbolic_parallel_numeric,1,1,430.962263,408.856769,841.999801,149752608,0,183.22843,183.22843,183.22843,0,0,0,1025.228231,0,0,0,1.473055398e-16,0.005859375,PASS,serial_symbolic_serial_numeric,332767012,699393556,1032160568,332767012,0,0,1514680188,149752608,0,3692.789062,process_ru_maxrss,resource.getrusage(RUSAGE_CHILDREN).ru_maxrss,,,direct_no_symbolic_serial,mesh_ready_to_matrix_assembled,direct_no_symbolic_serial,Linux;x86_64;GCC 13.3;OpenMP 201511,Intel(R) Core(TM) Ultra 7 265KF,20,20,3,3,0
pgsa-basic-metrics-v1,correctness_memory_time_v1,3d-WindTurbineHub,3d-WindTurbineHub,Tet4,linear_elastic_solid,linear_elastic_solid,228384,1113684,685152,,PASS,,parallel_symbolic_reuse,cpu_atomic,14,parallel_symbolic_parallel_numeric,1,1,425.162784,398.001753,822.661201,149752608,0,174.055541,174.055541,174.055541,0,0,0,996.716742,0,0,0,1.506554531e-16,0.0068359375,PASS,serial_symbolic_serial_numeric,332767012,699393556,1032160568,332767012,0,0,1514680188,149752608,0,3625.84375,process_ru_maxrss,resource.getrusage(RUSAGE_CHILDREN).ru_maxrss,,,direct_no_symbolic_serial,mesh_ready_to_matrix_assembled,direct_no_symbolic_serial,Linux;x86_64;GCC 13.3;OpenMP 201511,Intel(R) Core(TM) Ultra 7 265KF,20,20,3,3,0
pgsa-basic-metrics-v1,correctness_memory_time_v1,3d-WindTurbineHub,3d-WindTurbineHub,Tet4,linear_elastic_solid,linear_elastic_solid,228384,1113684,685152,,PASS,,parallel_symbolic_reuse,cpu_atomic,15,parallel_symbolic_parallel_numeric,1,1,431.877924,388.982521,821.287561,149752608,0,164.080185,164.080185,164.080185,0,0,0,985.367746,0,0,0,1.50236895e-16,0.0078125,PASS,serial_symbolic_serial_numeric,332767012,699393556,1032160568,332767012,0,0,1514680188,149752608,0,3629.054688,process_ru_maxrss,resource.getrusage(RUSAGE_CHILDREN).ru_maxrss,,,direct_no_symbolic_serial,mesh_ready_to_matrix_assembled,direct_no_symbolic_serial,Linux;x86_64;GCC 13.3;OpenMP 201511,Intel(R) Core(TM) Ultra 7 265KF,20,20,3,3,0
pgsa-basic-metrics-v1,correctness_memory_time_v1,3d-WindTurbineHub,3d-WindTurbineHub,Tet4,linear_elastic_solid,linear_elastic_solid,228384,1113684,685152,,PASS,,parallel_symbolic_reuse,cpu_atomic,16,parallel_symbolic_parallel_numeric,1,1,406.73292,383.483137,788.316337,149752608,0,159.817311,159.817311,159.817311,0,0,0,948.133648,0,0,0,1.507156051e-16,0.0068359375,PASS,serial_symbolic_serial_numeric,332767012,699393556,1032160568,332767012,0,0,1514680188,149752608,0,3632.496094,process_ru_maxrss,resource.getrusage(RUSAGE_CHILDREN).ru_maxrss,,,direct_no_symbolic_serial,mesh_ready_to_matrix_assembled,direct_no_symbolic_serial,Linux;x86_64;GCC 13.3;OpenMP 201511,Intel(R) Core(TM) Ultra 7 265KF,20,20,3,3,0
pgsa-basic-metrics-v1,correctness_memory_time_v1,3d-WindTurbineHub,3d-WindTurbineHub,Tet4,linear_elastic_solid,linear_elastic_solid,228384,1113684,685152,,PASS,,parallel_symbolic_reuse,cpu_atomic,17,parallel_symbolic_parallel_numeric,1,1,403.31604,375.652237,778.968277,149752608,0,151.979219,151.979219,151.979219,0,0,0,930.947496,0,0,0,1.52602919e-16,0.005859375,PASS,serial_symbolic_serial_numeric,332767012,699393556,1032160568,332767012,0,0,1514680188,149752608,0,3636.324219,process_ru_maxrss,resource.getrusage(RUSAGE_CHILDREN).ru_maxrss,,,direct_no_symbolic_serial,mesh_ready_to_matrix_assembled,direct_no_symbolic_serial,Linux;x86_64;GCC 13.3;OpenMP 201511,Intel(R) Core(TM) Ultra 7 265KF,20,20,3,3,0
pgsa-basic-metrics-v1,correctness_memory_time_v1,3d-WindTurbineHub,3d-WindTurbineHub,Tet4,linear_elastic_solid,linear_elastic_solid,228384,1113684,685152,,PASS,,parallel_symbolic_reuse,cpu_atomic,18,parallel_symbolic_parallel_numeric,1,1,430.344568,370.430045,800.774613,149752608,0,150.929956,150.929956,150.929956,0,0,0,951.704569,0,0,0,1.48205346e-16,0.0078125,PASS,serial_symbolic_serial_numeric,332767012,699393556,1032160568,332767012,0,0,1514680188,149752608,0,3640.238281,process_ru_maxrss,resource.getrusage(RUSAGE_CHILDREN).ru_maxrss,,,direct_no_symbolic_serial,mesh_ready_to_matrix_assembled,direct_no_symbolic_serial,Linux;x86_64;GCC 13.3;OpenMP 201511,Intel(R) Core(TM) Ultra 7 265KF,20,20,3,3,0
pgsa-basic-metrics-v1,correctness_memory_time_v1,3d-WindTurbineHub,3d-WindTurbineHub,Tet4,linear_elastic_solid,linear_elastic_solid,228384,1113684,685152,,PASS,,parallel_symbolic_reuse,cpu_atomic,19,parallel_symbolic_parallel_numeric,1,1,453.756332,364.874701,818.631033,149752608,0,146.886824,146.886824,146.886824,0,0,0,965.517857,0,0,0,1.512532504e-16,0.0068359375,PASS,serial_symbolic_serial_numeric,332767012,699393556,1032160568,332767012,0,0,1514680188,149752608,0,3643.003906,process_ru_maxrss,resource.getrusage(RUSAGE_CHILDREN).ru_maxrss,,,direct_no_symbolic_serial,mesh_ready_to_matrix_assembled,direct_no_symbolic_serial,Linux;x86_64;GCC 13.3;OpenMP 201511,Intel(R) Core(TM) Ultra 7 265KF,20,20,3,3,0
pgsa-basic-metrics-v1,correctness_memory_time_v1,3d-WindTurbineHub,3d-WindTurbineHub,Tet4,linear_elastic_solid,linear_elastic_solid,228384,1113684,685152,,PASS,,parallel_symbolic_reuse,cpu_atomic,2,parallel_symbolic_parallel_numeric,1,1,1227.237341,887.140148,2112.267362,149752608,0,650.008773,650.008773,650.008773,0,0,0,2762.276135,0,0,0,9.133864789e-18,0.00390625,PASS,serial_symbolic_serial_numeric,332767012,699393556,1032160568,332767012,0,0,1514680188,149752608,0,3340.242188,process_ru_maxrss,resource.getrusage(RUSAGE_CHILDREN).ru_maxrss,,,direct_no_symbolic_serial,mesh_ready_to_matrix_assembled,direct_no_symbolic_serial,Linux;x86_64;GCC 13.3;OpenMP 201511,Intel(R) Core(TM) Ultra 7 265KF,20,20,3,3,0
pgsa-basic-metrics-v1,correctness_memory_time_v1,3d-WindTurbineHub,3d-WindTurbineHub,Tet4,linear_elastic_solid,linear_elastic_solid,228384,1113684,685152,,PASS,,parallel_symbolic_reuse,cpu_atomic,20,parallel_symbolic_parallel_numeric,1,1,462.454717,365.914682,828.369399,149752608,0,145.765381,145.765381,145.765381,0,0,0,974.13478,0,0,0,1.488150187e-16,0.005859375,PASS,serial_symbolic_serial_numeric,332767012,699393556,1032160568,332767012,0,0,1514680188,149752608,0,3645.84375,process_ru_maxrss,resource.getrusage(RUSAGE_CHILDREN).ru_maxrss,,,direct_no_symbolic_serial,mesh_ready_to_matrix_assembled,direct_no_symbolic_serial,Linux;x86_64;GCC 13.3;OpenMP 201511,Intel(R) Core(TM) Ultra 7 265KF,20,20,3,3,0
pgsa-basic-metrics-v1,correctness_memory_time_v1,3d-WindTurbineHub,3d-WindTurbineHub,Tet4,linear_elastic_solid,linear_elastic_solid,228384,1113684,685152,,PASS,,parallel_symbolic_reuse,cpu_atomic,3,parallel_symbolic_parallel_numeric,1,1,910.619365,686.985321,1602.788963,149752608,0,463.522306,463.522306,463.522306,0,0,0,2066.311269,0,0,0,1.403818049e-17,0.005859375,PASS,serial_symbolic_serial_numeric,332767012,699393556,1032160568,332767012,0,0,1514680188,149752608,0,3478.183594,process_ru_maxrss,resource.getrusage(RUSAGE_CHILDREN).ru_maxrss,,,direct_no_symbolic_serial,mesh_ready_to_matrix_assembled,direct_no_symbolic_serial,Linux;x86_64;GCC 13.3;OpenMP 201511,Intel(R) Core(TM) Ultra 7 265KF,20,20,3,3,0
pgsa-basic-metrics-v1,correctness_memory_time_v1,3d-WindTurbineHub,3d-WindTurbineHub,Tet4,linear_elastic_solid,linear_elastic_solid,228384,1113684,685152,,PASS,,parallel_symbolic_reuse,cpu_atomic,4,parallel_symbolic_parallel_numeric,1,1,742.939919,580.902283,1325.871754,149752608,0,358.692257,358.692257,358.692257,0,0,0,1684.564011,0,0,0,1.73937983e-17,0.005859375,PASS,serial_symbolic_serial_numeric,332767012,699393556,1032160568,332767012,0,0,1514680188,149752608,0,3442.382812,process_ru_maxrss,resource.getrusage(RUSAGE_CHILDREN).ru_maxrss,,,direct_no_symbolic_serial,mesh_ready_to_matrix_assembled,direct_no_symbolic_serial,Linux;x86_64;GCC 13.3;OpenMP 201511,Intel(R) Core(TM) Ultra 7 265KF,20,20,3,3,0
pgsa-basic-metrics-v1,correctness_memory_time_v1,3d-WindTurbineHub,3d-WindTurbineHub,Tet4,linear_elastic_solid,linear_elastic_solid,228384,1113684,685152,,PASS,,parallel_symbolic_reuse,cpu_atomic,5,parallel_symbolic_parallel_numeric,1,1,653.841814,522.25465,1176.896887,149752608,0,297.736195,297.736195,297.736195,0,0,0,1474.633082,0,0,0,9.155307527e-17,0.005859375,PASS,serial_symbolic_serial_numeric,332767012,699393556,1032160568,332767012,0,0,1514680188,149752608,0,3487.964844,process_ru_maxrss,resource.getrusage(RUSAGE_CHILDREN).ru_maxrss,,,direct_no_symbolic_serial,mesh_ready_to_matrix_assembled,direct_no_symbolic_serial,Linux;x86_64;GCC 13.3;OpenMP 201511,Intel(R) Core(TM) Ultra 7 265KF,20,20,3,3,0
pgsa-basic-metrics-v1,correctness_memory_time_v1,3d-WindTurbineHub,3d-WindTurbineHub,Tet4,linear_elastic_solid,linear_elastic_solid,228384,1113684,685152,,PASS,,parallel_symbolic_reuse,cpu_atomic,6,parallel_symbolic_parallel_numeric,1,1,580.796217,480.028758,1058.159172,149752608,0,252.600249,252.600249,252.600249,0,0,0,1310.759421,0,0,0,1.520934586e-17,0.0048828125,PASS,serial_symbolic_serial_numeric,332767012,699393556,1032160568,332767012,0,0,1514680188,149752608,0,3511.050781,process_ru_maxrss,resource.getrusage(RUSAGE_CHILDREN).ru_maxrss,,,direct_no_symbolic_serial,mesh_ready_to_matrix_assembled,direct_no_symbolic_serial,Linux;x86_64;GCC 13.3;OpenMP 201511,Intel(R) Core(TM) Ultra 7 265KF,20,20,3,3,0
pgsa-basic-metrics-v1,correctness_memory_time_v1,3d-WindTurbineHub,3d-WindTurbineHub,Tet4,linear_elastic_solid,linear_elastic_solid,228384,1113684,685152,,PASS,,parallel_symbolic_reuse,cpu_atomic,7,parallel_symbolic_parallel_numeric,1,1,531.13667,448.944914,991.008893,149752608,0,222.740445,222.740445,222.740445,0,0,0,1213.749338,0,0,0,1.091598733e-16,0.005859375,PASS,serial_symbolic_serial_numeric,332767012,699393556,1032160568,332767012,0,0,1514680188,149752608,0,3535.132812,process_ru_maxrss,resource.getrusage(RUSAGE_CHILDREN).ru_maxrss,,,direct_no_symbolic_serial,mesh_ready_to_matrix_assembled,direct_no_symbolic_serial,Linux;x86_64;GCC 13.3;OpenMP 201511,Intel(R) Core(TM) Ultra 7 265KF,20,20,3,3,0
pgsa-basic-metrics-v1,correctness_memory_time_v1,3d-WindTurbineHub,3d-WindTurbineHub,Tet4,linear_elastic_solid,linear_elastic_solid,228384,1113684,685152,,PASS,,parallel_symbolic_reuse,cpu_atomic,8,parallel_symbolic_parallel_numeric,1,1,499.725668,426.404227,927.032338,149752608,0,200.464039,200.464039,200.464039,0,0,0,1127.496377,0,0,0,9.830976454e-17,0.0068359375,PASS,serial_symbolic_serial_numeric,332767012,699393556,1032160568,332767012,0,0,1514680188,149752608,0,3551.472656,process_ru_maxrss,resource.getrusage(RUSAGE_CHILDREN).ru_maxrss,,,direct_no_symbolic_serial,mesh_ready_to_matrix_assembled,direct_no_symbolic_serial,Linux;x86_64;GCC 13.3;OpenMP 201511,Intel(R) Core(TM) Ultra 7 265KF,20,20,3,3,0
pgsa-basic-metrics-v1,correctness_memory_time_v1,3d-WindTurbineHub,3d-WindTurbineHub,Tet4,linear_elastic_solid,linear_elastic_solid,228384,1113684,685152,,PASS,,parallel_symbolic_reuse,cpu_atomic,9,parallel_symbolic_parallel_numeric,1,1,516.834975,459.6769,974.896892,149752608,0,223.865848,223.865848,223.865848,0,0,0,1198.76274,0,0,0,1.164049126e-16,0.0068359375,PASS,serial_symbolic_serial_numeric,332767012,699393556,1032160568,332767012,0,0,1514680188,149752608,0,3561.152344,process_ru_maxrss,resource.getrusage(RUSAGE_CHILDREN).ru_maxrss,,,direct_no_symbolic_serial,mesh_ready_to_matrix_assembled,direct_no_symbolic_serial,Linux;x86_64;GCC 13.3;OpenMP 201511,Intel(R) Core(TM) Ultra 7 265KF,20,20,3,3,0
pgsa-basic-metrics-v1,correctness_memory_time_v1,3d-WindTurbineHub,3d-WindTurbineHub,Tet4,linear_elastic_solid,linear_elastic_solid,228384,1113684,685152,,PASS,,parallel_symbolic_reuse,cpu_graph_coloring,1,parallel_symbolic_parallel_numeric,1,1,2036.461969,1506.849705,3539.191305,149752608,199.611636,1337.755531,1337.755531,1537.367167,0,0,0,5076.558472,0,0,0,1.225939172e-16,0.0048828125,PASS,serial_symbolic_serial_numeric,332767012,699393556,1032160568,332767012,8909472,0,1523589660,158662080,0,3015.96875,process_ru_maxrss,resource.getrusage(RUSAGE_CHILDREN).ru_maxrss,,,direct_no_symbolic_serial,mesh_ready_to_matrix_assembled,direct_no_symbolic_serial,Linux;x86_64;GCC 13.3;OpenMP 201511,Intel(R) Core(TM) Ultra 7 265KF,20,20,3,3,0
pgsa-basic-metrics-v1,correctness_memory_time_v1,3d-WindTurbineHub,3d-WindTurbineHub,Tet4,linear_elastic_solid,linear_elastic_solid,228384,1113684,685152,,PASS,,parallel_symbolic_reuse,cpu_graph_coloring,10,parallel_symbolic_parallel_numeric,1,1,485.596439,444.920835,929.607218,149752608,199.907424,237.142127,237.142127,437.049551,0,0,0,1366.656769,0,0,0,1.225939172e-16,0.0048828125,PASS,serial_symbolic_serial_numeric,332767012,699393556,1032160568,332767012,8909472,0,1523589660,158662080,0,3632.324219,process_ru_maxrss,resource.getrusage(RUSAGE_CHILDREN).ru_maxrss,,,direct_no_symbolic_serial,mesh_ready_to_matrix_assembled,direct_no_symbolic_serial,Linux;x86_64;GCC 13.3;OpenMP 201511,Intel(R) Core(TM) Ultra 7 265KF,20,20,3,3,0
pgsa-basic-metrics-v1,correctness_memory_time_v1,3d-WindTurbineHub,3d-WindTurbineHub,Tet4,linear_elastic_solid,linear_elastic_solid,228384,1113684,685152,,PASS,,parallel_symbolic_reuse,cpu_graph_coloring,11,parallel_symbolic_parallel_numeric,1,1,480.58167,429.705772,909.584957,149752608,198.381609,227.395691,227.395691,425.7773,0,0,0,1335.362257,0,0,0,1.225939172e-16,0.0048828125,PASS,serial_symbolic_serial_numeric,332767012,699393556,1032160568,332767012,8909472,0,1523589660,158662080,0,3637.859375,process_ru_maxrss,resource.getrusage(RUSAGE_CHILDREN).ru_maxrss,,,direct_no_symbolic_serial,mesh_ready_to_matrix_assembled,direct_no_symbolic_serial,Linux;x86_64;GCC 13.3;OpenMP 201511,Intel(R) Core(TM) Ultra 7 265KF,20,20,3,3,0
pgsa-basic-metrics-v1,correctness_memory_time_v1,3d-WindTurbineHub,3d-WindTurbineHub,Tet4,linear_elastic_solid,linear_elastic_solid,228384,1113684,685152,,PASS,,parallel_symbolic_reuse,cpu_graph_coloring,12,parallel_symbolic_parallel_numeric,1,1,438.783477,421.580603,860.36408,149752608,202.320443,224.28909,224.28909,426.609533,0,0,0,1286.973613,0,0,0,1.225939172e-16,0.0048828125,PASS,serial_symbolic_serial_numeric,332767012,699393556,1032160568,332767012,8909472,0,1523589660,158662080,0,3642.835938,process_ru_maxrss,resource.getrusage(RUSAGE_CHILDREN).ru_maxrss,,,direct_no_symbolic_serial,mesh_ready_to_matrix_assembled,direct_no_symbolic_serial,Linux;x86_64;GCC 13.3;OpenMP 201511,Intel(R) Core(TM) Ultra 7 265KF,20,20,3,3,0
pgsa-basic-metrics-v1,correctness_memory_time_v1,3d-WindTurbineHub,3d-WindTurbineHub,Tet4,linear_elastic_solid,linear_elastic_solid,228384,1113684,685152,,PASS,,parallel_symbolic_reuse,cpu_graph_coloring,13,parallel_symbolic_parallel_numeric,1,1,426.530559,411.000562,838.222897,149752608,199.818275,221.819114,221.819114,421.637389,0,0,0,1259.860286,0,0,0,1.225939172e-16,0.0048828125,PASS,serial_symbolic_serial_numeric,332767012,699393556,1032160568,332767012,8909472,0,1523589660,158662080,0,3647.484375,process_ru_maxrss,resource.getrusage(RUSAGE_CHILDREN).ru_maxrss,,,direct_no_symbolic_serial,mesh_ready_to_matrix_assembled,direct_no_symbolic_serial,Linux;x86_64;GCC 13.3;OpenMP 201511,Intel(R) Core(TM) Ultra 7 265KF,20,20,3,3,0
pgsa-basic-metrics-v1,correctness_memory_time_v1,3d-WindTurbineHub,3d-WindTurbineHub,Tet4,linear_elastic_solid,linear_elastic_solid,228384,1113684,685152,,PASS,,parallel_symbolic_reuse,cpu_graph_coloring,14,parallel_symbolic_parallel_numeric,1,1,416.848745,399.114437,815.963182,149752608,200.278999,212.923413,212.923413,413.202412,0,0,0,1229.165594,0,0,0,1.225939172e-16,0.0048828125,PASS,serial_symbolic_serial_numeric,332767012,699393556,1032160568,332767012,8909472,0,1523589660,158662080,0,3651.5,process_ru_maxrss,resource.getrusage(RUSAGE_CHILDREN).ru_maxrss,,,direct_no_symbolic_serial,mesh_ready_to_matrix_assembled,direct_no_symbolic_serial,Linux;x86_64;GCC 13.3;OpenMP 201511,Intel(R) Core(TM) Ultra 7 265KF,20,20,3,3,0
pgsa-basic-metrics-v1,correctness_memory_time_v1,3d-WindTurbineHub,3d-WindTurbineHub,Tet4,linear_elastic_solid,linear_elastic_solid,228384,1113684,685152,,PASS,,parallel_symbolic_reuse,cpu_graph_coloring,15,parallel_symbolic_parallel_numeric,1,1,406.771883,388.077067,794.84895,149752608,200.388455,208.170508,208.170508,408.558963,0,0,0,1203.407913,0,0,0,1.225939172e-16,0.0048828125,PASS,serial_symbolic_serial_numeric,332767012,699393556,1032160568,332767012,8909472,0,1523589660,158662080,0,3654.445312,process_ru_maxrss,resource.getrusage(RUSAGE_CHILDREN).ru_maxrss,,,direct_no_symbolic_serial,mesh_ready_to_matrix_assembled,direct_no_symbolic_serial,Linux;x86_64;GCC 13.3;OpenMP 201511,Intel(R) Core(TM) Ultra 7 265KF,20,20,3,3,0
pgsa-basic-metrics-v1,correctness_memory_time_v1,3d-WindTurbineHub,3d-WindTurbineHub,Tet4,linear_elastic_solid,linear_elastic_solid,228384,1113684,685152,,PASS,,parallel_symbolic_reuse,cpu_graph_coloring,16,parallel_symbolic_parallel_numeric,1,1,419.289055,387.033336,810.339606,149752608,200.77645,204.286435,204.286435,405.062885,0,0,0,1215.402491,0,0,0,1.225939172e-16,0.0048828125,PASS,serial_symbolic_serial_numeric,332767012,699393556,1032160568,332767012,8909472,0,1523589660,158662080,0,3658.105469,process_ru_maxrss,resource.getrusage(RUSAGE_CHILDREN).ru_maxrss,,,direct_no_symbolic_serial,mesh_ready_to_matrix_assembled,direct_no_symbolic_serial,Linux;x86_64;GCC 13.3;OpenMP 201511,Intel(R) Core(TM) Ultra 7 265KF,20,20,3,3,0
pgsa-basic-metrics-v1,correctness_memory_time_v1,3d-WindTurbineHub,3d-WindTurbineHub,Tet4,linear_elastic_solid,linear_elastic_solid,228384,1113684,685152,,PASS,,parallel_symbolic_reuse,cpu_graph_coloring,17,parallel_symbolic_parallel_numeric,1,1,418.427715,373.502866,787.900277,149752608,199.197272,198.04061,198.04061,397.237882,0,0,0,1185.138159,0,0,0,1.225939172e-16,0.0048828125,PASS,serial_symbolic_serial_numeric,332767012,699393556,1032160568,332767012,8909472,0,1523589660,158662080,0,3662.265625,process_ru_maxrss,resource.getrusage(RUSAGE_CHILDREN).ru_maxrss,,,direct_no_symbolic_serial,mesh_ready_to_matrix_assembled,direct_no_symbolic_serial,Linux;x86_64;GCC 13.3;OpenMP 201511,Intel(R) Core(TM) Ultra 7 265KF,20,20,3,3,0
pgsa-basic-metrics-v1,correctness_memory_time_v1,3d-WindTurbineHub,3d-WindTurbineHub,Tet4,linear_elastic_solid,linear_elastic_solid,228384,1113684,685152,,PASS,,parallel_symbolic_reuse,cpu_graph_coloring,18,parallel_symbolic_parallel_numeric,1,1,399.734874,369.910075,770.217491,149752608,201.958508,200.33615,200.33615,402.294658,0,0,0,1172.512149,0,0,0,1.225939172e-16,0.0048828125,PASS,serial_symbolic_serial_numeric,332767012,699393556,1032160568,332767012,8909472,0,1523589660,158662080,0,3665.742188,process_ru_maxrss,resource.getrusage(RUSAGE_CHILDREN).ru_maxrss,,,direct_no_symbolic_serial,mesh_ready_to_matrix_assembled,direct_no_symbolic_serial,Linux;x86_64;GCC 13.3;OpenMP 201511,Intel(R) Core(TM) Ultra 7 265KF,20,20,3,3,0
pgsa-basic-metrics-v1,correctness_memory_time_v1,3d-WindTurbineHub,3d-WindTurbineHub,Tet4,linear_elastic_solid,linear_elastic_solid,228384,1113684,685152,,PASS,,parallel_symbolic_reuse,cpu_graph_coloring,19,parallel_symbolic_parallel_numeric,1,1,409.782775,364.17081,773.953585,149752608,202.122372,199.37314,199.37314,401.495512,0,0,0,1175.449097,0,0,0,1.225939172e-16,0.0048828125,PASS,serial_symbolic_serial_numeric,332767012,699393556,1032160568,332767012,8909472,0,1523589660,158662080,0,3668.5625,process_ru_maxrss,resource.getrusage(RUSAGE_CHILDREN).ru_maxrss,,,direct_no_symbolic_serial,mesh_ready_to_matrix_assembled,direct_no_symbolic_serial,Linux;x86_64;GCC 13.3;OpenMP 201511,Intel(R) Core(TM) Ultra 7 265KF,20,20,3,3,0
pgsa-basic-metrics-v1,correctness_memory_time_v1,3d-WindTurbineHub,3d-WindTurbineHub,Tet4,linear_elastic_solid,linear_elastic_solid,228384,1113684,685152,,PASS,,parallel_symbolic_reuse,cpu_graph_coloring,2,parallel_symbolic_parallel_numeric,1,1,1227.950629,881.576251,2114.360427,149752608,200.232754,719.703668,719.703668,919.936422,0,0,0,3034.296849,0,0,0,1.225939172e-16,0.0048828125,PASS,serial_symbolic_serial_numeric,332767012,699393556,1032160568,332767012,8909472,0,1523589660,158662080,0,3273.25,process_ru_maxrss,resource.getrusage(RUSAGE_CHILDREN).ru_maxrss,,,direct_no_symbolic_serial,mesh_ready_to_matrix_assembled,direct_no_symbolic_serial,Linux;x86_64;GCC 13.3;OpenMP 201511,Intel(R) Core(TM) Ultra 7 265KF,20,20,3,3,0
pgsa-basic-metrics-v1,correctness_memory_time_v1,3d-WindTurbineHub,3d-WindTurbineHub,Tet4,linear_elastic_solid,linear_elastic_solid,228384,1113684,685152,,PASS,,parallel_symbolic_reuse,cpu_graph_coloring,20,parallel_symbolic_parallel_numeric,1,1,424.159849,361.168209,785.328058,149752608,202.79671,197.902774,197.902774,400.699484,0,0,0,1186.027542,0,0,0,1.225939172e-16,0.0048828125,PASS,serial_symbolic_serial_numeric,332767012,699393556,1032160568,332767012,8909472,0,1523589660,158662080,0,3671.449219,process_ru_maxrss,resource.getrusage(RUSAGE_CHILDREN).ru_maxrss,,,direct_no_symbolic_serial,mesh_ready_to_matrix_assembled,direct_no_symbolic_serial,Linux;x86_64;GCC 13.3;OpenMP 201511,Intel(R) Core(TM) Ultra 7 265KF,20,20,3,3,0
pgsa-basic-metrics-v1,correctness_memory_time_v1,3d-WindTurbineHub,3d-WindTurbineHub,Tet4,linear_elastic_solid,linear_elastic_solid,228384,1113684,685152,,PASS,,parallel_symbolic_reuse,cpu_graph_coloring,3,parallel_symbolic_parallel_numeric,1,1,910.997379,686.528591,1599.455504,149752608,200.201725,544.312262,544.312262,744.513987,0,0,0,2343.969491,0,0,0,1.225939172e-16,0.0048828125,PASS,serial_symbolic_serial_numeric,332767012,699393556,1032160568,332767012,8909472,0,1523589660,158662080,0,3411.230469,process_ru_maxrss,resource.getrusage(RUSAGE_CHILDREN).ru_maxrss,,,direct_no_symbolic_serial,mesh_ready_to_matrix_assembled,direct_no_symbolic_serial,Linux;x86_64;GCC 13.3;OpenMP 201511,Intel(R) Core(TM) Ultra 7 265KF,20,20,3,3,0
pgsa-basic-metrics-v1,correctness_memory_time_v1,3d-WindTurbineHub,3d-WindTurbineHub,Tet4,linear_elastic_solid,linear_elastic_solid,228384,1113684,685152,,PASS,,parallel_symbolic_reuse,cpu_graph_coloring,4,parallel_symbolic_parallel_numeric,1,1,740.476206,581.958611,1322.878834,149752608,197.728397,432.433209,432.433209,630.161606,0,0,0,1953.04044,0,0,0,1.225939172e-16,0.0048828125,PASS,serial_symbolic_serial_numeric,332767012,699393556,1032160568,332767012,8909472,0,1523589660,158662080,0,3480.300781,process_ru_maxrss,resource.getrusage(RUSAGE_CHILDREN).ru_maxrss,,,direct_no_symbolic_serial,mesh_ready_to_matrix_assembled,direct_no_symbolic_serial,Linux;x86_64;GCC 13.3;OpenMP 201511,Intel(R) Core(TM) Ultra 7 265KF,20,20,3,3,0
pgsa-basic-metrics-v1,correctness_memory_time_v1,3d-WindTurbineHub,3d-WindTurbineHub,Tet4,linear_elastic_solid,linear_elastic_solid,228384,1113684,685152,,PASS,,parallel_symbolic_reuse,cpu_graph_coloring,5,parallel_symbolic_parallel_numeric,1,1,655.140979,521.117327,1172.99803,149752608,199.411147,354.941624,354.941624,554.352771,0,0,0,1727.350801,0,0,0,1.225939172e-16,0.0048828125,PASS,serial_symbolic_serial_numeric,332767012,699393556,1032160568,332767012,8909472,0,1523589660,158662080,0,3525.9375,process_ru_maxrss,resource.getrusage(RUSAGE_CHILDREN).ru_maxrss,,,direct_no_symbolic_serial,mesh_ready_to_matrix_assembled,direct_no_symbolic_serial,Linux;x86_64;GCC 13.3;OpenMP 201511,Intel(R) Core(TM) Ultra 7 265KF,20,20,3,3,0
pgsa-basic-metrics-v1,correctness_memory_time_v1,3d-WindTurbineHub,3d-WindTurbineHub,Tet4,linear_elastic_solid,linear_elastic_solid,228384,1113684,685152,,PASS,,parallel_symbolic_reuse,cpu_graph_coloring,6,parallel_symbolic_parallel_numeric,1,1,573.236244,480.885271,1054.195044,149752608,197.804408,307.270136,307.270136,505.074544,0,0,0,1559.269588,0,0,0,1.225939172e-16,0.0048828125,PASS,serial_symbolic_serial_numeric,332767012,699393556,1032160568,332767012,8909472,0,1523589660,158662080,0,3549.042969,process_ru_maxrss,resource.getrusage(RUSAGE_CHILDREN).ru_maxrss,,,direct_no_symbolic_serial,mesh_ready_to_matrix_assembled,direct_no_symbolic_serial,Linux;x86_64;GCC 13.3;OpenMP 201511,Intel(R) Core(TM) Ultra 7 265KF,20,20,3,3,0
pgsa-basic-metrics-v1,correctness_memory_time_v1,3d-WindTurbineHub,3d-WindTurbineHub,Tet4,linear_elastic_solid,linear_elastic_solid,228384,1113684,685152,,PASS,,parallel_symbolic_reuse,cpu_graph_coloring,7,parallel_symbolic_parallel_numeric,1,1,528.162716,450.83913,981.695822,149752608,196.524149,268.512743,268.512743,465.036892,0,0,0,1446.732714,0,0,0,1.225939172e-16,0.0048828125,PASS,serial_symbolic_serial_numeric,332767012,699393556,1032160568,332767012,8909472,0,1523589660,158662080,0,3573.160156,process_ru_maxrss,resource.getrusage(RUSAGE_CHILDREN).ru_maxrss,,,direct_no_symbolic_serial,mesh_ready_to_matrix_assembled,direct_no_symbolic_serial,Linux;x86_64;GCC 13.3;OpenMP 201511,Intel(R) Core(TM) Ultra 7 265KF,20,20,3,3,0
pgsa-basic-metrics-v1,correctness_memory_time_v1,3d-WindTurbineHub,3d-WindTurbineHub,Tet4,linear_elastic_solid,linear_elastic_solid,228384,1113684,685152,,PASS,,parallel_symbolic_reuse,cpu_graph_coloring,8,parallel_symbolic_parallel_numeric,1,1,512.853716,427.231035,940.084751,149752608,198.493758,242.151906,242.151906,440.645664,0,0,0,1380.730415,0,0,0,1.225939172e-16,0.0048828125,PASS,serial_symbolic_serial_numeric,332767012,699393556,1032160568,332767012,8909472,0,1523589660,158662080,0,3660.429688,process_ru_maxrss,resource.getrusage(RUSAGE_CHILDREN).ru_maxrss,,,direct_no_symbolic_serial,mesh_ready_to_matrix_assembled,direct_no_symbolic_serial,Linux;x86_64;GCC 13.3;OpenMP 201511,Intel(R) Core(TM) Ultra 7 265KF,20,20,3,3,0
pgsa-basic-metrics-v1,correctness_memory_time_v1,3d-WindTurbineHub,3d-WindTurbineHub,Tet4,linear_elastic_solid,linear_elastic_solid,228384,1113684,685152,,PASS,,parallel_symbolic_reuse,cpu_graph_coloring,9,parallel_symbolic_parallel_numeric,1,1,521.028724,459.94225,981.679876,149752608,199.99757,243.780444,243.780444,443.778014,0,0,0,1425.45789,0,0,0,1.225939172e-16,0.0048828125,PASS,serial_symbolic_serial_numeric,332767012,699393556,1032160568,332767012,8909472,0,1523589660,158662080,0,3598.90625,process_ru_maxrss,resource.getrusage(RUSAGE_CHILDREN).ru_maxrss,,,direct_no_symbolic_serial,mesh_ready_to_matrix_assembled,direct_no_symbolic_serial,Linux;x86_64;GCC 13.3;OpenMP 201511,Intel(R) Core(TM) Ultra 7 265KF,20,20,3,3,0
pgsa-basic-metrics-v1,correctness_memory_time_v1,3d-WindTurbineHub,3d-WindTurbineHub,Tet4,linear_elastic_solid,linear_elastic_solid,228384,1113684,685152,,PASS,,parallel_symbolic_reuse,cpu_lock_guard,1,parallel_symbolic_parallel_numeric,1,1,2050.727401,1498.766328,3540.58829,149752608,412.921249,2473.100472,2473.100472,2886.021721,0,0,0,6426.610011,0,0,0,0,0,PASS,serial_symbolic_serial_numeric,332767012,699393556,1032160568,332767012,1100088000,0,2614768188,1249840608,0,4065.21875,process_ru_maxrss,resource.getrusage(RUSAGE_CHILDREN).ru_maxrss,,,direct_no_symbolic_serial,mesh_ready_to_matrix_assembled,direct_no_symbolic_serial,Linux;x86_64;GCC 13.3;OpenMP 201511,Intel(R) Core(TM) Ultra 7 265KF,20,20,3,3,0
pgsa-basic-metrics-v1,correctness_memory_time_v1,3d-WindTurbineHub,3d-WindTurbineHub,Tet4,linear_elastic_solid,linear_elastic_solid,228384,1113684,685152,,PASS,,parallel_symbolic_reuse,cpu_lock_guard,10,parallel_symbolic_parallel_numeric,1,1,485.981207,446.865135,932.255812,149752608,412.279197,618.237344,618.237344,1030.516541,0,0,0,1962.772353,0,0,0,1.282767167e-16,0.005859375,PASS,serial_symbolic_serial_numeric,332767012,699393556,1032160568,332767012,1100088000,0,2614768188,1249840608,0,4681.34375,process_ru_maxrss,resource.getrusage(RUSAGE_CHILDREN).ru_maxrss,,,direct_no_symbolic_serial,mesh_ready_to_matrix_assembled,direct_no_symbolic_serial,Linux;x86_64;GCC 13.3;OpenMP 201511,Intel(R) Core(TM) Ultra 7 265KF,20,20,3,3,0
pgsa-basic-metrics-v1,correctness_memory_time_v1,3d-WindTurbineHub,3d-WindTurbineHub,Tet4,linear_elastic_solid,linear_elastic_solid,228384,1113684,685152,,PASS,,parallel_symbolic_reuse,cpu_lock_guard,11,parallel_symbolic_parallel_numeric,1,1,459.910688,432.614743,892.924167,149752608,413.648671,603.150023,603.150023,1016.798694,0,0,0,1909.722861,0,0,0,1.37264637e-16,0.0068359375,PASS,serial_symbolic_serial_numeric,332767012,699393556,1032160568,332767012,1100088000,0,2614768188,1249840608,0,4686.816406,process_ru_maxrss,resource.getrusage(RUSAGE_CHILDREN).ru_maxrss,,,direct_no_symbolic_serial,mesh_ready_to_matrix_assembled,direct_no_symbolic_serial,Linux;x86_64;GCC 13.3;OpenMP 201511,Intel(R) Core(TM) Ultra 7 265KF,20,20,3,3,0
pgsa-basic-metrics-v1,correctness_memory_time_v1,3d-WindTurbineHub,3d-WindTurbineHub,Tet4,linear_elastic_solid,linear_elastic_solid,228384,1113684,685152,,PASS,,parallel_symbolic_reuse,cpu_lock_guard,12,parallel_symbolic_parallel_numeric,1,1,448.607637,422.635221,868.958073,149752608,412.792573,600.983225,600.983225,1013.775798,0,0,0,1882.733871,0,0,0,2.065217125e-17,0.005859375,PASS,serial_symbolic_serial_numeric,332767012,699393556,1032160568,332767012,1100088000,0,2614768188,1249840608,0,4692.011719,process_ru_maxrss,resource.getrusage(RUSAGE_CHILDREN).ru_maxrss,,,direct_no_symbolic_serial,mesh_ready_to_matrix_assembled,direct_no_symbolic_serial,Linux;x86_64;GCC 13.3;OpenMP 201511,Intel(R) Core(TM) Ultra 7 265KF,20,20,3,3,0
pgsa-basic-metrics-v1,correctness_memory_time_v1,3d-WindTurbineHub,3d-WindTurbineHub,Tet4,linear_elastic_solid,linear_elastic_solid,228384,1113684,685152,,PASS,,parallel_symbolic_reuse,cpu_lock_guard,13,parallel_symbolic_parallel_numeric,1,1,432.837224,410.01183,843.583437,149752608,413.359052,587.613475,587.613475,1000.972527,0,0,0,1844.555964,0,0,0,1.483701511e-16,0.005859375,PASS,serial_symbolic_serial_numeric,332767012,699393556,1032160568,332767012,1100088000,0,2614768188,1249840608,0,4696.777344,process_ru_maxrss,resource.getrusage(RUSAGE_CHILDREN).ru_maxrss,,,direct_no_symbolic_serial,mesh_ready_to_matrix_assembled,direct_no_symbolic_serial,Linux;x86_64;GCC 13.3;OpenMP 201511,Intel(R) Core(TM) Ultra 7 265KF,20,20,3,3,0
pgsa-basic-metrics-v1,correctness_memory_time_v1,3d-WindTurbineHub,3d-WindTurbineHub,Tet4,linear_elastic_solid,linear_elastic_solid,228384,1113684,685152,,PASS,,parallel_symbolic_reuse,cpu_lock_guard,14,parallel_symbolic_parallel_numeric,1,1,414.087563,398.660761,811.668628,149752608,415.156961,576.616969,576.616969,991.77393,0,0,0,1803.442558,0,0,0,1.508171663e-16,0.0068359375,PASS,serial_symbolic_serial_numeric,332767012,699393556,1032160568,332767012,1100088000,0,2614768188,1249840608,0,4700.691406,process_ru_maxrss,resource.getrusage(RUSAGE_CHILDREN).ru_maxrss,,,direct_no_symbolic_serial,mesh_ready_to_matrix_assembled,direct_no_symbolic_serial,Linux;x86_64;GCC 13.3;OpenMP 201511,Intel(R) Core(TM) Ultra 7 265KF,20,20,3,3,0
pgsa-basic-metrics-v1,correctness_memory_time_v1,3d-WindTurbineHub,3d-WindTurbineHub,Tet4,linear_elastic_solid,linear_elastic_solid,228384,1113684,685152,,PASS,,parallel_symbolic_reuse,cpu_lock_guard,15,parallel_symbolic_parallel_numeric,1,1,422.185564,389.690821,811.337441,149752608,413.856839,573.485117,573.485117,987.341956,0,0,0,1798.679397,0,0,0,1.513998493e-16,0.0078125,PASS,serial_symbolic_serial_numeric,332767012,699393556,1032160568,332767012,1100088000,0,2614768188,1249840608,0,4703.78125,process_ru_maxrss,resource.getrusage(RUSAGE_CHILDREN).ru_maxrss,,,direct_no_symbolic_serial,mesh_ready_to_matrix_assembled,direct_no_symbolic_serial,Linux;x86_64;GCC 13.3;OpenMP 201511,Intel(R) Core(TM) Ultra 7 265KF,20,20,3,3,0
pgsa-basic-metrics-v1,correctness_memory_time_v1,3d-WindTurbineHub,3d-WindTurbineHub,Tet4,linear_elastic_solid,linear_elastic_solid,228384,1113684,685152,,PASS,,parallel_symbolic_reuse,cpu_lock_guard,16,parallel_symbolic_parallel_numeric,1,1,416.104415,380.417215,798.391167,149752608,415.02309,570.036826,570.036826,985.059916,0,0,0,1783.451083,0,0,0,1.502285296e-16,0.0068359375,PASS,serial_symbolic_serial_numeric,332767012,699393556,1032160568,332767012,1100088000,0,2614768188,1249840608,0,4707.328125,process_ru_maxrss,resource.getrusage(RUSAGE_CHILDREN).ru_maxrss,,,direct_no_symbolic_serial,mesh_ready_to_matrix_assembled,direct_no_symbolic_serial,Linux;x86_64;GCC 13.3;OpenMP 201511,Intel(R) Core(TM) Ultra 7 265KF,20,20,3,3,0
pgsa-basic-metrics-v1,correctness_memory_time_v1,3d-WindTurbineHub,3d-WindTurbineHub,Tet4,linear_elastic_solid,linear_elastic_solid,228384,1113684,685152,,PASS,,parallel_symbolic_reuse,cpu_lock_guard,17,parallel_symbolic_parallel_numeric,1,1,428.471388,375.069404,804.763201,149752608,416.711518,561.001348,561.001348,977.712866,0,0,0,1782.476067,0,0,0,1.522660938e-16,0.005859375,PASS,serial_symbolic_serial_numeric,332767012,699393556,1032160568,332767012,1100088000,0,2614768188,1249840608,0,4711.15625,process_ru_maxrss,resource.getrusage(RUSAGE_CHILDREN).ru_maxrss,,,direct_no_symbolic_serial,mesh_ready_to_matrix_assembled,direct_no_symbolic_serial,Linux;x86_64;GCC 13.3;OpenMP 201511,Intel(R) Core(TM) Ultra 7 265KF,20,20,3,3,0
pgsa-basic-metrics-v1,correctness_memory_time_v1,3d-WindTurbineHub,3d-WindTurbineHub,Tet4,linear_elastic_solid,linear_elastic_solid,228384,1113684,685152,,PASS,,parallel_symbolic_reuse,cpu_lock_guard,18,parallel_symbolic_parallel_numeric,1,1,404.831452,370.212657,775.314527,149752608,417.555748,564.418216,564.418216,981.973964,0,0,0,1757.288491,0,0,0,1.484697775e-16,0.0078125,PASS,serial_symbolic_serial_numeric,332767012,699393556,1032160568,332767012,1100088000,0,2614768188,1249840608,0,4715.136719,process_ru_maxrss,resource.getrusage(RUSAGE_CHILDREN).ru_maxrss,,,direct_no_symbolic_serial,mesh_ready_to_matrix_assembled,direct_no_symbolic_serial,Linux;x86_64;GCC 13.3;OpenMP 201511,Intel(R) Core(TM) Ultra 7 265KF,20,20,3,3,0
pgsa-basic-metrics-v1,correctness_memory_time_v1,3d-WindTurbineHub,3d-WindTurbineHub,Tet4,linear_elastic_solid,linear_elastic_solid,228384,1113684,685152,,PASS,,parallel_symbolic_reuse,cpu_lock_guard,19,parallel_symbolic_parallel_numeric,1,1,435.615138,365.022536,800.637674,149752608,417.618078,553.831208,553.831208,971.449286,0,0,0,1772.08696,0,0,0,1.504284137e-16,0.0068359375,PASS,serial_symbolic_serial_numeric,332767012,699393556,1032160568,332767012,1100088000,0,2614768188,1249840608,0,4717.933594,process_ru_maxrss,resource.getrusage(RUSAGE_CHILDREN).ru_maxrss,,,direct_no_symbolic_serial,mesh_ready_to_matrix_assembled,direct_no_symbolic_serial,Linux;x86_64;GCC 13.3;OpenMP 201511,Intel(R) Core(TM) Ultra 7 265KF,20,20,3,3,0
pgsa-basic-metrics-v1,correctness_memory_time_v1,3d-WindTurbineHub,3d-WindTurbineHub,Tet4,linear_elastic_solid,linear_elastic_solid,228384,1113684,685152,,PASS,,parallel_symbolic_reuse,cpu_lock_guard,2,parallel_symbolic_parallel_numeric,1,1,1221.604337,884.346139,2105.950476,149752608,415.426161,1747.57726,1747.57726,2163.003421,0,0,0,4268.953897,0,0,0,8.717229398e-18,0.0048828125,PASS,serial_symbolic_serial_numeric,332767012,699393556,1032160568,332767012,1100088000,0,2614768188,1249840608,0,4348.191406,process_ru_maxrss,resource.getrusage(RUSAGE_CHILDREN).ru_maxrss,,,direct_no_symbolic_serial,mesh_ready_to_matrix_assembled,direct_no_symbolic_serial,Linux;x86_64;GCC 13.3;OpenMP 201511,Intel(R) Core(TM) Ultra 7 265KF,20,20,3,3,0
pgsa-basic-metrics-v1,correctness_memory_time_v1,3d-WindTurbineHub,3d-WindTurbineHub,Tet4,linear_elastic_solid,linear_elastic_solid,228384,1113684,685152,,PASS,,parallel_symbolic_reuse,cpu_lock_guard,20,parallel_symbolic_parallel_numeric,1,1,437.220922,375.721072,812.941994,149752608,419.434703,582.523335,582.523335,1001.958038,0,0,0,1814.900032,0,0,0,1.478354065e-16,0.005859375,PASS,serial_symbolic_serial_numeric,332767012,699393556,1032160568,332767012,1100088000,0,2614768188,1249840608,0,4720.746094,process_ru_maxrss,resource.getrusage(RUSAGE_CHILDREN).ru_maxrss,,,direct_no_symbolic_serial,mesh_ready_to_matrix_assembled,direct_no_symbolic_serial,Linux;x86_64;GCC 13.3;OpenMP 201511,Intel(R) Core(TM) Ultra 7 265KF,20,20,3,3,0
pgsa-basic-metrics-v1,correctness_memory_time_v1,3d-WindTurbineHub,3d-WindTurbineHub,Tet4,linear_elastic_solid,linear_elastic_solid,228384,1113684,685152,,PASS,,parallel_symbolic_reuse,cpu_lock_guard,3,parallel_symbolic_parallel_numeric,1,1,917.469754,685.538114,1603.007868,149752608,413.973275,1279.0272,1279.0272,1693.000475,0,0,0,3296.008343,0,0,0,1.396430544e-17,0.005859375,PASS,serial_symbolic_serial_numeric,332767012,699393556,1032160568,332767012,1100088000,0,2614768188,1249840608,0,4485.894531,process_ru_maxrss,resource.getrusage(RUSAGE_CHILDREN).ru_maxrss,,,direct_no_symbolic_serial,mesh_ready_to_matrix_assembled,direct_no_symbolic_serial,Linux;x86_64;GCC 13.3;OpenMP 201511,Intel(R) Core(TM) Ultra 7 265KF,20,20,3,3,0
pgsa-basic-metrics-v1,correctness_memory_time_v1,3d-WindTurbineHub,3d-WindTurbineHub,Tet4,linear_elastic_solid,linear_elastic_solid,228384,1113684,685152,,PASS,,parallel_symbolic_reuse,cpu_lock_guard,4,parallel_symbolic_parallel_numeric,1,1,734.359763,582.195312,1318.037701,149752608,416.44212,1044.961542,1044.961542,1461.403662,0,0,0,2779.441363,0,0,0,1.706272386e-17,0.005859375,PASS,serial_symbolic_serial_numeric,332767012,699393556,1032160568,332767012,1100088000,0,2614768188,1249840608,0,4555.101562,process_ru_maxrss,resource.getrusage(RUSAGE_CHILDREN).ru_maxrss,,,direct_no_symbolic_serial,mesh_ready_to_matrix_assembled,direct_no_symbolic_serial,Linux;x86_64;GCC 13.3;OpenMP 201511,Intel(R) Core(TM) Ultra 7 265KF,20,20,3,3,0
pgsa-basic-metrics-v1,correctness_memory_time_v1,3d-WindTurbineHub,3d-WindTurbineHub,Tet4,linear_elastic_solid,linear_elastic_solid,228384,1113684,685152,,PASS,,parallel_symbolic_reuse,cpu_lock_guard,5,parallel_symbolic_parallel_numeric,1,1,650.107628,518.684677,1168.792305,149752608,415.550816,910.332035,910.332035,1325.882851,0,0,0,2494.675156,0,0,0,9.15564877e-17,0.005859375,PASS,serial_symbolic_serial_numeric,332767012,699393556,1032160568,332767012,1100088000,0,2614768188,1249840608,0,4600.703125,process_ru_maxrss,resource.getrusage(RUSAGE_CHILDREN).ru_maxrss,,,direct_no_symbolic_serial,mesh_ready_to_matrix_assembled,direct_no_symbolic_serial,Linux;x86_64;GCC 13.3;OpenMP 201511,Intel(R) Core(TM) Ultra 7 265KF,20,20,3,3,0
pgsa-basic-metrics-v1,correctness_memory_time_v1,3d-WindTurbineHub,3d-WindTurbineHub,Tet4,linear_elastic_solid,linear_elastic_solid,228384,1113684,685152,,PASS,,parallel_symbolic_reuse,cpu_lock_guard,6,parallel_symbolic_parallel_numeric,1,1,565.183078,478.693468,1044.062079,149752608,415.70457,805.91323,805.91323,1221.6178,0,0,0,2265.679879,0,0,0,1.514083137e-17,0.0048828125,PASS,serial_symbolic_serial_numeric,332767012,699393556,1032160568,332767012,1100088000,0,2614768188,1249840608,0,4623.972656,process_ru_maxrss,resource.getrusage(RUSAGE_CHILDREN).ru_maxrss,,,direct_no_symbolic_serial,mesh_ready_to_matrix_assembled,direct_no_symbolic_serial,Linux;x86_64;GCC 13.3;OpenMP 201511,Intel(R) Core(TM) Ultra 7 265KF,20,20,3,3,0
pgsa-basic-metrics-v1,correctness_memory_time_v1,3d-WindTurbineHub,3d-WindTurbineHub,Tet4,linear_elastic_solid,linear_elastic_solid,228384,1113684,685152,,PASS,,parallel_symbolic_reuse,cpu_lock_guard,7,parallel_symbolic_parallel_numeric,1,1,546.508878,449.715696,996.224574,149752608,415.82516,733.428013,733.428013,1149.253173,0,0,0,2145.477747,0,0,0,1.091490089e-16,0.005859375,PASS,serial_symbolic_serial_numeric,332767012,699393556,1032160568,332767012,1100088000,0,2614768188,1249840608,0,4648.035156,process_ru_maxrss,resource.getrusage(RUSAGE_CHILDREN).ru_maxrss,,,direct_no_symbolic_serial,mesh_ready_to_matrix_assembled,direct_no_symbolic_serial,Linux;x86_64;GCC 13.3;OpenMP 201511,Intel(R) Core(TM) Ultra 7 265KF,20,20,3,3,0
pgsa-basic-metrics-v1,correctness_memory_time_v1,3d-WindTurbineHub,3d-WindTurbineHub,Tet4,linear_elastic_solid,linear_elastic_solid,228384,1113684,685152,,PASS,,parallel_symbolic_reuse,cpu_lock_guard,8,parallel_symbolic_parallel_numeric,1,1,496.556341,425.655214,922.766911,149752608,412.298722,682.495819,682.495819,1094.794541,0,0,0,2017.561452,0,0,0,9.831575161e-17,0.0068359375,PASS,serial_symbolic_serial_numeric,332767012,699393556,1032160568,332767012,1100088000,0,2614768188,1249840608,0,4664.003906,process_ru_maxrss,resource.getrusage(RUSAGE_CHILDREN).ru_maxrss,,,direct_no_symbolic_serial,mesh_ready_to_matrix_assembled,direct_no_symbolic_serial,Linux;x86_64;GCC 13.3;OpenMP 201511,Intel(R) Core(TM) Ultra 7 265KF,20,20,3,3,0
pgsa-basic-metrics-v1,correctness_memory_time_v1,3d-WindTurbineHub,3d-WindTurbineHub,Tet4,linear_elastic_solid,linear_elastic_solid,228384,1113684,685152,,PASS,,parallel_symbolic_reuse,cpu_lock_guard,9,parallel_symbolic_parallel_numeric,1,1,518.270416,458.859545,977.656262,149752608,414.273177,642.640177,642.640177,1056.913354,0,0,0,2034.569616,0,0,0,1.164542973e-16,0.0068359375,PASS,serial_symbolic_serial_numeric,332767012,699393556,1032160568,332767012,1100088000,0,2614768188,1249840608,0,4673.660156,process_ru_maxrss,resource.getrusage(RUSAGE_CHILDREN).ru_maxrss,,,direct_no_symbolic_serial,mesh_ready_to_matrix_assembled,direct_no_symbolic_serial,Linux;x86_64;GCC 13.3;OpenMP 201511,Intel(R) Core(TM) Ultra 7 265KF,20,20,3,3,0
pgsa-basic-metrics-v1,correctness_memory_time_v1,3d-WindTurbineHub,3d-WindTurbineHub,Tet4,linear_elastic_solid,linear_elastic_solid,228384,1113684,685152,,PASS,,parallel_symbolic_reuse,cpu_private_csr,1,parallel_symbolic_parallel_numeric,1,1,2053.389821,1499.61615,3562.10169,149752608,66.833454,736.255938,736.255938,803.089392,0,0,0,4365.191082,0,0,0,0,0,PASS,serial_symbolic_serial_numeric,332767012,699393556,1032160568,332767012,220017600,0,1734697788,369770208,0,3225.707031,process_ru_maxrss,resource.getrusage(RUSAGE_CHILDREN).ru_maxrss,,,direct_no_symbolic_serial,mesh_ready_to_matrix_assembled,direct_no_symbolic_serial,Linux;x86_64;GCC 13.3;OpenMP 201511,Intel(R) Core(TM) Ultra 7 265KF,20,20,3,3,0
pgsa-basic-metrics-v1,correctness_memory_time_v1,3d-WindTurbineHub,3d-WindTurbineHub,Tet4,linear_elastic_solid,linear_elastic_solid,228384,1113684,685152,,PASS,,parallel_symbolic_reuse,cpu_private_csr,10,parallel_symbolic_parallel_numeric,1,1,484.583269,445.734567,931.098852,149752608,666.163006,315.829648,315.829648,981.992654,0,0,0,1913.091506,0,0,0,9.677662906e-17,0.005859375,PASS,serial_symbolic_serial_numeric,332767012,699393556,1032160568,332767012,2200176000,0,3714856188,2349928608,0,5730.554688,process_ru_maxrss,resource.getrusage(RUSAGE_CHILDREN).ru_maxrss,,,direct_no_symbolic_serial,mesh_ready_to_matrix_assembled,direct_no_symbolic_serial,Linux;x86_64;GCC 13.3;OpenMP 201511,Intel(R) Core(TM) Ultra 7 265KF,20,20,3,3,0
pgsa-basic-metrics-v1,correctness_memory_time_v1,3d-WindTurbineHub,3d-WindTurbineHub,Tet4,linear_elastic_solid,linear_elastic_solid,228384,1113684,685152,,PASS,,parallel_symbolic_reuse,cpu_private_csr,11,parallel_symbolic_parallel_numeric,1,1,463.700541,431.610664,894.195197,149752608,728.451224,330.688984,330.688984,1059.140208,0,0,0,1953.335405,0,0,0,1.038038833e-16,0.005859375,PASS,serial_symbolic_serial_numeric,332767012,699393556,1032160568,332767012,2420193600,0,3934873788,2569946208,0,5946.003906,process_ru_maxrss,resource.getrusage(RUSAGE_CHILDREN).ru_maxrss,,,direct_no_symbolic_serial,mesh_ready_to_matrix_assembled,direct_no_symbolic_serial,Linux;x86_64;GCC 13.3;OpenMP 201511,Intel(R) Core(TM) Ultra 7 265KF,20,20,3,3,0
pgsa-basic-metrics-v1,correctness_memory_time_v1,3d-WindTurbineHub,3d-WindTurbineHub,Tet4,linear_elastic_solid,linear_elastic_solid,228384,1113684,685152,,PASS,,parallel_symbolic_reuse,cpu_private_csr,12,parallel_symbolic_parallel_numeric,1,1,439.056587,419.905505,858.962092,149752608,794.811784,345.907525,345.907525,1140.719309,0,0,0,1999.681401,0,0,0,1.932444198e-17,0.005859375,PASS,serial_symbolic_serial_numeric,332767012,699393556,1032160568,332767012,2640211200,0,4154891388,2789963808,0,6160.902344,process_ru_maxrss,resource.getrusage(RUSAGE_CHILDREN).ru_maxrss,,,direct_no_symbolic_serial,mesh_ready_to_matrix_assembled,direct_no_symbolic_serial,Linux;x86_64;GCC 13.3;OpenMP 201511,Intel(R) Core(TM) Ultra 7 265KF,20,20,3,3,0
pgsa-basic-metrics-v1,correctness_memory_time_v1,3d-WindTurbineHub,3d-WindTurbineHub,Tet4,linear_elastic_solid,linear_elastic_solid,228384,1113684,685152,,PASS,,parallel_symbolic_reuse,cpu_private_csr,13,parallel_symbolic_parallel_numeric,1,1,435.529141,410.458199,846.404454,149752608,863.388358,359.612233,359.612233,1223.000591,0,0,0,2069.405045,0,0,0,1.128468268e-16,0.0078125,PASS,serial_symbolic_serial_numeric,332767012,699393556,1032160568,332767012,2860228800,0,4374908988,3009981408,0,6375.398438,process_ru_maxrss,resource.getrusage(RUSAGE_CHILDREN).ru_maxrss,,,direct_no_symbolic_serial,mesh_ready_to_matrix_assembled,direct_no_symbolic_serial,Linux;x86_64;GCC 13.3;OpenMP 201511,Intel(R) Core(TM) Ultra 7 265KF,20,20,3,3,0
pgsa-basic-metrics-v1,correctness_memory_time_v1,3d-WindTurbineHub,3d-WindTurbineHub,Tet4,linear_elastic_solid,linear_elastic_solid,228384,1113684,685152,,PASS,,parallel_symbolic_reuse,cpu_private_csr,14,parallel_symbolic_parallel_numeric,1,1,415.286634,398.609752,814.053721,149752608,931.593355,370.442093,370.442093,1302.035448,0,0,0,2116.089169,0,0,0,1.157088542e-16,0.005859375,PASS,serial_symbolic_serial_numeric,332767012,699393556,1032160568,332767012,3080246400,0,4594926588,3229999008,0,6588.863281,process_ru_maxrss,resource.getrusage(RUSAGE_CHILDREN).ru_maxrss,,,direct_no_symbolic_serial,mesh_ready_to_matrix_assembled,direct_no_symbolic_serial,Linux;x86_64;GCC 13.3;OpenMP 201511,Intel(R) Core(TM) Ultra 7 265KF,20,20,3,3,0
pgsa-basic-metrics-v1,correctness_memory_time_v1,3d-WindTurbineHub,3d-WindTurbineHub,Tet4,linear_elastic_solid,linear_elastic_solid,228384,1113684,685152,,PASS,,parallel_symbolic_reuse,cpu_private_csr,15,parallel_symbolic_parallel_numeric,1,1,408.125635,390.637582,799.873061,149752608,998.099725,385.568849,385.568849,1383.668574,0,0,0,2183.541635,0,0,0,1.179049605e-16,0.005859375,PASS,serial_symbolic_serial_numeric,332767012,699393556,1032160568,332767012,3300264000,0,4814944188,3450016608,0,6801.921875,process_ru_maxrss,resource.getrusage(RUSAGE_CHILDREN).ru_maxrss,,,direct_no_symbolic_serial,mesh_ready_to_matrix_assembled,direct_no_symbolic_serial,Linux;x86_64;GCC 13.3;OpenMP 201511,Intel(R) Core(TM) Ultra 7 265KF,20,20,3,3,0
pgsa-basic-metrics-v1,correctness_memory_time_v1,3d-WindTurbineHub,3d-WindTurbineHub,Tet4,linear_elastic_solid,linear_elastic_solid,228384,1113684,685152,,PASS,,parallel_symbolic_reuse,cpu_private_csr,16,parallel_symbolic_parallel_numeric,1,1,401.595043,381.385591,784.780263,149752608,1064.865292,401.112177,401.112177,1465.977469,0,0,0,2250.757732,0,0,0,1.194496172e-16,0.005859375,PASS,serial_symbolic_serial_numeric,332767012,699393556,1032160568,332767012,3520281600,0,5034961788,3670034208,0,7015.40625,process_ru_maxrss,resource.getrusage(RUSAGE_CHILDREN).ru_maxrss,,,direct_no_symbolic_serial,mesh_ready_to_matrix_assembled,direct_no_symbolic_serial,Linux;x86_64;GCC 13.3;OpenMP 201511,Intel(R) Core(TM) Ultra 7 265KF,20,20,3,3,0
pgsa-basic-metrics-v1,correctness_memory_time_v1,3d-WindTurbineHub,3d-WindTurbineHub,Tet4,linear_elastic_solid,linear_elastic_solid,228384,1113684,685152,,PASS,,parallel_symbolic_reuse,cpu_private_csr,17,parallel_symbolic_parallel_numeric,1,1,400.533698,374.16104,774.808739,149752608,1129.805896,411.53159,411.53159,1541.337486,0,0,0,2316.146225,0,0,0,1.262316024e-16,0.005859375,PASS,serial_symbolic_serial_numeric,332767012,699393556,1032160568,332767012,3740299200,0,5254979388,3890051808,0,7229.175781,process_ru_maxrss,resource.getrusage(RUSAGE_CHILDREN).ru_maxrss,,,direct_no_symbolic_serial,mesh_ready_to_matrix_assembled,direct_no_symbolic_serial,Linux;x86_64;GCC 13.3;OpenMP 201511,Intel(R) Core(TM) Ultra 7 265KF,20,20,3,3,0
pgsa-basic-metrics-v1,correctness_memory_time_v1,3d-WindTurbineHub,3d-WindTurbineHub,Tet4,linear_elastic_solid,linear_elastic_solid,228384,1113684,685152,,PASS,,parallel_symbolic_reuse,cpu_private_csr,18,parallel_symbolic_parallel_numeric,1,1,401.044992,370.549833,771.594825,149752608,1199.019498,425.738942,425.738942,1624.75844,0,0,0,2396.353265,0,0,0,1.240682411e-16,0.005859375,PASS,serial_symbolic_serial_numeric,332767012,699393556,1032160568,332767012,3960316800,0,5474996988,4110069408,0,7442.574219,process_ru_maxrss,resource.getrusage(RUSAGE_CHILDREN).ru_maxrss,,,direct_no_symbolic_serial,mesh_ready_to_matrix_assembled,direct_no_symbolic_serial,Linux;x86_64;GCC 13.3;OpenMP 201511,Intel(R) Core(TM) Ultra 7 265KF,20,20,3,3,0
pgsa-basic-metrics-v1,correctness_memory_time_v1,3d-WindTurbineHub,3d-WindTurbineHub,Tet4,linear_elastic_solid,linear_elastic_solid,228384,1113684,685152,,PASS,,parallel_symbolic_reuse,cpu_private_csr,19,parallel_symbolic_parallel_numeric,1,1,408.157124,363.330807,771.674685,149752608,1269.651373,438.613131,438.613131,1708.264504,0,0,0,2479.939189,0,0,0,1.297871364e-16,0.005859375,PASS,serial_symbolic_serial_numeric,332767012,699393556,1032160568,332767012,4180334400,0,5695014588,4330087008,0,7655.257812,process_ru_maxrss,resource.getrusage(RUSAGE_CHILDREN).ru_maxrss,,,direct_no_symbolic_serial,mesh_ready_to_matrix_assembled,direct_no_symbolic_serial,Linux;x86_64;GCC 13.3;OpenMP 201511,Intel(R) Core(TM) Ultra 7 265KF,20,20,3,3,0
pgsa-basic-metrics-v1,correctness_memory_time_v1,3d-WindTurbineHub,3d-WindTurbineHub,Tet4,linear_elastic_solid,linear_elastic_solid,228384,1113684,685152,,PASS,,parallel_symbolic_reuse,cpu_private_csr,2,parallel_symbolic_parallel_numeric,1,1,1231.086876,891.649055,2119.901203,149752608,132.382732,443.172535,443.172535,575.555267,0,0,0,2695.45647,0,0,0,8.361934979e-18,0.00390625,PASS,serial_symbolic_serial_numeric,332767012,699393556,1032160568,332767012,440035200,0,1954715388,589787808,0,3718.816406,process_ru_maxrss,resource.getrusage(RUSAGE_CHILDREN).ru_maxrss,,,direct_no_symbolic_serial,mesh_ready_to_matrix_assembled,direct_no_symbolic_serial,Linux;x86_64;GCC 13.3;OpenMP 201511,Intel(R) Core(TM) Ultra 7 265KF,20,20,3,3,0
pgsa-basic-metrics-v1,correctness_memory_time_v1,3d-WindTurbineHub,3d-WindTurbineHub,Tet4,linear_elastic_solid,linear_elastic_solid,228384,1113684,685152,,PASS,,parallel_symbolic_reuse,cpu_private_csr,20,parallel_symbolic_parallel_numeric,1,1,424.871206,364.033843,782.824873,149752608,1338.267135,457.098163,457.098163,1795.365298,0,0,0,2578.190171,0,0,0,1.297996957e-16,0.005859375,PASS,serial_symbolic_serial_numeric,332767012,699393556,1032160568,332767012,4400352000,0,5915032188,4550104608,0,7868.011719,process_ru_maxrss,resource.getrusage(RUSAGE_CHILDREN).ru_maxrss,,,direct_no_symbolic_serial,mesh_ready_to_matrix_assembled,direct_no_symbolic_serial,Linux;x86_64;GCC 13.3;OpenMP 201511,Intel(R) Core(TM) Ultra 7 265KF,20,20,3,3,0
pgsa-basic-metrics-v1,correctness_memory_time_v1,3d-WindTurbineHub,3d-WindTurbineHub,Tet4,linear_elastic_solid,linear_elastic_solid,228384,1113684,685152,,PASS,,parallel_symbolic_reuse,cpu_private_csr,3,parallel_symbolic_parallel_numeric,1,1,917.584126,682.736419,1600.476513,149752608,198.384207,350.471976,350.471976,548.856183,0,0,0,2149.332696,0,0,0,1.295314281e-17,0.00390625,PASS,serial_symbolic_serial_numeric,332767012,699393556,1032160568,332767012,660052800,0,2174732988,809805408,0,4066.316406,process_ru_maxrss,resource.getrusage(RUSAGE_CHILDREN).ru_maxrss,,,direct_no_symbolic_serial,mesh_ready_to_matrix_assembled,direct_no_symbolic_serial,Linux;x86_64;GCC 13.3;OpenMP 201511,Intel(R) Core(TM) Ultra 7 265KF,20,20,3,3,0
pgsa-basic-metrics-v1,correctness_memory_time_v1,3d-WindTurbineHub,3d-WindTurbineHub,Tet4,linear_elastic_solid,linear_elastic_solid,228384,1113684,685152,,PASS,,parallel_symbolic_reuse,cpu_private_csr,4,parallel_symbolic_parallel_numeric,1,1,746.64868,582.562855,1327.462321,149752608,264.756988,308.003078,308.003078,572.760066,0,0,0,1900.222387,0,0,0,1.596975678e-17,0.005859375,PASS,serial_symbolic_serial_numeric,332767012,699393556,1032160568,332767012,880070400,0,2394750588,1029823008,0,4345.273438,process_ru_maxrss,resource.getrusage(RUSAGE_CHILDREN).ru_maxrss,,,direct_no_symbolic_serial,mesh_ready_to_matrix_assembled,direct_no_symbolic_serial,Linux;x86_64;GCC 13.3;OpenMP 201511,Intel(R) Core(TM) Ultra 7 265KF,20,20,3,3,0
pgsa-basic-metrics-v1,correctness_memory_time_v1,3d-WindTurbineHub,3d-WindTurbineHub,Tet4,linear_elastic_solid,linear_elastic_solid,228384,1113684,685152,,PASS,,parallel_symbolic_reuse,cpu_private_csr,5,parallel_symbolic_parallel_numeric,1,1,647.850865,520.764077,1168.614942,149752608,332.150201,285.490149,285.490149,617.64035,0,0,0,1786.255292,0,0,0,6.920675397e-17,0.005859375,PASS,serial_symbolic_serial_numeric,332767012,699393556,1032160568,332767012,1100088000,0,2614768188,1249840608,0,4600.738281,process_ru_maxrss,resource.getrusage(RUSAGE_CHILDREN).ru_maxrss,,,direct_no_symbolic_serial,mesh_ready_to_matrix_assembled,direct_no_symbolic_serial,Linux;x86_64;GCC 13.3;OpenMP 201511,Intel(R) Core(TM) Ultra 7 265KF,20,20,3,3,0
pgsa-basic-metrics-v1,correctness_memory_time_v1,3d-WindTurbineHub,3d-WindTurbineHub,Tet4,linear_elastic_solid,linear_elastic_solid,228384,1113684,685152,,PASS,,parallel_symbolic_reuse,cpu_private_csr,6,parallel_symbolic_parallel_numeric,1,1,578.664786,480.537517,1057.676742,149752608,398.936834,273.177256,273.177256,672.11409,0,0,0,1729.790832,0,0,0,1.405209813e-17,0.00390625,PASS,serial_symbolic_serial_numeric,332767012,699393556,1032160568,332767012,1320105600,0,2834785788,1469858208,0,4833.816406,process_ru_maxrss,resource.getrusage(RUSAGE_CHILDREN).ru_maxrss,,,direct_no_symbolic_serial,mesh_ready_to_matrix_assembled,direct_no_symbolic_serial,Linux;x86_64;GCC 13.3;OpenMP 201511,Intel(R) Core(TM) Ultra 7 265KF,20,20,3,3,0
pgsa-basic-metrics-v1,correctness_memory_time_v1,3d-WindTurbineHub,3d-WindTurbineHub,Tet4,linear_elastic_solid,linear_elastic_solid,228384,1113684,685152,,PASS,,parallel_symbolic_reuse,cpu_private_csr,7,parallel_symbolic_parallel_numeric,1,1,526.106731,450.988937,977.837545,149752608,464.572513,268.817568,268.817568,733.390081,0,0,0,1711.227626,0,0,0,8.265713991e-17,0.005859375,PASS,serial_symbolic_serial_numeric,332767012,699393556,1032160568,332767012,1540123200,0,3054803388,1689875808,0,5067.613281,process_ru_maxrss,resource.getrusage(RUSAGE_CHILDREN).ru_maxrss,,,direct_no_symbolic_serial,mesh_ready_to_matrix_assembled,direct_no_symbolic_serial,Linux;x86_64;GCC 13.3;OpenMP 201511,Intel(R) Core(TM) Ultra 7 265KF,20,20,3,3,0
pgsa-basic-metrics-v1,correctness_memory_time_v1,3d-WindTurbineHub,3d-WindTurbineHub,Tet4,linear_elastic_solid,linear_elastic_solid,228384,1113684,685152,,PASS,,parallel_symbolic_reuse,cpu_private_csr,8,parallel_symbolic_parallel_numeric,1,1,501.063258,425.256192,937.299296,149752608,530.424907,272.799356,272.799356,803.224263,0,0,0,1740.523559,0,0,0,7.388096298e-17,0.005859375,PASS,serial_symbolic_serial_numeric,332767012,699393556,1032160568,332767012,1760140800,0,3274820988,1909893408,0,5293.578125,process_ru_maxrss,resource.getrusage(RUSAGE_CHILDREN).ru_maxrss,,,direct_no_symbolic_serial,mesh_ready_to_matrix_assembled,direct_no_symbolic_serial,Linux;x86_64;GCC 13.3;OpenMP 201511,Intel(R) Core(TM) Ultra 7 265KF,20,20,3,3,0
pgsa-basic-metrics-v1,correctness_memory_time_v1,3d-WindTurbineHub,3d-WindTurbineHub,Tet4,linear_elastic_solid,linear_elastic_solid,228384,1113684,685152,,PASS,,parallel_symbolic_reuse,cpu_private_csr,9,parallel_symbolic_parallel_numeric,1,1,515.888002,459.270049,976.097552,149752608,595.417662,299.349139,299.349139,894.766801,0,0,0,1870.864353,0,0,0,8.851448216e-17,0.0078125,PASS,serial_symbolic_serial_numeric,332767012,699393556,1032160568,332767012,1980158400,0,3494838588,2129911008,0,5513.074219,process_ru_maxrss,resource.getrusage(RUSAGE_CHILDREN).ru_maxrss,,,direct_no_symbolic_serial,mesh_ready_to_matrix_assembled,direct_no_symbolic_serial,Linux;x86_64;GCC 13.3;OpenMP 201511,Intel(R) Core(TM) Ultra 7 265KF,20,20,3,3,0
pgsa-basic-metrics-v1,correctness_memory_time_v1,3d-WindTurbineHub,3d-WindTurbineHub,Tet4,linear_elastic_solid,linear_elastic_solid,228384,1113684,685152,,PASS,,parallel_symbolic_reuse,cpu_row_owner,1,parallel_symbolic_parallel_numeric,1,1,2052.188832,1491.84581,3541.74891,149752608,4158.325788,820.138993,820.138993,4978.464781,0,0,0,8520.213691,0,0,0,0,0,PASS,serial_symbolic_serial_numeric,332767012,699393556,1032160568,332767012,1924445952,0,3439126140,2074198560,0,4851.3125,process_ru_maxrss,resource.getrusage(RUSAGE_CHILDREN).ru_maxrss,,,direct_no_symbolic_serial,mesh_ready_to_matrix_assembled,direct_no_symbolic_serial,Linux;x86_64;GCC 13.3;OpenMP 201511,Intel(R) Core(TM) Ultra 7 265KF,20,20,3,3,0
pgsa-basic-metrics-v1,correctness_memory_time_v1,3d-WindTurbineHub,3d-WindTurbineHub,Tet4,linear_elastic_solid,linear_elastic_solid,228384,1113684,685152,,PASS,,parallel_symbolic_reuse,cpu_row_owner,10,parallel_symbolic_parallel_numeric,1,1,486.876963,447.946096,934.823059,149752608,3776.40466,199.632771,199.632771,3976.037431,0,0,0,4910.86049,0,0,0,0,0,PASS,serial_symbolic_serial_numeric,332767012,699393556,1032160568,332767012,1924445952,0,3439126140,2074198560,0,5467.679688,process_ru_maxrss,resource.getrusage(RUSAGE_CHILDREN).ru_maxrss,,,direct_no_symbolic_serial,mesh_ready_to_matrix_assembled,direct_no_symbolic_serial,Linux;x86_64;GCC 13.3;OpenMP 201511,Intel(R) Core(TM) Ultra 7 265KF,20,20,3,3,0
pgsa-basic-metrics-v1,correctness_memory_time_v1,3d-WindTurbineHub,3d-WindTurbineHub,Tet4,linear_elastic_solid,linear_elastic_solid,228384,1113684,685152,,PASS,,parallel_symbolic_reuse,cpu_row_owner,11,parallel_symbolic_parallel_numeric,1,1,460.694353,430.501536,890.174727,149752608,3776.449477,189.651444,189.651444,3966.100921,0,0,0,4856.275648,0,0,0,0,0,PASS,serial_symbolic_serial_numeric,332767012,699393556,1032160568,332767012,1924445952,0,3439126140,2074198560,0,5473.125,process_ru_maxrss,resource.getrusage(RUSAGE_CHILDREN).ru_maxrss,,,direct_no_symbolic_serial,mesh_ready_to_matrix_assembled,direct_no_symbolic_serial,Linux;x86_64;GCC 13.3;OpenMP 201511,Intel(R) Core(TM) Ultra 7 265KF,20,20,3,3,0
pgsa-basic-metrics-v1,correctness_memory_time_v1,3d-WindTurbineHub,3d-WindTurbineHub,Tet4,linear_elastic_solid,linear_elastic_solid,228384,1113684,685152,,PASS,,parallel_symbolic_reuse,cpu_row_owner,12,parallel_symbolic_parallel_numeric,1,1,443.333103,421.359101,866.26417,149752608,3948.083878,169.177908,169.177908,4117.261786,0,0,0,4983.525956,0,0,0,0,0,PASS,serial_symbolic_serial_numeric,332767012,699393556,1032160568,332767012,1924445952,0,3439126140,2074198560,0,5478.050781,process_ru_maxrss,resource.getrusage(RUSAGE_CHILDREN).ru_maxrss,,,direct_no_symbolic_serial,mesh_ready_to_matrix_assembled,direct_no_symbolic_serial,Linux;x86_64;GCC 13.3;OpenMP 201511,Intel(R) Core(TM) Ultra 7 265KF,20,20,3,3,0
pgsa-basic-metrics-v1,correctness_memory_time_v1,3d-WindTurbineHub,3d-WindTurbineHub,Tet4,linear_elastic_solid,linear_elastic_solid,228384,1113684,685152,,PASS,,parallel_symbolic_reuse,cpu_row_owner,13,parallel_symbolic_parallel_numeric,1,1,425.351991,410.202534,835.22762,149752608,3973.348397,166.718756,166.718756,4140.067153,0,0,0,4975.294773,0,0,0,0,0,PASS,serial_symbolic_serial_numeric,332767012,699393556,1032160568,332767012,1924445952,0,3439126140,2074198560,0,5482.734375,process_ru_maxrss,resource.getrusage(RUSAGE_CHILDREN).ru_maxrss,,,direct_no_symbolic_serial,mesh_ready_to_matrix_assembled,direct_no_symbolic_serial,Linux;x86_64;GCC 13.3;OpenMP 201511,Intel(R) Core(TM) Ultra 7 265KF,20,20,3,3,0
pgsa-basic-metrics-v1,correctness_memory_time_v1,3d-WindTurbineHub,3d-WindTurbineHub,Tet4,linear_elastic_solid,linear_elastic_solid,228384,1113684,685152,,PASS,,parallel_symbolic_reuse,cpu_row_owner,14,parallel_symbolic_parallel_numeric,1,1,427.848215,400.198647,828.33012,149752608,4003.271114,174.818257,174.818257,4178.089371,0,0,0,5006.419491,0,0,0,0,0,PASS,serial_symbolic_serial_numeric,332767012,699393556,1032160568,332767012,1924445952,0,3439126140,2074198560,0,5486.746094,process_ru_maxrss,resource.getrusage(RUSAGE_CHILDREN).ru_maxrss,,,direct_no_symbolic_serial,mesh_ready_to_matrix_assembled,direct_no_symbolic_serial,Linux;x86_64;GCC 13.3;OpenMP 201511,Intel(R) Core(TM) Ultra 7 265KF,20,20,3,3,0
pgsa-basic-metrics-v1,correctness_memory_time_v1,3d-WindTurbineHub,3d-WindTurbineHub,Tet4,linear_elastic_solid,linear_elastic_solid,228384,1113684,685152,,PASS,,parallel_symbolic_reuse,cpu_row_owner,15,parallel_symbolic_parallel_numeric,1,1,424.149297,389.906091,822.041478,149752608,4015.355004,168.017374,168.017374,4183.372378,0,0,0,5005.413856,0,0,0,0,0,PASS,serial_symbolic_serial_numeric,332767012,699393556,1032160568,332767012,1924445952,0,3439126140,2074198560,0,5489.902344,process_ru_maxrss,resource.getrusage(RUSAGE_CHILDREN).ru_maxrss,,,direct_no_symbolic_serial,mesh_ready_to_matrix_assembled,direct_no_symbolic_serial,Linux;x86_64;GCC 13.3;OpenMP 201511,Intel(R) Core(TM) Ultra 7 265KF,20,20,3,3,0
pgsa-basic-metrics-v1,correctness_memory_time_v1,3d-WindTurbineHub,3d-WindTurbineHub,Tet4,linear_elastic_solid,linear_elastic_solid,228384,1113684,685152,,PASS,,parallel_symbolic_reuse,cpu_row_owner,16,parallel_symbolic_parallel_numeric,1,1,417.806145,382.995707,798.233707,149752608,3879.144068,163.528403,163.528403,4042.672471,0,0,0,4840.906178,0,0,0,0,0,PASS,serial_symbolic_serial_numeric,332767012,699393556,1032160568,332767012,1924445952,0,3439126140,2074198560,0,5493.523438,process_ru_maxrss,resource.getrusage(RUSAGE_CHILDREN).ru_maxrss,,,direct_no_symbolic_serial,mesh_ready_to_matrix_assembled,direct_no_symbolic_serial,Linux;x86_64;GCC 13.3;OpenMP 201511,Intel(R) Core(TM) Ultra 7 265KF,20,20,3,3,0
pgsa-basic-metrics-v1,correctness_memory_time_v1,3d-WindTurbineHub,3d-WindTurbineHub,Tet4,linear_elastic_solid,linear_elastic_solid,228384,1113684,685152,,PASS,,parallel_symbolic_reuse,cpu_row_owner,17,parallel_symbolic_parallel_numeric,1,1,430.95983,375.234756,805.506562,149752608,3850.73814,159.43189,159.43189,4010.17003,0,0,0,4815.676592,0,0,0,0,0,PASS,serial_symbolic_serial_numeric,332767012,699393556,1032160568,332767012,1924445952,0,3439126140,2074198560,0,5497.511719,process_ru_maxrss,resource.getrusage(RUSAGE_CHILDREN).ru_maxrss,,,direct_no_symbolic_serial,mesh_ready_to_matrix_assembled,direct_no_symbolic_serial,Linux;x86_64;GCC 13.3;OpenMP 201511,Intel(R) Core(TM) Ultra 7 265KF,20,20,3,3,0
pgsa-basic-metrics-v1,correctness_memory_time_v1,3d-WindTurbineHub,3d-WindTurbineHub,Tet4,linear_elastic_solid,linear_elastic_solid,228384,1113684,685152,,PASS,,parallel_symbolic_reuse,cpu_row_owner,18,parallel_symbolic_parallel_numeric,1,1,437.068654,369.777781,804.602858,149752608,3874.465126,155.605481,155.605481,4030.070607,0,0,0,4834.673465,0,0,0,0,0,PASS,serial_symbolic_serial_numeric,332767012,699393556,1032160568,332767012,1924445952,0,3439126140,2074198560,0,5501.148438,process_ru_maxrss,resource.getrusage(RUSAGE_CHILDREN).ru_maxrss,,,direct_no_symbolic_serial,mesh_ready_to_matrix_assembled,direct_no_symbolic_serial,Linux;x86_64;GCC 13.3;OpenMP 201511,Intel(R) Core(TM) Ultra 7 265KF,20,20,3,3,0
pgsa-basic-metrics-v1,correctness_memory_time_v1,3d-WindTurbineHub,3d-WindTurbineHub,Tet4,linear_elastic_solid,linear_elastic_solid,228384,1113684,685152,,PASS,,parallel_symbolic_reuse,cpu_row_owner,19,parallel_symbolic_parallel_numeric,1,1,437.304647,366.592046,800.37769,149752608,3703.438392,156.133412,156.133412,3859.571804,0,0,0,4659.949494,0,0,0,0,0,PASS,serial_symbolic_serial_numeric,332767012,699393556,1032160568,332767012,1924445952,0,3439126140,2074198560,0,5503.988281,process_ru_maxrss,resource.getrusage(RUSAGE_CHILDREN).ru_maxrss,,,direct_no_symbolic_serial,mesh_ready_to_matrix_assembled,direct_no_symbolic_serial,Linux;x86_64;GCC 13.3;OpenMP 201511,Intel(R) Core(TM) Ultra 7 265KF,20,20,3,3,0
pgsa-basic-metrics-v1,correctness_memory_time_v1,3d-WindTurbineHub,3d-WindTurbineHub,Tet4,linear_elastic_solid,linear_elastic_solid,228384,1113684,685152,,PASS,,parallel_symbolic_reuse,cpu_row_owner,2,parallel_symbolic_parallel_numeric,1,1,1216.201797,884.595823,2100.956659,149752608,4366.51434,469.586005,469.586005,4836.100345,0,0,0,6937.057004,0,0,0,0,0,PASS,serial_symbolic_serial_numeric,332767012,699393556,1032160568,332767012,1924445952,0,3439126140,2074198560,0,5736.941406,process_ru_maxrss,resource.getrusage(RUSAGE_CHILDREN).ru_maxrss,,,direct_no_symbolic_serial,mesh_ready_to_matrix_assembled,direct_no_symbolic_serial,Linux;x86_64;GCC 13.3;OpenMP 201511,Intel(R) Core(TM) Ultra 7 265KF,20,20,3,3,0
pgsa-basic-metrics-v1,correctness_memory_time_v1,3d-WindTurbineHub,3d-WindTurbineHub,Tet4,linear_elastic_solid,linear_elastic_solid,228384,1113684,685152,,PASS,,parallel_symbolic_reuse,cpu_row_owner,20,parallel_symbolic_parallel_numeric,1,1,455.058214,363.995373,819.650627,149752608,3646.435349,158.320698,158.320698,3804.756047,0,0,0,4624.406674,0,0,0,0,0,PASS,serial_symbolic_serial_numeric,332767012,699393556,1032160568,332767012,1924445952,0,3439126140,2074198560,0,5506.769531,process_ru_maxrss,resource.getrusage(RUSAGE_CHILDREN).ru_maxrss,,,direct_no_symbolic_serial,mesh_ready_to_matrix_assembled,direct_no_symbolic_serial,Linux;x86_64;GCC 13.3;OpenMP 201511,Intel(R) Core(TM) Ultra 7 265KF,20,20,3,3,0
pgsa-basic-metrics-v1,correctness_memory_time_v1,3d-WindTurbineHub,3d-WindTurbineHub,Tet4,linear_elastic_solid,linear_elastic_solid,228384,1113684,685152,,PASS,,parallel_symbolic_reuse,cpu_row_owner,3,parallel_symbolic_parallel_numeric,1,1,900.117532,683.731889,1586.971047,149752608,4076.217882,351.352323,351.352323,4427.570205,0,0,0,6014.541252,0,0,0,0,0,PASS,serial_symbolic_serial_numeric,332767012,699393556,1032160568,332767012,1924445952,0,3439126140,2074198560,0,5568.28125,process_ru_maxrss,resource.getrusage(RUSAGE_CHILDREN).ru_maxrss,,,direct_no_symbolic_serial,mesh_ready_to_matrix_assembled,direct_no_symbolic_serial,Linux;x86_64;GCC 13.3;OpenMP 201511,Intel(R) Core(TM) Ultra 7 265KF,20,20,3,3,0
pgsa-basic-metrics-v1,correctness_memory_time_v1,3d-WindTurbineHub,3d-WindTurbineHub,Tet4,linear_elastic_solid,linear_elastic_solid,228384,1113684,685152,,PASS,,parallel_symbolic_reuse,cpu_row_owner,4,parallel_symbolic_parallel_numeric,1,1,732.277233,580.775156,1313.052389,149752608,4252.111631,284.653381,284.653381,4536.765012,0,0,0,5849.817401,0,0,0,0,0,PASS,serial_symbolic_serial_numeric,332767012,699393556,1032160568,332767012,1924445952,0,3439126140,2074198560,0,5484.660156,process_ru_maxrss,resource.getrusage(RUSAGE_CHILDREN).ru_maxrss,,,direct_no_symbolic_serial,mesh_ready_to_matrix_assembled,direct_no_symbolic_serial,Linux;x86_64;GCC 13.3;OpenMP 201511,Intel(R) Core(TM) Ultra 7 265KF,20,20,3,3,0
pgsa-basic-metrics-v1,correctness_memory_time_v1,3d-WindTurbineHub,3d-WindTurbineHub,Tet4,linear_elastic_solid,linear_elastic_solid,228384,1113684,685152,,PASS,,parallel_symbolic_reuse,cpu_row_owner,5,parallel_symbolic_parallel_numeric,1,1,649.471403,520.262972,1172.754525,149752608,4059.056065,250.147814,250.147814,4309.203879,0,0,0,5481.958404,0,0,0,0,0,PASS,serial_symbolic_serial_numeric,332767012,699393556,1032160568,332767012,1924445952,0,3439126140,2074198560,0,5423.082031,process_ru_maxrss,resource.getrusage(RUSAGE_CHILDREN).ru_maxrss,,,direct_no_symbolic_serial,mesh_ready_to_matrix_assembled,direct_no_symbolic_serial,Linux;x86_64;GCC 13.3;OpenMP 201511,Intel(R) Core(TM) Ultra 7 265KF,20,20,3,3,0
pgsa-basic-metrics-v1,correctness_memory_time_v1,3d-WindTurbineHub,3d-WindTurbineHub,Tet4,linear_elastic_solid,linear_elastic_solid,228384,1113684,685152,,PASS,,parallel_symbolic_reuse,cpu_row_owner,6,parallel_symbolic_parallel_numeric,1,1,580.879142,480.304417,1058.246974,149752608,3928.211898,212.571784,212.571784,4140.783682,0,0,0,5199.030656,0,0,0,0,0,PASS,serial_symbolic_serial_numeric,332767012,699393556,1032160568,332767012,1924445952,0,3439126140,2074198560,0,5410.257812,process_ru_maxrss,resource.getrusage(RUSAGE_CHILDREN).ru_maxrss,,,direct_no_symbolic_serial,mesh_ready_to_matrix_assembled,direct_no_symbolic_serial,Linux;x86_64;GCC 13.3;OpenMP 201511,Intel(R) Core(TM) Ultra 7 265KF,20,20,3,3,0
pgsa-basic-metrics-v1,correctness_memory_time_v1,3d-WindTurbineHub,3d-WindTurbineHub,Tet4,linear_elastic_solid,linear_elastic_solid,228384,1113684,685152,,PASS,,parallel_symbolic_reuse,cpu_row_owner,7,parallel_symbolic_parallel_numeric,1,1,543.139874,450.154428,993.294302,149752608,4018.387785,201.469821,201.469821,4219.857606,0,0,0,5213.151908,0,0,0,0,0,PASS,serial_symbolic_serial_numeric,332767012,699393556,1032160568,332767012,1924445952,0,3439126140,2074198560,0,5434.097656,process_ru_maxrss,resource.getrusage(RUSAGE_CHILDREN).ru_maxrss,,,direct_no_symbolic_serial,mesh_ready_to_matrix_assembled,direct_no_symbolic_serial,Linux;x86_64;GCC 13.3;OpenMP 201511,Intel(R) Core(TM) Ultra 7 265KF,20,20,3,3,0
pgsa-basic-metrics-v1,correctness_memory_time_v1,3d-WindTurbineHub,3d-WindTurbineHub,Tet4,linear_elastic_solid,linear_elastic_solid,228384,1113684,685152,,PASS,,parallel_symbolic_reuse,cpu_row_owner,8,parallel_symbolic_parallel_numeric,1,1,496.743907,427.447405,924.897925,149752608,3978.392926,183.612667,183.612667,4162.005593,0,0,0,5086.903518,0,0,0,0,0,PASS,serial_symbolic_serial_numeric,332767012,699393556,1032160568,332767012,1924445952,0,3439126140,2074198560,0,5450.324219,process_ru_maxrss,resource.getrusage(RUSAGE_CHILDREN).ru_maxrss,,,direct_no_symbolic_serial,mesh_ready_to_matrix_assembled,direct_no_symbolic_serial,Linux;x86_64;GCC 13.3;OpenMP 201511,Intel(R) Core(TM) Ultra 7 265KF,20,20,3,3,0
pgsa-basic-metrics-v1,correctness_memory_time_v1,3d-WindTurbineHub,3d-WindTurbineHub,Tet4,linear_elastic_solid,linear_elastic_solid,228384,1113684,685152,,PASS,,parallel_symbolic_reuse,cpu_row_owner,9,parallel_symbolic_parallel_numeric,1,1,517.612494,458.151528,981.546003,149752608,3731.091958,197.994967,197.994967,3929.086925,0,0,0,4910.632928,0,0,0,0,0,PASS,serial_symbolic_serial_numeric,332767012,699393556,1032160568,332767012,1924445952,0,3439126140,2074198560,0,5460.039062,process_ru_maxrss,resource.getrusage(RUSAGE_CHILDREN).ru_maxrss,,,direct_no_symbolic_serial,mesh_ready_to_matrix_assembled,direct_no_symbolic_serial,Linux;x86_64;GCC 13.3;OpenMP 201511,Intel(R) Core(TM) Ultra 7 265KF,20,20,3,3,0
pgsa-basic-metrics-v1,correctness_memory_time_v1,3d-WindTurbineHub,3d-WindTurbineHub,Tet4,linear_elastic_solid,linear_elastic_solid,228384,1113684,685152,,PASS,,symbolic_reuse_serial,cpu_serial,1,serial_symbolic_serial_numeric,1,1,2133.643606,1372.089562,3505.733168,0,0,696.362006,696.362006,696.362006,0,0,0,4202.095174,0,0,0,0,0,PASS,serial_symbolic_serial_numeric,332767012,699393556,1032160568,332767012,0,0,1364927580,0,0,3099.957031,process_ru_maxrss,resource.getrusage(RUSAGE_CHILDREN).ru_maxrss,,,direct_no_symbolic_serial,mesh_ready_to_matrix_assembled,direct_no_symbolic_serial,Linux;x86_64;GCC 13.3;OpenMP 201511,Intel(R) Core(TM) Ultra 7 265KF,20,20,3,3,0
