case_name,mesh,element_type,stiffness_model,kernel,algorithm,threads,status,skip_reason,repeat_count,rel_l2,max_abs,measurement_mode,symbolic_ms_mean,symbolic_ms_min,symbolic_ms_max,symbolic_ms_std,numeric_ms_mean,numeric_ms_min,numeric_ms_max,numeric_ms_std,symbolic_numeric_total_ms_mean,symbolic_numeric_total_ms_min,symbolic_numeric_total_ms_max,symbolic_numeric_total_ms_std,isolated_peak_rss_mb_mean,isolated_peak_rss_mb_min,isolated_peak_rss_mb_max,isolated_peak_rss_mb_std
3d-WindTurbineHub,3d-WindTurbineHub,Tet4,physics_tet4,physics_tet4,cpu_serial,1,PASS,,3,0,0,isolated,3578.118627,3564.437312,3586.981912,9.814099107,685.9342257,682.55441,690.576525,3.394503501,4264.052853,4249.109054,4277.558437,11.65885057,2045.580729,2045.542969,2045.640625,0.04283031108
3d-WindTurbineHub,3d-WindTurbineHub,,physics_tet4,physics_tet4,cpu_serial,2,SKIP,NOT_APPLICABLE,0,,,isolated,,,,,,,,,,,,,,,,
3d-WindTurbineHub,3d-WindTurbineHub,,physics_tet4,physics_tet4,cpu_serial,3,SKIP,NOT_APPLICABLE,0,,,isolated,,,,,,,,,,,,,,,,
3d-WindTurbineHub,3d-WindTurbineHub,,physics_tet4,physics_tet4,cpu_serial,4,SKIP,NOT_APPLICABLE,0,,,isolated,,,,,,,,,,,,,,,,
3d-WindTurbineHub,3d-WindTurbineHub,,physics_tet4,physics_tet4,cpu_serial,5,SKIP,NOT_APPLICABLE,0,,,isolated,,,,,,,,,,,,,,,,
3d-WindTurbineHub,3d-WindTurbineHub,,physics_tet4,physics_tet4,cpu_serial,6,SKIP,NOT_APPLICABLE,0,,,isolated,,,,,,,,,,,,,,,,
3d-WindTurbineHub,3d-WindTurbineHub,,physics_tet4,physics_tet4,cpu_serial,7,SKIP,NOT_APPLICABLE,0,,,isolated,,,,,,,,,,,,,,,,
3d-WindTurbineHub,3d-WindTurbineHub,,physics_tet4,physics_tet4,cpu_serial,8,SKIP,NOT_APPLICABLE,0,,,isolated,,,,,,,,,,,,,,,,
3d-WindTurbineHub,3d-WindTurbineHub,,physics_tet4,physics_tet4,cpu_serial,9,SKIP,NOT_APPLICABLE,0,,,isolated,,,,,,,,,,,,,,,,
3d-WindTurbineHub,3d-WindTurbineHub,,physics_tet4,physics_tet4,cpu_serial,10,SKIP,NOT_APPLICABLE,0,,,isolated,,,,,,,,,,,,,,,,
3d-WindTurbineHub,3d-WindTurbineHub,,physics_tet4,physics_tet4,cpu_serial,11,SKIP,NOT_APPLICABLE,0,,,isolated,,,,,,,,,,,,,,,,
3d-WindTurbineHub,3d-WindTurbineHub,,physics_tet4,physics_tet4,cpu_serial,12,SKIP,NOT_APPLICABLE,0,,,isolated,,,,,,,,,,,,,,,,
3d-WindTurbineHub,3d-WindTurbineHub,,physics_tet4,physics_tet4,cpu_serial,13,SKIP,NOT_APPLICABLE,0,,,isolated,,,,,,,,,,,,,,,,
3d-WindTurbineHub,3d-WindTurbineHub,,physics_tet4,physics_tet4,cpu_serial,14,SKIP,NOT_APPLICABLE,0,,,isolated,,,,,,,,,,,,,,,,
3d-WindTurbineHub,3d-WindTurbineHub,,physics_tet4,physics_tet4,cpu_serial,15,SKIP,NOT_APPLICABLE,0,,,isolated,,,,,,,,,,,,,,,,
3d-WindTurbineHub,3d-WindTurbineHub,,physics_tet4,physics_tet4,cpu_serial,16,SKIP,NOT_APPLICABLE,0,,,isolated,,,,,,,,,,,,,,,,
3d-WindTurbineHub,3d-WindTurbineHub,,physics_tet4,physics_tet4,cpu_serial,17,SKIP,NOT_APPLICABLE,0,,,isolated,,,,,,,,,,,,,,,,
3d-WindTurbineHub,3d-WindTurbineHub,,physics_tet4,physics_tet4,cpu_serial,18,SKIP,NOT_APPLICABLE,0,,,isolated,,,,,,,,,,,,,,,,
3d-WindTurbineHub,3d-WindTurbineHub,,physics_tet4,physics_tet4,cpu_serial,19,SKIP,NOT_APPLICABLE,0,,,isolated,,,,,,,,,,,,,,,,
3d-WindTurbineHub,3d-WindTurbineHub,,physics_tet4,physics_tet4,cpu_serial,20,SKIP,NOT_APPLICABLE,0,,,isolated,,,,,,,,,,,,,,,,
3d-WindTurbineHub,3d-WindTurbineHub,Tet4,physics_tet4,physics_tet4,cpu_atomic,1,PASS,,3,0,0,isolated,3582.442195,3572.683387,3590.401233,7.344380798,1211.098567,1206.442512,1216.274835,4.030848509,4793.540762,4779.125899,4800.979588,10.19459824,2045.516927,2045.476562,2045.5625,0.03527678565
3d-WindTurbineHub,3d-WindTurbineHub,Tet4,physics_tet4,physics_tet4,cpu_atomic,2,PASS,,3,8.4999630751195776e-18,0.00390625,isolated,3569.903764,3562.550656,3580.624069,7.753088679,650.9185937,649.645926,652.75171,1.328420263,4220.822358,4215.302366,4230.982214,7.193083086,2045.582031,2045.5,2045.707031,0.08981540314
3d-WindTurbineHub,3d-WindTurbineHub,Tet4,physics_tet4,physics_tet4,cpu_atomic,3,PASS,,3,1.4142774029573972e-17,0.005859375,isolated,3577.18748,3571.58341,3586.684352,6.751544958,460.372195,457.655117,461.807532,1.922287279,4037.559675,4029.238527,4048.491884,8.074080587,2045.579427,2045.472656,2045.703125,0.09484683262
3d-WindTurbineHub,3d-WindTurbineHub,Tet4,physics_tet4,physics_tet4,cpu_atomic,4,PASS,,3,1.7346104467235361e-17,0.005859375,isolated,3565.825493,3552.463061,3576.566049,10.01313072,367.892406,357.880121,386.802435,13.37914915,3933.717899,3911.457723,3963.368484,21.82728252,2045.535156,2045.507812,2045.5625,0.02232628251
3d-WindTurbineHub,3d-WindTurbineHub,Tet4,physics_tet4,physics_tet4,cpu_atomic,5,PASS,,3,9.1553888759684987e-17,0.005859375,isolated,3572.781272,3569.417443,3576.33214,2.82600969,298.455845,297.690052,299.28823,0.6541503908,3871.237117,3867.107495,3875.62037,3.479991039,2045.627604,2045.582031,2045.699219,0.05126334726
3d-WindTurbineHub,3d-WindTurbineHub,Tet4,physics_tet4,physics_tet4,cpu_atomic,6,PASS,,3,1.5125326692260925e-17,0.0048828125,isolated,3572.392255,3564.670463,3577.827978,5.609493831,254.1657857,253.703494,254.67377,0.3974290242,3826.55804,3818.790556,3831.531472,5.564038273,2045.501302,2045.5,2045.503906,0.001841306058
3d-WindTurbineHub,3d-WindTurbineHub,Tet4,physics_tet4,physics_tet4,cpu_atomic,7,PASS,,3,1.0915882841226241e-16,0.005859375,isolated,3572.569706,3560.678012,3581.391371,8.73039208,224.589262,223.956574,225.253449,0.5299152962,3797.158968,3785.931461,3805.949134,8.351937158,2045.526042,2045.496094,2045.574219,0.03440077001
3d-WindTurbineHub,3d-WindTurbineHub,Tet4,physics_tet4,physics_tet4,cpu_atomic,8,PASS,,3,9.8313384248206457e-17,0.0068359375,isolated,3561.379735,3552.396082,3574.114243,9.254595767,205.3396213,200.108799,215.587064,7.246563854,3766.719356,3757.737679,3774.437244,6.875887387,2045.588541,2045.539062,2045.660156,0.05185504762
3d-WindTurbineHub,3d-WindTurbineHub,Tet4,physics_tet4,physics_tet4,cpu_atomic,9,PASS,,3,1.1639306753059434e-16,0.0068359375,isolated,3562.612849,3549.785787,3575.685724,10.57503356,221.6253393,221.265009,221.985725,0.2942310775,3784.238188,3771.411071,3797.671449,10.72931873,2045.515625,2045.503906,2045.535156,0.01390249247
3d-WindTurbineHub,3d-WindTurbineHub,Tet4,physics_tet4,physics_tet4,cpu_atomic,10,PASS,,3,1.2819246853277206e-16,0.005859375,isolated,3575.152514,3568.201721,3582.400427,5.80040362,211.3092967,210.99106,211.630035,0.2608664491,3786.461811,3779.831756,3793.707222,5.681322443,2045.522135,2045.511719,2045.539062,0.01207471856
3d-WindTurbineHub,3d-WindTurbineHub,Tet4,physics_tet4,physics_tet4,cpu_atomic,11,PASS,,3,1.3724944007623965e-16,0.0068359375,isolated,3565.020803,3554.731445,3573.375721,7.733425391,200.261104,199.068456,202.328016,1.467295927,3765.281907,3757.059461,3772.444177,6.325364418,2045.5625,2045.550781,2045.574219,0.009568523432
3d-WindTurbineHub,3d-WindTurbineHub,Tet4,physics_tet4,physics_tet4,cpu_atomic,12,PASS,,3,1.9339478072946716e-17,0.005859375,isolated,3570.639977,3565.6961,3577.591532,5.059539098,190.4029387,189.966227,191.218904,0.577451253,3761.042916,3756.915004,3767.557759,4.661197313,2045.58724,2045.558594,2045.640625,0.03778279653
3d-WindTurbineHub,3d-WindTurbineHub,Tet4,physics_tet4,physics_tet4,cpu_atomic,13,PASS,,3,1.4734479013016651e-16,0.005859375,isolated,3567.888748,3561.051476,3573.533004,5.164920102,180.3773743,179.760858,181.390448,0.7219576077,3748.266122,3741.032293,3753.293862,5.243194961,2045.584635,2045.539062,2045.65625,0.05126317793
3d-WindTurbineHub,3d-WindTurbineHub,Tet4,physics_tet4,physics_tet4,cpu_atomic,14,PASS,,3,1.5070721387303627e-16,0.0068359375,isolated,3566.389168,3549.836917,3589.869057,17.06140267,169.7497267,169.253271,170.567919,0.5829297859,3736.138894,3719.264907,3760.436976,17.60913965,2045.576823,2045.539062,2045.644531,0.0479831536
3d-WindTurbineHub,3d-WindTurbineHub,Tet4,physics_tet4,physics_tet4,cpu_atomic,15,PASS,,3,1.5014865129876063e-16,0.009765625,isolated,3554.843182,3549.396636,3561.809812,5.180394299,162.9952627,162.038674,164.251722,0.9280219736,3717.838444,3713.648358,3724.505204,4.765725504,2045.578125,2045.507812,2045.636719,0.05327447721
3d-WindTurbineHub,3d-WindTurbineHub,Tet4,physics_tet4,physics_tet4,cpu_atomic,16,PASS,,3,1.5080955691461382e-16,0.0068359375,isolated,3568.304574,3566.670655,3569.537897,1.20433291,157.282415,156.008026,158.09734,0.9127389635,3725.586989,3722.678681,3727.635237,2.112918738,2045.561198,2045.5,2045.621094,0.04944499039
3d-WindTurbineHub,3d-WindTurbineHub,Tet4,physics_tet4,physics_tet4,cpu_atomic,17,PASS,,3,1.5271473904345747e-16,0.005859375,isolated,3566.885343,3552.719498,3579.207073,10.89184647,150.963761,150.037435,151.558743,0.6637952207,3717.849104,3702.756933,3730.765816,11.53758641,2045.52474,2045.496094,2045.542969,0.02050514417
3d-WindTurbineHub,3d-WindTurbineHub,Tet4,physics_tet4,physics_tet4,cpu_atomic,18,PASS,,3,1.4858577350399189e-16,0.0078125,isolated,3588.901478,3563.528487,3602.779555,17.9677741,146.0377307,145.523426,146.361799,0.36774966,3734.939208,3709.756454,3749.141354,17.85539903,2045.557292,2045.535156,2045.578125,0.01756617572
3d-WindTurbineHub,3d-WindTurbineHub,Tet4,physics_tet4,physics_tet4,cpu_atomic,19,PASS,,3,1.5142771640147248e-16,0.0068359375,isolated,3587.573357,3584.257341,3591.855705,3.176385051,144.0540837,143.52088,144.629157,0.4534198047,3731.62744,3728.269555,3736.484862,3.517506142,2045.542969,2045.496094,2045.570312,0.03329847461
3d-WindTurbineHub,3d-WindTurbineHub,Tet4,physics_tet4,physics_tet4,cpu_atomic,20,PASS,,3,1.4943538677297015e-16,0.005859375,isolated,3587.484143,3583.244734,3593.649447,4.460666523,140.708972,140.101945,141.800003,0.7731085076,3728.193115,3723.346679,3735.44945,5.226533508,2045.565104,2045.492188,2045.640625,0.06062712625
3d-WindTurbineHub,3d-WindTurbineHub,Tet4,physics_tet4,physics_tet4,cpu_private_csr,1,PASS,,3,0,0,isolated,3652.246693,3633.041075,3663.73614,13.66750953,713.981521,707.62071,721.571488,5.761317561,4366.228214,4345.79344,4385.307628,16.1600436,2255.175781,2255.097656,2255.25,0.0622554957
3d-WindTurbineHub,3d-WindTurbineHub,Tet4,physics_tet4,physics_tet4,cpu_private_csr,2,PASS,,3,8.3619349794399907e-18,0.00390625,isolated,3706.927371,3699.378783,3713.055407,5.67309363,434.5600877,431.710974,436.999176,2.178280771,4141.487459,4136.377959,4144.766381,3.661025898,2465.092448,2465.03125,2465.152344,0.04944499039
3d-WindTurbineHub,3d-WindTurbineHub,Tet4,physics_tet4,physics_tet4,cpu_private_csr,3,PASS,,3,1.2953142812083079e-17,0.00390625,isolated,3768.782536,3759.555726,3776.538575,7.010785288,350.9544087,350.285409,351.352648,0.4759083521,4119.736945,4110.908374,4127.763744,6.904491408,2674.957031,2674.933594,2675,0.03042525207
3d-WindTurbineHub,3d-WindTurbineHub,Tet4,physics_tet4,physics_tet4,cpu_private_csr,4,PASS,,3,1.5969756783660086e-17,0.005859375,isolated,3839.28946,3834.068392,3844.277898,4.171258062,304.8893517,303.879237,306.454849,1.122432395,4144.178812,4137.947629,4148.611867,4.535521981,2884.75651,2884.691406,2884.878906,0.08660556239
3d-WindTurbineHub,3d-WindTurbineHub,Tet4,physics_tet4,physics_tet4,cpu_private_csr,5,PASS,,3,6.9206753970939503e-17,0.005859375,isolated,3907.920455,3880.743988,3927.616309,19.85318286,286.7097183,286.265292,287.330137,0.4521826287,4194.630174,4167.00928,4214.150035,20.0795541,3094.643229,3094.605469,3094.707031,0.04536755994
3d-WindTurbineHub,3d-WindTurbineHub,Tet4,physics_tet4,physics_tet4,cpu_private_csr,6,PASS,,3,1.4052098129007385e-17,0.00390625,isolated,3971.359221,3966.94569,3975.932897,3.670758994,273.4369643,272.2712,274.340477,0.8648925861,4244.796185,4239.21689,4250.273374,4.514368087,3304.488281,3304.445312,3304.550781,0.0452181561
3d-WindTurbineHub,3d-WindTurbineHub,Tet4,physics_tet4,physics_tet4,cpu_private_csr,7,PASS,,3,8.2657139913070665e-17,0.005859375,isolated,4031.096374,4016.651012,4045.954677,11.96673406,270.4607123,268.159373,273.608835,2.303901117,4301.557086,4284.810385,4315.568606,12.70506332,3514.304688,3514.292969,3514.3125,0.0084383873
3d-WindTurbineHub,3d-WindTurbineHub,Tet4,physics_tet4,physics_tet4,cpu_private_csr,8,PASS,,3,7.3880962975152929e-17,0.005859375,isolated,4088.290069,4074.86338,4103.147348,11.59110725,269.4486143,268.014802,271.10705,1.272357695,4357.738684,4345.97043,4372.371339,10.96678612,3724.144531,3724.128906,3724.167969,0.01687708321
3d-WindTurbineHub,3d-WindTurbineHub,Tet4,physics_tet4,physics_tet4,cpu_private_csr,9,PASS,,3,8.8514482161914481e-17,0.0078125,isolated,4166.887147,4159.233738,4172.216184,5.549054409,296.5300227,296.287508,296.85304,0.2377913935,4463.41717,4455.521246,4468.665704,5.683349915,3934.00651,3933.949219,3934.09375,0.06268960303
3d-WindTurbineHub,3d-WindTurbineHub,Tet4,physics_tet4,physics_tet4,cpu_private_csr,10,PASS,,3,9.6776629059682911e-17,0.005859375,isolated,4219.43441,4218.051319,4220.552192,1.038069712,312.257666,309.492144,315.447064,2.449492628,4531.692076,4527.543463,4535.999256,3.45388346,4143.834636,4143.824219,4143.839844,0.007365695637
3d-WindTurbineHub,3d-WindTurbineHub,Tet4,physics_tet4,physics_tet4,cpu_private_csr,11,PASS,,3,1.0380388329715151e-16,0.005859375,isolated,4281.131306,4277.853884,4286.688578,3.950632146,326.18928,324.864915,328.594022,1.703324318,4607.320586,4603.960359,4611.553493,3.160706543,4353.669271,4353.667969,4353.671875,0.001841306058
3d-WindTurbineHub,3d-WindTurbineHub,Tet4,physics_tet4,physics_tet4,cpu_private_csr,12,PASS,,3,1.9324441981839993e-17,0.005859375,isolated,4341.205589,4336.462994,4345.57691,3.729990986,342.6918217,341.16521,343.891561,1.136773676,4683.89741,4680.354555,4686.74212,2.654028659,4563.415365,4563.371094,4563.457031,0.0351319314
3d-WindTurbineHub,3d-WindTurbineHub,Tet4,physics_tet4,physics_tet4,cpu_private_csr,13,PASS,,3,1.1284682676156252e-16,0.0078125,isolated,4417.821691,4409.72174,4429.575068,8.506832378,356.6357363,353.636623,358.343806,2.127516277,4774.457428,4768.065546,4783.211691,6.405053341,4773.205729,4773.195312,4773.21875,0.00974407762
3d-WindTurbineHub,3d-WindTurbineHub,Tet4,physics_tet4,physics_tet4,cpu_private_csr,14,PASS,,3,1.1570885421843386e-16,0.005859375,isolated,4491.004801,4484.674142,4500.255275,6.687645983,366.060986,365.117786,367.179548,0.8507955138,4857.065787,4850.559766,4867.434823,7.410984954,4983.061198,4982.976562,4983.199219,0.09842613801
3d-WindTurbineHub,3d-WindTurbineHub,Tet4,physics_tet4,physics_tet4,cpu_private_csr,15,PASS,,3,1.1790496053095949e-16,0.005859375,isolated,4549.983285,4543.544862,4555.425029,4.90099444,382.3750937,377.855359,390.265189,5.598837286,4932.358379,4928.835324,4934.429762,2.50398986,5192.916666,5192.820312,5193.046875,0.09554156218
3d-WindTurbineHub,3d-WindTurbineHub,Tet4,physics_tet4,physics_tet4,cpu_private_csr,16,PASS,,3,1.1944961722038869e-16,0.005859375,isolated,4609.414465,4601.539654,4617.259059,6.417455788,395.9012783,394.57962,396.912736,0.977420383,5005.315743,4997.751133,5014.171795,6.765618999,5402.766927,5402.726562,5402.828125,0.04400205419
3d-WindTurbineHub,3d-WindTurbineHub,Tet4,physics_tet4,physics_tet4,cpu_private_csr,17,PASS,,3,1.2623160244493821e-16,0.005859375,isolated,4685.746618,4672.289548,4695.559938,9.843287116,410.3909327,409.364326,411.437332,0.8464168718,5096.137551,5082.660688,5104.924264,9.675220388,5612.621094,5612.574219,5612.714844,0.06629126074
3d-WindTurbineHub,3d-WindTurbineHub,Tet4,physics_tet4,physics_tet4,cpu_private_csr,18,PASS,,3,1.2406824107403416e-16,0.005859375,isolated,4780.611235,4765.683942,4805.325278,17.60102699,424.1328,419.814655,428.678634,3.622284053,5204.744035,5190.639141,5229.230389,17.38106496,5822.47526,5822.40625,5822.582031,0.07656858394
3d-WindTurbineHub,3d-WindTurbineHub,Tet4,physics_tet4,physics_tet4,cpu_private_csr,19,PASS,,3,1.2978713640836396e-16,0.005859375,isolated,4852.98043,4842.297427,4862.698232,8.356511308,436.1072717,433.111829,439.184294,2.479744506,5289.087702,5278.323119,5301.882526,9.724636186,6032.229167,6032.195312,6032.277344,0.03498729618
3d-WindTurbineHub,3d-WindTurbineHub,Tet4,physics_tet4,physics_tet4,cpu_private_csr,20,PASS,,3,1.297996957225153e-16,0.005859375,isolated,4912.626757,4904.351286,4926.063944,9.586183051,450.3452267,448.445769,453.170688,2.037044752,5362.971984,5352.797055,5379.234632,11.61985689,6242.152344,6242.074219,6242.261719,0.0796721799
3d-WindTurbineHub,3d-WindTurbineHub,Tet4,physics_tet4,physics_tet4,cpu_lock_guard,1,PASS,,3,0,0,isolated,4007.997696,4006.886323,4008.557432,0.7858665743,2424.817489,2419.786049,2433.230913,5.987177991,6432.815186,6426.672372,6441.788345,6.487490649,3094.598958,3094.574219,3094.621094,0.01922499617
3d-WindTurbineHub,3d-WindTurbineHub,Tet4,physics_tet4,physics_tet4,cpu_lock_guard,2,PASS,,3,8.6843699768356239e-18,0.0048828125,isolated,4009.914016,3998.709053,4030.306141,14.44292124,1734.930917,1727.368069,1744.732325,7.263502714,5744.844933,5731.401411,5757.67421,10.7346158,3094.606771,3094.5625,3094.683594,0.05453233742
3d-WindTurbineHub,3d-WindTurbineHub,Tet4,physics_tet4,physics_tet4,cpu_lock_guard,3,PASS,,3,1.3965464210738026e-17,0.005859375,isolated,3994.184296,3987.429108,4003.918269,7.05350871,1265.071178,1262.87428,1268.133327,2.232470596,5259.255474,5250.303388,5268.124197,7.275553609,3094.576823,3094.542969,3094.613281,0.02876374973
3d-WindTurbineHub,3d-WindTurbineHub,Tet4,physics_tet4,physics_tet4,cpu_lock_guard,4,PASS,,3,1.7106967860727402e-17,0.005859375,isolated,3988.307638,3982.195576,3993.631067,4.701706846,1042.53586,1041.175237,1044.413718,1.371760268,5030.843498,5026.609294,5034.806304,3.351913473,3094.639323,3094.601562,3094.707031,0.0479831536
3d-WindTurbineHub,3d-WindTurbineHub,Tet4,physics_tet4,physics_tet4,cpu_lock_guard,5,PASS,,3,9.1553360738599412e-17,0.005859375,isolated,3988.637806,3979.126303,3996.195277,7.104043318,911.1558003,904.793827,919.974385,6.43627945,4899.793606,4887.825492,4916.169662,11.98389079,3094.65625,3094.601562,3094.726562,0.05221332944
3d-WindTurbineHub,3d-WindTurbineHub,Tet4,physics_tet4,physics_tet4,cpu_lock_guard,6,PASS,,3,1.5028613066297761e-17,0.0048828125,isolated,3987.225651,3978.611653,3996.243921,7.204017213,803.949717,802.991731,804.60505,0.6925309513,4791.175368,4782.864023,4800.848971,7.405241394,3094.613281,3094.515625,3094.722656,0.08492530036
3d-WindTurbineHub,3d-WindTurbineHub,Tet4,physics_tet4,physics_tet4,cpu_lock_guard,7,PASS,,3,1.0915307014818661e-16,0.005859375,isolated,3992.340309,3982.913483,4006.033759,9.90925006,731.6448743,731.119073,732.312191,0.4972608857,4723.985183,4715.225674,4737.537118,9.718561058,3094.56901,3094.515625,3094.628906,0.04647533088
3d-WindTurbineHub,3d-WindTurbineHub,Tet4,physics_tet4,physics_tet4,cpu_lock_guard,8,PASS,,3,9.8325874710668071e-17,0.0068359375,isolated,3980.810325,3977.438176,3983.243567,2.461273382,680.6076787,678.891759,681.879781,1.259576447,4661.418003,4658.489672,4663.629012,2.158567081,3094.679687,3094.570312,3094.769531,0.08249511902
3d-WindTurbineHub,3d-WindTurbineHub,Tet4,physics_tet4,physics_tet4,cpu_lock_guard,9,PASS,,3,1.1646351330815803e-16,0.0068359375,isolated,3973.601429,3971.710149,3975.342642,1.486750658,634.974226,633.427021,637.936559,2.095379629,4608.575655,4605.269247,4613.279201,3.416024796,3094.60026,3094.574219,3094.625,0.02075167852
3d-WindTurbineHub,3d-WindTurbineHub,Tet4,physics_tet4,physics_tet4,cpu_lock_guard,10,PASS,,3,1.2830723892467238e-16,0.005859375,isolated,3980.777348,3977.641558,3985.143743,3.183968977,611.288036,610.888925,612.051745,0.5402075924,4592.065384,4588.564996,4597.195488,3.707050072,3094.639323,3094.617188,3094.683594,0.03130408861
3d-WindTurbineHub,3d-WindTurbineHub,Tet4,physics_tet4,physics_tet4,cpu_lock_guard,11,PASS,,3,1.3726760472156922e-16,0.0068359375,isolated,3977.150815,3972.1232,3983.021799,4.489121492,595.8266083,595.236926,596.620673,0.5831055043,4572.977424,4567.745426,4578.258725,4.292177932,3094.6875,3094.632812,3094.761719,0.05440801799
3d-WindTurbineHub,3d-WindTurbineHub,Tet4,physics_tet4,physics_tet4,cpu_lock_guard,12,PASS,,3,2.0958417359419244e-17,0.005859375,isolated,3976.711422,3970.357977,3980.977827,4.579818596,593.236559,592.157816,594.350894,0.895674,4569.947981,4564.708871,4574.178794,3.931272783,3094.597656,3094.542969,3094.625,0.03866978424
3d-WindTurbineHub,3d-WindTurbineHub,Tet4,physics_tet4,physics_tet4,cpu_lock_guard,13,PASS,,3,1.4842830570398473e-16,0.005859375,isolated,3977.67771,3961.628559,3985.874002,11.3493298,577.461677,575.367436,579.094673,1.556199243,4555.139387,4540.723232,4563.796924,10.26223115,3094.597656,3094.539062,3094.660156,0.0495135122
3d-WindTurbineHub,3d-WindTurbineHub,Tet4,physics_tet4,physics_tet4,cpu_lock_guard,14,PASS,,3,1.5082065367772497e-16,0.0068359375,isolated,3992.848171,3974.918269,4021.370558,20.38961062,561.8608193,561.396139,562.263953,0.3569465682,4554.708991,4536.314408,4583.634511,20.7038406,3094.619792,3094.535156,3094.71875,0.07563307607
3d-WindTurbineHub,3d-WindTurbineHub,Tet4,physics_tet4,physics_tet4,cpu_lock_guard,15,PASS,,3,1.5140540049020181e-16,0.0078125,isolated,3983.897567,3981.117228,3985.846428,2.018225415,563.0202367,562.169493,564.122088,0.816679498,4546.917804,4543.286721,4549.968516,2.75852847,3094.605469,3094.570312,3094.640625,0.02870516205
3d-WindTurbineHub,3d-WindTurbineHub,Tet4,physics_tet4,physics_tet4,cpu_lock_guard,16,PASS,,3,1.5029126290167855e-16,0.0068359375,isolated,3994.136545,3985.432856,4005.691329,8.512656928,559.369106,557.325535,561.60268,1.751298222,4553.505651,4544.611959,4563.016864,7.526448112,3094.591146,3094.546875,3094.617188,0.03146640349
3d-WindTurbineHub,3d-WindTurbineHub,Tet4,physics_tet4,physics_tet4,cpu_lock_guard,17,PASS,,3,1.5240484827020053e-16,0.005859375,isolated,4000.493342,3994.080428,4006.230172,4.983097184,550.6517283,544.351884,554.030046,4.458564303,4551.14507,4548.110474,4554.74268,2.736698459,3094.638021,3094.5625,3094.722656,0.06570029906
3d-WindTurbineHub,3d-WindTurbineHub,Tet4,physics_tet4,physics_tet4,cpu_lock_guard,18,PASS,,3,1.4866701518934279e-16,0.0078125,isolated,4000.645379,3991.52869,4014.013859,9.659330447,551.0713273,548.098434,555.158585,2.988063915,4551.716707,4539.627124,4563.970822,9.938954047,3094.627604,3094.539062,3094.765625,0.09888992811
3d-WindTurbineHub,3d-WindTurbineHub,Tet4,physics_tet4,physics_tet4,cpu_lock_guard,19,PASS,,3,1.5031009904859941e-16,0.0068359375,isolated,4015.230658,4006.339718,4022.07415,6.584685266,547.8892177,544.341012,554.739096,4.844640992,4563.119876,4561.078814,4566.661695,2.514139382,3094.609375,3094.558594,3094.667969,0.04499262816
3d-WindTurbineHub,3d-WindTurbineHub,Tet4,physics_tet4,physics_tet4,cpu_lock_guard,20,PASS,,3,1.4749834908756838e-16,0.005859375,isolated,3998.378937,3983.939625,4014.56339,12.56285217,548.1901647,543.075217,552.491799,3.887082288,4546.569102,4527.014842,4567.055189,16.35967753,3094.71875,3094.691406,3094.757812,0.02834824592
3d-WindTurbineHub,3d-WindTurbineHub,Tet4,physics_tet4,physics_tet4,cpu_graph_coloring,1,PASS,,3,1.2259391724731836e-16,0.0048828125,isolated,3788.247583,3767.951225,3812.752582,18.53060329,1326.596884,1325.139935,1329.243912,1.87489961,5114.844467,5093.09116,5138.159387,18.4321322,2150.373698,2150.316406,2150.40625,0.04063690264
3d-WindTurbineHub,3d-WindTurbineHub,Tet4,physics_tet4,physics_tet4,cpu_graph_coloring,2,PASS,,3,1.2259391724731836e-16,0.0048828125,isolated,3787.204561,3783.807463,3789.650644,2.478442145,720.8716737,716.389321,726.807265,4.375485974,4508.076235,4503.225898,4514.962841,5.003249168,2150.378906,2150.34375,2150.40625,0.02610671459
3d-WindTurbineHub,3d-WindTurbineHub,Tet4,physics_tet4,physics_tet4,cpu_graph_coloring,3,PASS,,3,1.2259391724731836e-16,0.0048828125,isolated,3782.966314,3773.257487,3799.378461,11.66982419,539.0005833,535.750956,541.108224,2.331405909,4321.966897,4312.01395,4339.521031,12.44972293,2150.388021,2150.359375,2150.40625,0.02050531351
3d-WindTurbineHub,3d-WindTurbineHub,Tet4,physics_tet4,physics_tet4,cpu_graph_coloring,4,PASS,,3,1.2259391724731836e-16,0.0048828125,isolated,3769.743019,3759.925558,3782.151288,9.256708669,432.3881953,429.260137,435.169154,2.424799526,4202.131214,4192.660853,4217.320442,10.84905239,2150.408854,2150.355469,2150.46875,0.04647533088
3d-WindTurbineHub,3d-WindTurbineHub,Tet4,physics_tet4,physics_tet4,cpu_graph_coloring,5,PASS,,3,1.2259391724731836e-16,0.0048828125,isolated,3774.900564,3773.868751,3776.655926,1.247592137,358.7443123,357.824319,360.579658,1.29778675,4133.644876,4132.005974,4134.480245,1.158951597,2150.401042,2150.292969,2150.464844,0.07683380643
3d-WindTurbineHub,3d-WindTurbineHub,Tet4,physics_tet4,physics_tet4,cpu_graph_coloring,6,PASS,,3,1.2259391724731836e-16,0.0048828125,isolated,3770.934841,3769.744776,3772.947136,1.430809375,308.3344107,307.089581,309.473625,0.9761428848,4079.269252,4078.184802,4080.036717,0.7885670166,2150.429687,2150.382812,2150.5,0.05063094101
3d-WindTurbineHub,3d-WindTurbineHub,Tet4,physics_tet4,physics_tet4,cpu_graph_coloring,7,PASS,,3,1.2259391724731836e-16,0.0048828125,isolated,3765.665879,3753.129882,3776.183614,9.519232389,267.433847,265.79598,268.710369,1.216920558,4033.099726,4020.925074,4041.979594,8.905612747,2150.380209,2150.335938,2150.417969,0.03380394031
3d-WindTurbineHub,3d-WindTurbineHub,Tet4,physics_tet4,physics_tet4,cpu_graph_coloring,8,PASS,,3,1.2259391724731836e-16,0.0048828125,isolated,3760.218478,3757.158611,3763.398412,2.548802473,247.4949183,239.733345,256.636822,6.969498669,4007.713397,4003.131757,4016.735234,6.379663686,2150.391927,2150.347656,2150.472656,0.05717306664
3d-WindTurbineHub,3d-WindTurbineHub,Tet4,physics_tet4,physics_tet4,cpu_graph_coloring,9,PASS,,3,1.2259391724731836e-16,0.0048828125,isolated,3760.502358,3749.346978,3767.77124,8.007996482,237.963003,237.186933,238.81438,0.6665329662,3998.465361,3988.161358,4005.658936,7.474284083,2150.432291,2150.316406,2150.507812,0.08319072042
3d-WindTurbineHub,3d-WindTurbineHub,Tet4,physics_tet4,physics_tet4,cpu_graph_coloring,10,PASS,,3,1.2259391724731836e-16,0.0048828125,isolated,3761.188696,3758.720843,3766.026073,3.420777393,232.269257,228.11287,235.958147,3.219835181,3993.457953,3986.833713,4001.98422,6.32970477,2150.514323,2150.472656,2150.558594,0.03513232674
3d-WindTurbineHub,3d-WindTurbineHub,Tet4,physics_tet4,physics_tet4,cpu_graph_coloring,11,PASS,,3,1.2259391724731836e-16,0.0048828125,isolated,3766.166982,3757.429075,3772.077489,6.305534672,225.288926,224.750802,226.183414,0.636836327,3991.455908,3982.361637,3998.260903,6.689656358,2150.523438,2150.496094,2150.558594,0.02610671459
3d-WindTurbineHub,3d-WindTurbineHub,Tet4,physics_tet4,physics_tet4,cpu_graph_coloring,12,PASS,,3,1.2259391724731836e-16,0.0048828125,isolated,3760.606714,3752.923385,3766.677979,5.729821218,219.3272353,218.197862,220.175764,0.8315364797,3979.933949,3973.099149,3986.286059,5.394342193,2150.510417,2150.476562,2150.558594,0.03498729618
3d-WindTurbineHub,3d-WindTurbineHub,Tet4,physics_tet4,physics_tet4,cpu_graph_coloring,13,PASS,,3,1.2259391724731836e-16,0.0048828125,isolated,3764.079218,3746.535969,3777.932723,13.08051228,212.6863797,211.21226,214.727546,1.490070548,3976.765598,3957.748229,3990.052056,13.796541,2150.53776,2150.507812,2150.5625,0.0226280356
3d-WindTurbineHub,3d-WindTurbineHub,Tet4,physics_tet4,physics_tet4,cpu_graph_coloring,14,PASS,,3,1.2259391724731836e-16,0.0048828125,isolated,3764.840417,3756.795886,3775.664888,7.950088307,208.1975277,204.752598,211.065595,2.609349906,3973.037945,3965.570276,3980.417486,6.061668423,2150.545573,2150.496094,2150.601562,0.04330255067
3d-WindTurbineHub,3d-WindTurbineHub,Tet4,physics_tet4,physics_tet4,cpu_graph_coloring,15,PASS,,3,1.2259391724731836e-16,0.0048828125,isolated,3767.380418,3763.861513,3771.038814,2.931780526,203.0999237,199.805484,204.967384,2.336451072,3970.480342,3963.666997,3975.565717,5.008944975,2150.545573,2150.46875,2150.695312,0.1058937051
3d-WindTurbineHub,3d-WindTurbineHub,Tet4,physics_tet4,physics_tet4,cpu_graph_coloring,16,PASS,,3,1.2259391724731836e-16,0.0048828125,isolated,3774.314182,3749.208435,3791.05622,18.07895628,199.0232713,196.867913,201.255782,1.792170556,3973.337453,3948.154554,3992.312002,18.55402491,2150.59375,2150.5625,2150.644531,0.0362249105
3d-WindTurbineHub,3d-WindTurbineHub,Tet4,physics_tet4,physics_tet4,cpu_graph_coloring,17,PASS,,3,1.2259391724731836e-16,0.0048828125,isolated,3776.429177,3769.723663,3780.466525,4.774348356,196.8859547,193.421696,199.673272,2.596695053,3973.315132,3969.396935,3978.029421,3.568872491,2150.558593,2150.507812,2150.660156,0.07181565032
3d-WindTurbineHub,3d-WindTurbineHub,Tet4,physics_tet4,physics_tet4,cpu_graph_coloring,18,PASS,,3,1.2259391724731836e-16,0.0048828125,isolated,3781.000351,3780.041569,3782.162541,0.8777477493,193.0650167,191.73526,195.409771,1.662963814,3974.065368,3972.091588,3977.572312,2.486299702,2150.509115,2150.476562,2150.554688,0.03319710117
3d-WindTurbineHub,3d-WindTurbineHub,Tet4,physics_tet4,physics_tet4,cpu_graph_coloring,19,PASS,,3,1.2259391724731836e-16,0.0048828125,isolated,3791.325879,3784.475589,3800.022121,6.479676959,193.9718237,190.914648,197.20259,2.56997457,3985.297702,3975.390237,3993.820354,7.587515396,2150.621094,2150.515625,2150.707031,0.07935224822
3d-WindTurbineHub,3d-WindTurbineHub,Tet4,physics_tet4,physics_tet4,cpu_graph_coloring,20,PASS,,3,1.2259391724731836e-16,0.0048828125,isolated,3797.893665,3796.504287,3800.611194,1.921745749,207.4330003,203.067223,215.896947,5.985911147,4005.326665,3999.57151,4016.508141,7.907636886,2150.53776,2150.5,2150.574219,0.03031375642
3d-WindTurbineHub,3d-WindTurbineHub,Tet4,physics_tet4,physics_tet4,cpu_row_owner,1,PASS,,3,0,0,isolated,7744.819403,7736.008033,7756.793934,8.775633458,796.5835767,792.681508,801.737037,3.801327592,8541.402979,8536.988426,8549.475442,5.716445146,3880.661458,3880.628906,3880.699219,0.02894045086
3d-WindTurbineHub,3d-WindTurbineHub,Tet4,physics_tet4,physics_tet4,cpu_row_owner,2,PASS,,3,0,0,isolated,7932.187837,7926.551985,7936.53049,4.1750778,462.646975,460.793181,463.700049,1.314872562,8394.834812,8389.99968,8400.230539,4.195499144,4797.998698,4797.980469,4798.035156,0.02577969903
3d-WindTurbineHub,3d-WindTurbineHub,Tet4,physics_tet4,physics_tet4,cpu_row_owner,3,PASS,,3,0,0,isolated,7607.846312,7590.608144,7621.825137,12.95100126,348.040674,347.208921,349.618815,1.116458256,7955.886986,7937.90243,7969.034058,13.16169959,4491.605469,4491.589844,4491.632812,0.0194003027
3d-WindTurbineHub,3d-WindTurbineHub,Tet4,physics_tet4,physics_tet4,cpu_row_owner,4,PASS,,3,0,0,isolated,7815.807946,7793.995782,7839.9581,18.83672507,283.075903,281.405317,284.214481,1.206958983,8098.883849,8078.210263,8121.363417,17.66342461,4338.845052,4338.824219,4338.871094,0.01948779889
3d-WindTurbineHub,3d-WindTurbineHub,Tet4,physics_tet4,physics_tet4,cpu_row_owner,5,PASS,,3,0,0,isolated,7620.226518,7615.967515,7623.1782,3.08548343,251.2768343,250.36857,252.596652,0.9550286067,7871.503353,7866.832796,7874.130492,3.311168729,4231.648437,4231.59375,4231.695312,0.04182892366
3d-WindTurbineHub,3d-WindTurbineHub,Tet4,physics_tet4,physics_tet4,cpu_row_owner,6,PASS,,3,0,0,isolated,7401.831575,7396.264399,7404.71239,3.93738804,210.601895,210.488298,210.697803,0.08643981257,7612.43347,7606.883983,7615.215738,3.924084464,4186.236979,4186.234375,4186.238281,0.001841306058
3d-WindTurbineHub,3d-WindTurbineHub,Tet4,physics_tet4,physics_tet4,cpu_row_owner,7,PASS,,3,0,0,isolated,7480.976843,7476.673021,7483.551523,3.062775947,200.5643653,199.945632,200.883309,0.4375804096,7681.541208,7677.537176,7684.434832,2.92337351,4134.455729,4134.398438,4134.484375,0.0405110903
3d-WindTurbineHub,3d-WindTurbineHub,Tet4,physics_tet4,physics_tet4,cpu_row_owner,8,PASS,,3,0,0,isolated,7440.298813,7421.098963,7454.81009,14.15620143,181.0535563,180.778403,181.346955,0.232468655,7621.352369,7602.134274,7636.157045,14.23600931,4095.66276,4095.632812,4095.683594,0.02171037759
3d-WindTurbineHub,3d-WindTurbineHub,Tet4,physics_tet4,physics_tet4,cpu_row_owner,9,PASS,,3,0,0,isolated,7208.022813,7205.922584,7211.725156,2.625837949,195.9186903,195.342921,196.248501,0.4085670352,7403.941503,7401.265505,7407.889805,2.850076543,4071.829427,4071.808594,4071.839844,0.01473139127
3d-WindTurbineHub,3d-WindTurbineHub,Tet4,physics_tet4,physics_tet4,cpu_row_owner,10,PASS,,3,0,0,isolated,7263.987904,7245.942259,7285.384156,16.27545675,200.4717113,197.717319,204.906426,3.166325654,7464.459615,7450.848685,7484.175545,14.27405964,4056.858073,4056.789062,4056.894531,0.04882395788
3d-WindTurbineHub,3d-WindTurbineHub,Tet4,physics_tet4,physics_tet4,cpu_row_owner,11,PASS,,3,0,0,isolated,7251.848922,7224.982138,7284.329303,24.5513862,187.7216747,187.36076,187.989991,0.2650958963,7439.570597,7412.796411,7472.319294,24.66461009,4043.901042,4043.828125,4043.980469,0.06236433366
3d-WindTurbineHub,3d-WindTurbineHub,Tet4,physics_tet4,physics_tet4,cpu_row_owner,12,PASS,,3,0,0,isolated,7405.913047,7396.919607,7412.354825,6.554628029,166.9576007,166.708736,167.222399,0.2100044931,7572.870648,7564.142006,7579.296492,6.397487431,4033.348958,4033.296875,4033.390625,0.03897559778
3d-WindTurbineHub,3d-WindTurbineHub,Tet4,physics_tet4,physics_tet4,cpu_row_owner,13,PASS,,3,0,0,isolated,7443.654287,7432.344638,7463.239446,13.90408409,174.793831,166.03349,191.492717,11.81266079,7618.448118,7599.199924,7629.272936,13.64579223,4019.526042,4019.46875,4019.605469,0.05796845144
3d-WindTurbineHub,3d-WindTurbineHub,Tet4,physics_tet4,physics_tet4,cpu_row_owner,14,PASS,,3,0,0,isolated,7504.036585,7485.244707,7521.885576,14.97342306,172.4488827,172.103053,172.779563,0.2763917169,7676.485468,7658.02427,7693.988629,14.69800791,4006.885417,4006.878906,4006.898438,0.0092074731
3d-WindTurbineHub,3d-WindTurbineHub,Tet4,physics_tet4,physics_tet4,cpu_row_owner,15,PASS,,3,0,0,isolated,7496.870807,7493.772672,7499.169249,2.27455392,166.0434993,165.647084,166.426997,0.318529142,7662.914307,7659.419756,7665.596246,2.586182523,3994.535156,3994.523438,3994.550781,0.01149940556
3d-WindTurbineHub,3d-WindTurbineHub,Tet4,physics_tet4,physics_tet4,cpu_row_owner,16,PASS,,3,0,0,isolated,7367.946943,7355.063752,7375.596544,9.163032069,160.696953,159.282084,161.90134,1.079614901,7528.643896,7515.971187,7537.497884,9.193716821,3982.690104,3982.621094,3982.808594,0.08416339592
3d-WindTurbineHub,3d-WindTurbineHub,Tet4,physics_tet4,physics_tet4,cpu_row_owner,17,PASS,,3,0,0,isolated,7344.249203,7324.937214,7356.695777,13.84442199,156.4779967,155.835496,157.073821,0.5066203124,7500.7272,7481.461887,7512.531273,13.73752193,3972.432292,3972.363281,3972.484375,0.05086478919
3d-WindTurbineHub,3d-WindTurbineHub,Tet4,physics_tet4,physics_tet4,cpu_row_owner,18,PASS,,3,0,0,isolated,7392.119069,7374.979241,7407.933856,13.48625134,152.519169,152.058276,153.170392,0.4735466405,7544.638238,7528.149633,7559.992132,13.02438386,3978.63151,3978.59375,3978.675781,0.03380394031
3d-WindTurbineHub,3d-WindTurbineHub,Tet4,physics_tet4,physics_tet4,cpu_row_owner,19,PASS,,3,0,0,isolated,7196.722067,7187.3264,7208.470353,8.790820941,148.32364,147.743138,148.990389,0.5128272438,7345.045707,7336.316789,7356.707746,8.579051266,3955.408854,3955.316406,3955.457031,0.06539005397
3d-WindTurbineHub,3d-WindTurbineHub,Tet4,physics_tet4,physics_tet4,cpu_row_owner,20,PASS,,3,0,0,isolated,7180.922285,7171.756418,7188.8749,7.041050613,150.4410847,143.085883,159.741389,6.937292378,7331.363369,7320.2524,7341.876925,8.838276517,3948.205729,3948.101562,3948.296875,0.08026602363
