case_name,mesh,element_type,kernel,nodes,elements,dofs,mode,numeric_backend,threads,strategy_label,assemblies_per_symbolic,symbolic_builds,symbolic_csr_ms,symbolic_plan_ms,symbolic_total_ms,symbolic_temporary_bytes,numeric_ms,direct_generate_ms,direct_bucket_merge_ms,direct_sort_reduce_ms,amortized_total_ms,symbolic_gain_vs_direct,rel_l2,max_abs,csr_bytes,plan_bytes,symbolic_persistent_bytes,common_output_matrix_bytes,numeric_backend_extra_bytes,direct_transient_bytes,estimated_peak_bytes,delta_vs_serial_symbolic_serial_numeric_bytes,isolated_peak_rss_mb,platform,cpu_model,physical_cores,logical_cores
3d-WindTurbineHub,3d-WindTurbineHub,Tet4,physics_tet4,228384,1113684,685152,symbolic_reuse_serial,cpu_serial,1,serial_symbolic_serial_numeric,1,1,2175.201991,1451.821865,3627.023856,0,759.406459,0,0,0,4386.430315,0,0,0,332767012,699393556,1032160568,332767012,0,0,1364927580,0,2782.949219,Linux;x86_64;GCC 13.3;OpenMP 201511,Intel(R) Core(TM) Ultra 7 265KF,20,20
3d-WindTurbineHub,3d-WindTurbineHub,Tet4,physics_tet4,228384,1113684,685152,direct_no_symbolic_parallel,none,1,direct_no_symbolic_background,1,0,0,0,0,0,0,1784.815123,987.427314,7441.037258,10213.27969,1,1.616398827e-16,0.005859375,332767012,0,0,332767012,0,2565927936,2898694948,1533767368,6053.226562,Linux;x86_64;GCC 13.3;OpenMP 201511,Intel(R) Core(TM) Ultra 7 265KF,20,20
3d-WindTurbineHub,3d-WindTurbineHub,Tet4,physics_tet4,228384,1113684,685152,serial_symbolic_parallel_numeric,cpu_atomic,1,serial_symbolic_parallel_numeric,1,1,2129.832623,1402.442787,3532.27541,0,1299.407994,0,0,0,4831.683404,0,0,0,332767012,699393556,1032160568,332767012,0,0,1364927580,0,2572.808594,Linux;x86_64;GCC 13.3;OpenMP 201511,Intel(R) Core(TM) Ultra 7 265KF,20,20
3d-WindTurbineHub,3d-WindTurbineHub,Tet4,physics_tet4,228384,1113684,685152,parallel_symbolic_reuse,cpu_atomic,1,parallel_symbolic_parallel_numeric,1,1,2035.051235,1504.439538,3539.490773,149752608,1291.380888,0,0,0,4830.871661,0,0,0,332767012,699393556,1032160568,332767012,0,0,1364927580,0,2698.664062,Linux;x86_64;GCC 13.3;OpenMP 201511,Intel(R) Core(TM) Ultra 7 265KF,20,20
3d-WindTurbineHub,3d-WindTurbineHub,Tet4,physics_tet4,228384,1113684,685152,serial_symbolic_parallel_numeric,cpu_private_csr,1,serial_symbolic_parallel_numeric,1,1,2110.467808,1381.304604,3491.772412,0,734.104616,0,0,0,4225.877028,0,0,0,332767012,699393556,1032160568,332767012,220017600,0,1584945180,220017600,2887.777344,Linux;x86_64;GCC 13.3;OpenMP 201511,Intel(R) Core(TM) Ultra 7 265KF,20,20
3d-WindTurbineHub,3d-WindTurbineHub,Tet4,physics_tet4,228384,1113684,685152,parallel_symbolic_reuse,cpu_private_csr,1,parallel_symbolic_parallel_numeric,1,1,2045.003073,1507.996056,3552.999129,149752608,731.931563,0,0,0,4284.930692,0,0,0,332767012,699393556,1032160568,332767012,220017600,0,1584945180,220017600,2908.453125,Linux;x86_64;GCC 13.3;OpenMP 201511,Intel(R) Core(TM) Ultra 7 265KF,20,20
3d-WindTurbineHub,3d-WindTurbineHub,Tet4,physics_tet4,228384,1113684,685152,serial_symbolic_parallel_numeric,cpu_lock_guard,1,serial_symbolic_parallel_numeric,1,1,2154.799183,1407.411832,3562.211015,0,2495.773785,0,0,0,6057.9848,0,0,0,332767012,699393556,1032160568,332767012,1100088000,0,2465015580,1100088000,3621.882812,Linux;x86_64;GCC 13.3;OpenMP 201511,Intel(R) Core(TM) Ultra 7 265KF,20,20
3d-WindTurbineHub,3d-WindTurbineHub,Tet4,physics_tet4,228384,1113684,685152,parallel_symbolic_reuse,cpu_lock_guard,1,parallel_symbolic_parallel_numeric,1,1,2087.790516,1571.596909,3659.387425,149752608,2664.906384,0,0,0,6324.293809,0,0,0,332767012,699393556,1032160568,332767012,1100088000,0,2465015580,1100088000,3747.664062,Linux;x86_64;GCC 13.3;OpenMP 201511,Intel(R) Core(TM) Ultra 7 265KF,20,20
3d-WindTurbineHub,3d-WindTurbineHub,Tet4,physics_tet4,228384,1113684,685152,direct_no_symbolic_parallel,none,2,direct_no_symbolic_background,1,0,0,0,0,0,0,918.971264,1402.748637,3797.334484,6119.054385,1,1.618126249e-16,0.005859375,332767012,0,0,332767012,0,2565927936,2898694948,1533767368,6052.628906,Linux;x86_64;GCC 13.3;OpenMP 201511,Intel(R) Core(TM) Ultra 7 265KF,20,20
3d-WindTurbineHub,3d-WindTurbineHub,Tet4,physics_tet4,228384,1113684,685152,serial_symbolic_parallel_numeric,cpu_atomic,2,serial_symbolic_parallel_numeric,1,1,2153.137779,1419.702664,3572.840443,0,699.364305,0,0,0,4272.204748,0,7.257717196e-18,0.00390625,332767012,699393556,1032160568,332767012,0,0,1364927580,0,2572.824219,Linux;x86_64;GCC 13.3;OpenMP 201511,Intel(R) Core(TM) Ultra 7 265KF,20,20
3d-WindTurbineHub,3d-WindTurbineHub,Tet4,physics_tet4,228384,1113684,685152,parallel_symbolic_reuse,cpu_atomic,2,parallel_symbolic_parallel_numeric,1,1,1271.779792,918.714946,2190.494738,149752608,680.995187,0,0,0,2871.489925,0,9.281516783e-18,0.0048828125,332767012,699393556,1032160568,332767012,0,0,1364927580,0,3088.792969,Linux;x86_64;GCC 13.3;OpenMP 201511,Intel(R) Core(TM) Ultra 7 265KF,20,20
3d-WindTurbineHub,3d-WindTurbineHub,Tet4,physics_tet4,228384,1113684,685152,serial_symbolic_parallel_numeric,cpu_private_csr,2,serial_symbolic_parallel_numeric,1,1,2141.052106,1420.113513,3561.165619,0,478.953775,0,0,0,4040.119394,0,8.361934979e-18,0.00390625,332767012,699393556,1032160568,332767012,440035200,0,1804962780,440035200,3097.523438,Linux;x86_64;GCC 13.3;OpenMP 201511,Intel(R) Core(TM) Ultra 7 265KF,20,20
3d-WindTurbineHub,3d-WindTurbineHub,Tet4,physics_tet4,228384,1113684,685152,parallel_symbolic_reuse,cpu_private_csr,2,parallel_symbolic_parallel_numeric,1,1,1257.633259,921.492156,2179.125415,149752608,473.564153,0,0,0,2652.689568,0,8.361934979e-18,0.00390625,332767012,699393556,1032160568,332767012,440035200,0,1804962780,440035200,3508.628906,Linux;x86_64;GCC 13.3;OpenMP 201511,Intel(R) Core(TM) Ultra 7 265KF,20,20
3d-WindTurbineHub,3d-WindTurbineHub,Tet4,physics_tet4,228384,1113684,685152,serial_symbolic_parallel_numeric,cpu_lock_guard,2,serial_symbolic_parallel_numeric,1,1,2188.308328,1426.453135,3614.761463,0,1896.47519,0,0,0,5511.236653,0,8.522210616e-18,0.0048828125,332767012,699393556,1032160568,332767012,1100088000,0,2465015580,1100088000,3621.710938,Linux;x86_64;GCC 13.3;OpenMP 201511,Intel(R) Core(TM) Ultra 7 265KF,20,20
3d-WindTurbineHub,3d-WindTurbineHub,Tet4,physics_tet4,228384,1113684,685152,parallel_symbolic_reuse,cpu_lock_guard,2,parallel_symbolic_parallel_numeric,1,1,1268.649265,919.365825,2188.01509,149752608,1890.655856,0,0,0,4078.670946,0,9.111163183e-18,0.00390625,332767012,699393556,1032160568,332767012,1100088000,0,2465015580,1100088000,4138.144531,Linux;x86_64;GCC 13.3;OpenMP 201511,Intel(R) Core(TM) Ultra 7 265KF,20,20
3d-WindTurbineHub,3d-WindTurbineHub,Tet4,physics_tet4,228384,1113684,685152,direct_no_symbolic_parallel,none,3,direct_no_symbolic_background,1,0,0,0,0,0,0,2195.585825,1328.360277,2784.261133,6308.207235,1,1.61645406e-16,0.005859375,332767012,0,0,332767012,0,2565927936,2898694948,1533767368,5236.156250,Linux;x86_64;GCC 13.3;OpenMP 201511,Intel(R) Core(TM) Ultra 7 265KF,20,20
3d-WindTurbineHub,3d-WindTurbineHub,Tet4,physics_tet4,228384,1113684,685152,serial_symbolic_parallel_numeric,cpu_atomic,3,serial_symbolic_parallel_numeric,1,1,2182.570677,1434.955719,3617.526396,0,485.098531,0,0,0,4102.624927,0,1.377821968e-17,0.005859375,332767012,699393556,1032160568,332767012,0,0,1364927580,0,2572.566406,Linux;x86_64;GCC 13.3;OpenMP 201511,Intel(R) Core(TM) Ultra 7 265KF,20,20
3d-WindTurbineHub,3d-WindTurbineHub,Tet4,physics_tet4,228384,1113684,685152,parallel_symbolic_reuse,cpu_atomic,3,parallel_symbolic_parallel_numeric,1,1,903.28137,709.532363,1612.813733,149752608,478.222938,0,0,0,2091.036671,0,1.413606409e-17,0.005859375,332767012,699393556,1032160568,332767012,0,0,1364927580,0,3226.886719,Linux;x86_64;GCC 13.3;OpenMP 201511,Intel(R) Core(TM) Ultra 7 265KF,20,20
3d-WindTurbineHub,3d-WindTurbineHub,Tet4,physics_tet4,228384,1113684,685152,serial_symbolic_parallel_numeric,cpu_private_csr,3,serial_symbolic_parallel_numeric,1,1,2135.187166,1412.954609,3548.141775,0,375.018466,0,0,0,3923.160241,0,1.295314281e-17,0.00390625,332767012,699393556,1032160568,332767012,660052800,0,2024980380,660052800,3307.312500,Linux;x86_64;GCC 13.3;OpenMP 201511,Intel(R) Core(TM) Ultra 7 265KF,20,20
3d-WindTurbineHub,3d-WindTurbineHub,Tet4,physics_tet4,228384,1113684,685152,parallel_symbolic_reuse,cpu_private_csr,3,parallel_symbolic_parallel_numeric,1,1,916.963201,710.91335,1627.876551,149752608,367.606322,0,0,0,1995.482873,0,1.295314281e-17,0.00390625,332767012,699393556,1032160568,332767012,660052800,0,2024980380,660052800,3856.515625,Linux;x86_64;GCC 13.3;OpenMP 201511,Intel(R) Core(TM) Ultra 7 265KF,20,20
3d-WindTurbineHub,3d-WindTurbineHub,Tet4,physics_tet4,228384,1113684,685152,serial_symbolic_parallel_numeric,cpu_lock_guard,3,serial_symbolic_parallel_numeric,1,1,2185.542882,1424.761002,3610.303884,0,1422.074577,0,0,0,5032.378461,0,1.372078242e-17,0.005859375,332767012,699393556,1032160568,332767012,1100088000,0,2465015580,1100088000,3621.746094,Linux;x86_64;GCC 13.3;OpenMP 201511,Intel(R) Core(TM) Ultra 7 265KF,20,20
3d-WindTurbineHub,3d-WindTurbineHub,Tet4,physics_tet4,228384,1113684,685152,parallel_symbolic_reuse,cpu_lock_guard,3,parallel_symbolic_parallel_numeric,1,1,919.486347,715.372702,1634.859049,149752608,1409.914277,0,0,0,3044.773326,0,1.395643411e-17,0.005859375,332767012,699393556,1032160568,332767012,1100088000,0,2465015580,1100088000,4275.882812,Linux;x86_64;GCC 13.3;OpenMP 201511,Intel(R) Core(TM) Ultra 7 265KF,20,20
3d-WindTurbineHub,3d-WindTurbineHub,Tet4,physics_tet4,228384,1113684,685152,direct_no_symbolic_parallel,none,4,direct_no_symbolic_background,1,0,0,0,0,0,0,1267.857666,1432.060468,2285.44158,4985.359714,1,1.617704357e-16,0.005859375,332767012,0,0,332767012,0,2565927936,2898694948,1533767368,4828.308594,Linux;x86_64;GCC 13.3;OpenMP 201511,Intel(R) Core(TM) Ultra 7 265KF,20,20
3d-WindTurbineHub,3d-WindTurbineHub,Tet4,physics_tet4,228384,1113684,685152,serial_symbolic_parallel_numeric,cpu_atomic,4,serial_symbolic_parallel_numeric,1,1,2148.298631,1415.106443,3563.405074,0,381.289085,0,0,0,3944.694159,0,1.693924792e-17,0.005859375,332767012,699393556,1032160568,332767012,0,0,1364927580,0,2572.886719,Linux;x86_64;GCC 13.3;OpenMP 201511,Intel(R) Core(TM) Ultra 7 265KF,20,20
3d-WindTurbineHub,3d-WindTurbineHub,Tet4,physics_tet4,228384,1113684,685152,parallel_symbolic_reuse,cpu_atomic,4,parallel_symbolic_parallel_numeric,1,1,734.022975,603.201643,1337.224618,149752608,370.636607,0,0,0,1707.861225,0,1.760548332e-17,0.005859375,332767012,699393556,1032160568,332767012,0,0,1364927580,0,3295.699219,Linux;x86_64;GCC 13.3;OpenMP 201511,Intel(R) Core(TM) Ultra 7 265KF,20,20
3d-WindTurbineHub,3d-WindTurbineHub,Tet4,physics_tet4,228384,1113684,685152,serial_symbolic_parallel_numeric,cpu_private_csr,4,serial_symbolic_parallel_numeric,1,1,2165.445055,1448.458155,3613.90321,0,327.9199,0,0,0,3941.82311,0,1.596975678e-17,0.005859375,332767012,699393556,1032160568,332767012,880070400,0,2244997980,880070400,3517.210938,Linux;x86_64;GCC 13.3;OpenMP 201511,Intel(R) Core(TM) Ultra 7 265KF,20,20
3d-WindTurbineHub,3d-WindTurbineHub,Tet4,physics_tet4,228384,1113684,685152,parallel_symbolic_reuse,cpu_private_csr,4,parallel_symbolic_parallel_numeric,1,1,734.851198,603.682099,1338.533297,149752608,317.950572,0,0,0,1656.483869,0,1.596975678e-17,0.005859375,332767012,699393556,1032160568,332767012,880070400,0,2244997980,880070400,4135.062500,Linux;x86_64;GCC 13.3;OpenMP 201511,Intel(R) Core(TM) Ultra 7 265KF,20,20
3d-WindTurbineHub,3d-WindTurbineHub,Tet4,physics_tet4,228384,1113684,685152,serial_symbolic_parallel_numeric,cpu_lock_guard,4,serial_symbolic_parallel_numeric,1,1,2175.265818,1440.846401,3616.112219,0,1144.361431,0,0,0,4760.47365,0,1.747151038e-17,0.005859375,332767012,699393556,1032160568,332767012,1100088000,0,2465015580,1100088000,3621.781250,Linux;x86_64;GCC 13.3;OpenMP 201511,Intel(R) Core(TM) Ultra 7 265KF,20,20
3d-WindTurbineHub,3d-WindTurbineHub,Tet4,physics_tet4,228384,1113684,685152,parallel_symbolic_reuse,cpu_lock_guard,4,parallel_symbolic_parallel_numeric,1,1,747.450538,594.405972,1341.85651,149752608,1148.105303,0,0,0,2489.961813,0,1.760982256e-17,0.005859375,332767012,699393556,1032160568,332767012,1100088000,0,2465015580,1100088000,4345.250000,Linux;x86_64;GCC 13.3;OpenMP 201511,Intel(R) Core(TM) Ultra 7 265KF,20,20
3d-WindTurbineHub,3d-WindTurbineHub,Tet4,physics_tet4,228384,1113684,685152,direct_no_symbolic_parallel,none,5,direct_no_symbolic_background,1,0,0,0,0,0,0,1430.768506,1527.553341,1843.900192,4802.222039,1,1.615851238e-16,0.0068359375,332767012,0,0,332767012,0,2565927936,2898694948,1533767368,4562.820312,Linux;x86_64;GCC 13.3;OpenMP 201511,Intel(R) Core(TM) Ultra 7 265KF,20,20
3d-WindTurbineHub,3d-WindTurbineHub,Tet4,physics_tet4,228384,1113684,685152,serial_symbolic_parallel_numeric,cpu_atomic,5,serial_symbolic_parallel_numeric,1,1,2171.808954,1455.890176,3627.69913,0,319.938562,0,0,0,3947.637692,0,9.155994911e-17,0.005859375,332767012,699393556,1032160568,332767012,0,0,1364927580,0,2572.769531,Linux;x86_64;GCC 13.3;OpenMP 201511,Intel(R) Core(TM) Ultra 7 265KF,20,20
3d-WindTurbineHub,3d-WindTurbineHub,Tet4,physics_tet4,228384,1113684,685152,parallel_symbolic_reuse,cpu_atomic,5,parallel_symbolic_parallel_numeric,1,1,637.760523,534.816097,1172.57662,149752608,306.646901,0,0,0,1479.223521,0,9.155843945e-17,0.005859375,332767012,699393556,1032160568,332767012,0,0,1364927580,0,3341.617188,Linux;x86_64;GCC 13.3;OpenMP 201511,Intel(R) Core(TM) Ultra 7 265KF,20,20
3d-WindTurbineHub,3d-WindTurbineHub,Tet4,physics_tet4,228384,1113684,685152,serial_symbolic_parallel_numeric,cpu_private_csr,5,serial_symbolic_parallel_numeric,1,1,2132.404049,1419.382338,3551.786387,0,307.168963,0,0,0,3858.95535,0,6.920675397e-17,0.005859375,332767012,699393556,1032160568,332767012,1100088000,0,2465015580,1100088000,3727.128906,Linux;x86_64;GCC 13.3;OpenMP 201511,Intel(R) Core(TM) Ultra 7 265KF,20,20
3d-WindTurbineHub,3d-WindTurbineHub,Tet4,physics_tet4,228384,1113684,685152,parallel_symbolic_reuse,cpu_private_csr,5,parallel_symbolic_parallel_numeric,1,1,652.482611,533.302697,1185.785308,149752608,296.897821,0,0,0,1482.683129,0,6.920675397e-17,0.005859375,332767012,699393556,1032160568,332767012,1100088000,0,2465015580,1100088000,4390.742188,Linux;x86_64;GCC 13.3;OpenMP 201511,Intel(R) Core(TM) Ultra 7 265KF,20,20
3d-WindTurbineHub,3d-WindTurbineHub,Tet4,physics_tet4,228384,1113684,685152,serial_symbolic_parallel_numeric,cpu_lock_guard,5,serial_symbolic_parallel_numeric,1,1,2187.210625,1446.070917,3633.281542,0,1025.296399,0,0,0,4658.577941,0,9.15535869e-17,0.005859375,332767012,699393556,1032160568,332767012,1100088000,0,2465015580,1100088000,3621.710938,Linux;x86_64;GCC 13.3;OpenMP 201511,Intel(R) Core(TM) Ultra 7 265KF,20,20
3d-WindTurbineHub,3d-WindTurbineHub,Tet4,physics_tet4,228384,1113684,685152,parallel_symbolic_reuse,cpu_lock_guard,5,parallel_symbolic_parallel_numeric,1,1,646.467813,534.695422,1181.163235,149752608,992.706393,0,0,0,2173.869628,0,9.15481847e-17,0.005859375,332767012,699393556,1032160568,332767012,1100088000,0,2465015580,1100088000,4390.636719,Linux;x86_64;GCC 13.3;OpenMP 201511,Intel(R) Core(TM) Ultra 7 265KF,20,20
3d-WindTurbineHub,3d-WindTurbineHub,Tet4,physics_tet4,228384,1113684,685152,direct_no_symbolic_parallel,none,6,direct_no_symbolic_background,1,0,0,0,0,0,0,1173.732221,1283.269073,1662.416263,4119.417557,1,1.617510995e-16,0.005859375,332767012,0,0,332767012,0,2565927936,2898694948,1533767368,4420.652344,Linux;x86_64;GCC 13.3;OpenMP 201511,Intel(R) Core(TM) Ultra 7 265KF,20,20
3d-WindTurbineHub,3d-WindTurbineHub,Tet4,physics_tet4,228384,1113684,685152,serial_symbolic_parallel_numeric,cpu_atomic,6,serial_symbolic_parallel_numeric,1,1,2192.237109,1437.259951,3629.49706,0,275.353505,0,0,0,3904.850565,0,1.40704449e-17,0.0048828125,332767012,699393556,1032160568,332767012,0,0,1364927580,0,2572.667969,Linux;x86_64;GCC 13.3;OpenMP 201511,Intel(R) Core(TM) Ultra 7 265KF,20,20
3d-WindTurbineHub,3d-WindTurbineHub,Tet4,physics_tet4,228384,1113684,685152,parallel_symbolic_reuse,cpu_atomic,6,parallel_symbolic_parallel_numeric,1,1,555.182857,490.985868,1046.168725,149752608,264.403674,0,0,0,1310.572399,0,1.557389785e-17,0.0048828125,332767012,699393556,1032160568,332767012,0,0,1364927580,0,3364.687500,Linux;x86_64;GCC 13.3;OpenMP 201511,Intel(R) Core(TM) Ultra 7 265KF,20,20
3d-WindTurbineHub,3d-WindTurbineHub,Tet4,physics_tet4,228384,1113684,685152,serial_symbolic_parallel_numeric,cpu_private_csr,6,serial_symbolic_parallel_numeric,1,1,2149.503562,1435.294591,3584.798153,0,292.377134,0,0,0,3877.175287,0,1.405209813e-17,0.00390625,332767012,699393556,1032160568,332767012,1320105600,0,2685033180,1320105600,3937.113281,Linux;x86_64;GCC 13.3;OpenMP 201511,Intel(R) Core(TM) Ultra 7 265KF,20,20
3d-WindTurbineHub,3d-WindTurbineHub,Tet4,physics_tet4,228384,1113684,685152,parallel_symbolic_reuse,cpu_private_csr,6,parallel_symbolic_parallel_numeric,1,1,570.882256,487.073418,1057.955674,149752608,288.366286,0,0,0,1346.32196,0,1.405209813e-17,0.00390625,332767012,699393556,1032160568,332767012,1320105600,0,2685033180,1320105600,4623.457031,Linux;x86_64;GCC 13.3;OpenMP 201511,Intel(R) Core(TM) Ultra 7 265KF,20,20
3d-WindTurbineHub,3d-WindTurbineHub,Tet4,physics_tet4,228384,1113684,685152,serial_symbolic_parallel_numeric,cpu_lock_guard,6,serial_symbolic_parallel_numeric,1,1,2196.097103,1432.54985,3628.646953,0,896.358204,0,0,0,4525.005157,0,1.530629328e-17,0.0048828125,332767012,699393556,1032160568,332767012,1100088000,0,2465015580,1100088000,3621.812500,Linux;x86_64;GCC 13.3;OpenMP 201511,Intel(R) Core(TM) Ultra 7 265KF,20,20
3d-WindTurbineHub,3d-WindTurbineHub,Tet4,physics_tet4,228384,1113684,685152,parallel_symbolic_reuse,cpu_lock_guard,6,parallel_symbolic_parallel_numeric,1,1,556.965849,490.061262,1047.027111,149752608,892.881026,0,0,0,1939.908137,0,1.531590982e-17,0.0048828125,332767012,699393556,1032160568,332767012,1100088000,0,2465015580,1100088000,4413.554688,Linux;x86_64;GCC 13.3;OpenMP 201511,Intel(R) Core(TM) Ultra 7 265KF,20,20
3d-WindTurbineHub,3d-WindTurbineHub,Tet4,physics_tet4,228384,1113684,685152,direct_no_symbolic_parallel,none,7,direct_no_symbolic_background,1,0,0,0,0,0,0,922.23452,1368.941933,1421.954979,3713.131432,1,1.615323623e-16,0.0068359375,332767012,0,0,332767012,0,2565927936,2898694948,1533767368,4293.253906,Linux;x86_64;GCC 13.3;OpenMP 201511,Intel(R) Core(TM) Ultra 7 265KF,20,20
3d-WindTurbineHub,3d-WindTurbineHub,Tet4,physics_tet4,228384,1113684,685152,serial_symbolic_parallel_numeric,cpu_atomic,7,serial_symbolic_parallel_numeric,1,1,2082.540393,1346.964614,3429.505007,0,244.782903,0,0,0,3674.28791,0,1.091152604e-16,0.005859375,332767012,699393556,1032160568,332767012,0,0,1364927580,0,2572.589844,Linux;x86_64;GCC 13.3;OpenMP 201511,Intel(R) Core(TM) Ultra 7 265KF,20,20
3d-WindTurbineHub,3d-WindTurbineHub,Tet4,physics_tet4,228384,1113684,685152,parallel_symbolic_reuse,cpu_atomic,7,parallel_symbolic_parallel_numeric,1,1,529.214193,450.522241,979.736434,149752608,226.107423,0,0,0,1205.843857,0,1.091529173e-16,0.005859375,332767012,699393556,1032160568,332767012,0,0,1364927580,0,3283.234375,Linux;x86_64;GCC 13.3;OpenMP 201511,Intel(R) Core(TM) Ultra 7 265KF,20,20
3d-WindTurbineHub,3d-WindTurbineHub,Tet4,physics_tet4,228384,1113684,685152,serial_symbolic_parallel_numeric,cpu_private_csr,7,serial_symbolic_parallel_numeric,1,1,2073.424005,1385.317454,3458.741459,0,284.231315,0,0,0,3742.972774,0,8.265713991e-17,0.005859375,332767012,699393556,1032160568,332767012,1540123200,0,2905050780,1540123200,4146.769531,Linux;x86_64;GCC 13.3;OpenMP 201511,Intel(R) Core(TM) Ultra 7 265KF,20,20
3d-WindTurbineHub,3d-WindTurbineHub,Tet4,physics_tet4,228384,1113684,685152,parallel_symbolic_reuse,cpu_private_csr,7,parallel_symbolic_parallel_numeric,1,1,535.721598,460.599997,996.321595,149752608,281.874329,0,0,0,1278.195924,0,8.265713991e-17,0.005859375,332767012,699393556,1032160568,332767012,1540123200,0,2905050780,1540123200,4752.074219,Linux;x86_64;GCC 13.3;OpenMP 201511,Intel(R) Core(TM) Ultra 7 265KF,20,20
3d-WindTurbineHub,3d-WindTurbineHub,Tet4,physics_tet4,228384,1113684,685152,serial_symbolic_parallel_numeric,cpu_lock_guard,7,serial_symbolic_parallel_numeric,1,1,2155.503701,1449.639317,3605.143018,0,817.913769,0,0,0,4423.056787,0,1.091491529e-16,0.005859375,332767012,699393556,1032160568,332767012,1100088000,0,2465015580,1100088000,3621.796875,Linux;x86_64;GCC 13.3;OpenMP 201511,Intel(R) Core(TM) Ultra 7 265KF,20,20
3d-WindTurbineHub,3d-WindTurbineHub,Tet4,physics_tet4,228384,1113684,685152,parallel_symbolic_reuse,cpu_lock_guard,7,parallel_symbolic_parallel_numeric,1,1,519.024411,457.451434,976.475845,149752608,810.204044,0,0,0,1786.679889,0,1.091504358e-16,0.005859375,332767012,699393556,1032160568,332767012,1100088000,0,2465015580,1100088000,4332.597656,Linux;x86_64;GCC 13.3;OpenMP 201511,Intel(R) Core(TM) Ultra 7 265KF,20,20
3d-WindTurbineHub,3d-WindTurbineHub,Tet4,physics_tet4,228384,1113684,685152,direct_no_symbolic_parallel,none,8,direct_no_symbolic_background,1,0,0,0,0,0,0,842.364567,1437.62915,1287.420675,3567.414392,1,1.614724613e-16,0.0068359375,332767012,0,0,332767012,0,2565927936,2898694948,1533767368,4203.109375,Linux;x86_64;GCC 13.3;OpenMP 201511,Intel(R) Core(TM) Ultra 7 265KF,20,20
3d-WindTurbineHub,3d-WindTurbineHub,Tet4,physics_tet4,228384,1113684,685152,serial_symbolic_parallel_numeric,cpu_atomic,8,serial_symbolic_parallel_numeric,1,1,2179.252268,1432.469631,3611.721899,0,229.915111,0,0,0,3841.63701,0,9.824721511e-17,0.0068359375,332767012,699393556,1032160568,332767012,0,0,1364927580,0,2572.773438,Linux;x86_64;GCC 13.3;OpenMP 201511,Intel(R) Core(TM) Ultra 7 265KF,20,20
3d-WindTurbineHub,3d-WindTurbineHub,Tet4,physics_tet4,228384,1113684,685152,parallel_symbolic_reuse,cpu_atomic,8,parallel_symbolic_parallel_numeric,1,1,484.736679,438.728459,923.465138,149752608,212.153295,0,0,0,1135.618433,0,9.840833622e-17,0.0068359375,332767012,699393556,1032160568,332767012,0,0,1364927580,0,3299.433594,Linux;x86_64;GCC 13.3;OpenMP 201511,Intel(R) Core(TM) Ultra 7 265KF,20,20
3d-WindTurbineHub,3d-WindTurbineHub,Tet4,physics_tet4,228384,1113684,685152,serial_symbolic_parallel_numeric,cpu_private_csr,8,serial_symbolic_parallel_numeric,1,1,2156.369886,1426.132731,3582.502617,0,296.957701,0,0,0,3879.460318,0,7.388096298e-17,0.005859375,332767012,699393556,1032160568,332767012,1760140800,0,3125068380,1760140800,4356.574219,Linux;x86_64;GCC 13.3;OpenMP 201511,Intel(R) Core(TM) Ultra 7 265KF,20,20
3d-WindTurbineHub,3d-WindTurbineHub,Tet4,physics_tet4,228384,1113684,685152,parallel_symbolic_reuse,cpu_private_csr,8,parallel_symbolic_parallel_numeric,1,1,512.744173,434.396537,947.14071,149752608,288.531479,0,0,0,1235.672189,0,7.388096298e-17,0.005859375,332767012,699393556,1032160568,332767012,1760140800,0,3125068380,1760140800,4978.511719,Linux;x86_64;GCC 13.3;OpenMP 201511,Intel(R) Core(TM) Ultra 7 265KF,20,20
3d-WindTurbineHub,3d-WindTurbineHub,Tet4,physics_tet4,228384,1113684,685152,serial_symbolic_parallel_numeric,cpu_lock_guard,8,serial_symbolic_parallel_numeric,1,1,2117.922399,1389.360801,3507.2832,0,692.529263,0,0,0,4199.812463,0,9.833810951e-17,0.0068359375,332767012,699393556,1032160568,332767012,1100088000,0,2465015580,1100088000,3621.750000,Linux;x86_64;GCC 13.3;OpenMP 201511,Intel(R) Core(TM) Ultra 7 265KF,20,20
3d-WindTurbineHub,3d-WindTurbineHub,Tet4,physics_tet4,228384,1113684,685152,parallel_symbolic_reuse,cpu_lock_guard,8,parallel_symbolic_parallel_numeric,1,1,473.222942,433.77238,906.995322,149752608,689.385529,0,0,0,1596.380851,0,9.835816221e-17,0.0068359375,332767012,699393556,1032160568,332767012,1100088000,0,2465015580,1100088000,4348.832031,Linux;x86_64;GCC 13.3;OpenMP 201511,Intel(R) Core(TM) Ultra 7 265KF,20,20
3d-WindTurbineHub,3d-WindTurbineHub,Tet4,physics_tet4,228384,1113684,685152,direct_no_symbolic_parallel,none,9,direct_no_symbolic_background,1,0,0,0,0,0,0,844.209771,1234.247603,1136.987263,3215.444637,1,1.616671699e-16,0.0068359375,332767012,0,0,332767012,0,2565927936,2898694948,1533767368,4134.210938,Linux;x86_64;GCC 13.3;OpenMP 201511,Intel(R) Core(TM) Ultra 7 265KF,20,20
3d-WindTurbineHub,3d-WindTurbineHub,Tet4,physics_tet4,228384,1113684,685152,serial_symbolic_parallel_numeric,cpu_atomic,9,serial_symbolic_parallel_numeric,1,1,2103.540673,1356.02529,3459.565963,0,216.163716,0,0,0,3675.729679,0,1.164287378e-16,0.0068359375,332767012,699393556,1032160568,332767012,0,0,1364927580,0,2572.527344,Linux;x86_64;GCC 13.3;OpenMP 201511,Intel(R) Core(TM) Ultra 7 265KF,20,20
3d-WindTurbineHub,3d-WindTurbineHub,Tet4,physics_tet4,228384,1113684,685152,parallel_symbolic_reuse,cpu_atomic,9,parallel_symbolic_parallel_numeric,1,1,467.751524,443.12839,910.879914,149752608,213.726514,0,0,0,1124.606428,0,1.16472328e-16,0.0068359375,332767012,699393556,1032160568,332767012,0,0,1364927580,0,3309.281250,Linux;x86_64;GCC 13.3;OpenMP 201511,Intel(R) Core(TM) Ultra 7 265KF,20,20
3d-WindTurbineHub,3d-WindTurbineHub,Tet4,physics_tet4,228384,1113684,685152,serial_symbolic_parallel_numeric,cpu_private_csr,9,serial_symbolic_parallel_numeric,1,1,2113.036126,1368.977119,3482.013245,0,304.48729,0,0,0,3786.500535,0,8.851448216e-17,0.0078125,332767012,699393556,1032160568,332767012,1980158400,0,3345085980,1980158400,4566.468750,Linux;x86_64;GCC 13.3;OpenMP 201511,Intel(R) Core(TM) Ultra 7 265KF,20,20
3d-WindTurbineHub,3d-WindTurbineHub,Tet4,physics_tet4,228384,1113684,685152,parallel_symbolic_reuse,cpu_private_csr,9,parallel_symbolic_parallel_numeric,1,1,465.287404,437.241779,902.529183,149752608,294.537102,0,0,0,1197.066285,0,8.851448216e-17,0.0078125,332767012,699393556,1032160568,332767012,1980158400,0,3345085980,1980158400,5198.304688,Linux;x86_64;GCC 13.3;OpenMP 201511,Intel(R) Core(TM) Ultra 7 265KF,20,20
3d-WindTurbineHub,3d-WindTurbineHub,Tet4,physics_tet4,228384,1113684,685152,serial_symbolic_parallel_numeric,cpu_lock_guard,9,serial_symbolic_parallel_numeric,1,1,2139.662565,1418.876297,3558.538862,0,741.264378,0,0,0,4299.80324,0,1.164776693e-16,0.0068359375,332767012,699393556,1032160568,332767012,1100088000,0,2465015580,1100088000,3621.882812,Linux;x86_64;GCC 13.3;OpenMP 201511,Intel(R) Core(TM) Ultra 7 265KF,20,20
3d-WindTurbineHub,3d-WindTurbineHub,Tet4,physics_tet4,228384,1113684,685152,parallel_symbolic_reuse,cpu_lock_guard,9,parallel_symbolic_parallel_numeric,1,1,477.611337,455.342826,932.954163,149752608,730.504726,0,0,0,1663.458889,0,1.164695338e-16,0.0068359375,332767012,699393556,1032160568,332767012,1100088000,0,2465015580,1100088000,4358.671875,Linux;x86_64;GCC 13.3;OpenMP 201511,Intel(R) Core(TM) Ultra 7 265KF,20,20
3d-WindTurbineHub,3d-WindTurbineHub,Tet4,physics_tet4,228384,1113684,685152,direct_no_symbolic_parallel,none,10,direct_no_symbolic_background,1,0,0,0,0,0,0,736.411566,1320.532456,1208.855574,3265.799596,1,1.613708388e-16,0.0068359375,332767012,0,0,332767012,0,2565927936,2898694948,1533767368,4087.382812,Linux;x86_64;GCC 13.3;OpenMP 201511,Intel(R) Core(TM) Ultra 7 265KF,20,20
3d-WindTurbineHub,3d-WindTurbineHub,Tet4,physics_tet4,228384,1113684,685152,serial_symbolic_parallel_numeric,cpu_atomic,10,serial_symbolic_parallel_numeric,1,1,2173.542999,1436.717376,3610.260375,0,214.777735,0,0,0,3825.03811,0,1.28198393e-16,0.005859375,332767012,699393556,1032160568,332767012,0,0,1364927580,0,2572.535156,Linux;x86_64;GCC 13.3;OpenMP 201511,Intel(R) Core(TM) Ultra 7 265KF,20,20
3d-WindTurbineHub,3d-WindTurbineHub,Tet4,physics_tet4,228384,1113684,685152,parallel_symbolic_reuse,cpu_atomic,10,parallel_symbolic_parallel_numeric,1,1,439.527618,436.652627,876.180245,149752608,212.810578,0,0,0,1088.990823,0,1.281101189e-16,0.005859375,332767012,699393556,1032160568,332767012,0,0,1364927580,0,3316.812500,Linux;x86_64;GCC 13.3;OpenMP 201511,Intel(R) Core(TM) Ultra 7 265KF,20,20
3d-WindTurbineHub,3d-WindTurbineHub,Tet4,physics_tet4,228384,1113684,685152,serial_symbolic_parallel_numeric,cpu_private_csr,10,serial_symbolic_parallel_numeric,1,1,2131.213691,1417.505145,3548.718836,0,328.09362,0,0,0,3876.812456,0,9.677662906e-17,0.005859375,332767012,699393556,1032160568,332767012,2200176000,0,3565103580,2200176000,4776.085938,Linux;x86_64;GCC 13.3;OpenMP 201511,Intel(R) Core(TM) Ultra 7 265KF,20,20
3d-WindTurbineHub,3d-WindTurbineHub,Tet4,physics_tet4,228384,1113684,685152,parallel_symbolic_reuse,cpu_private_csr,10,parallel_symbolic_parallel_numeric,1,1,453.927015,438.019623,891.946638,149752608,323.738816,0,0,0,1215.685454,0,9.677662906e-17,0.005859375,332767012,699393556,1032160568,332767012,2200176000,0,3565103580,2200176000,5415.132812,Linux;x86_64;GCC 13.3;OpenMP 201511,Intel(R) Core(TM) Ultra 7 265KF,20,20
3d-WindTurbineHub,3d-WindTurbineHub,Tet4,physics_tet4,228384,1113684,685152,serial_symbolic_parallel_numeric,cpu_lock_guard,10,serial_symbolic_parallel_numeric,1,1,2118.878963,1400.868925,3519.747888,0,705.481189,0,0,0,4225.229077,0,1.283349603e-16,0.005859375,332767012,699393556,1032160568,332767012,1100088000,0,2465015580,1100088000,3726.996094,Linux;x86_64;GCC 13.3;OpenMP 201511,Intel(R) Core(TM) Ultra 7 265KF,20,20
3d-WindTurbineHub,3d-WindTurbineHub,Tet4,physics_tet4,228384,1113684,685152,parallel_symbolic_reuse,cpu_lock_guard,10,parallel_symbolic_parallel_numeric,1,1,436.715926,435.124391,871.840317,149752608,706.069098,0,0,0,1577.909415,0,1.283063126e-16,0.005859375,332767012,699393556,1032160568,332767012,1100088000,0,2465015580,1100088000,4365.925781,Linux;x86_64;GCC 13.3;OpenMP 201511,Intel(R) Core(TM) Ultra 7 265KF,20,20
3d-WindTurbineHub,3d-WindTurbineHub,Tet4,physics_tet4,228384,1113684,685152,direct_no_symbolic_parallel,none,11,direct_no_symbolic_background,1,0,0,0,0,0,0,601.910788,1275.073321,1156.653846,3033.637955,1,1.615722822e-16,0.0068359375,332767012,0,0,332767012,0,2565927936,2898694948,1533767368,4045.097656,Linux;x86_64;GCC 13.3;OpenMP 201511,Intel(R) Core(TM) Ultra 7 265KF,20,20
3d-WindTurbineHub,3d-WindTurbineHub,Tet4,physics_tet4,228384,1113684,685152,serial_symbolic_parallel_numeric,cpu_atomic,11,serial_symbolic_parallel_numeric,1,1,2163.129669,1412.691979,3575.821648,0,206.844269,0,0,0,3782.665917,0,1.372118989e-16,0.0068359375,332767012,699393556,1032160568,332767012,0,0,1364927580,0,2572.574219,Linux;x86_64;GCC 13.3;OpenMP 201511,Intel(R) Core(TM) Ultra 7 265KF,20,20
3d-WindTurbineHub,3d-WindTurbineHub,Tet4,physics_tet4,228384,1113684,685152,parallel_symbolic_reuse,cpu_atomic,11,parallel_symbolic_parallel_numeric,1,1,436.574259,422.84912,859.423379,149752608,202.480261,0,0,0,1061.90364,0,1.372424763e-16,0.0068359375,332767012,699393556,1032160568,332767012,0,0,1364927580,0,3427.855469,Linux;x86_64;GCC 13.3;OpenMP 201511,Intel(R) Core(TM) Ultra 7 265KF,20,20
3d-WindTurbineHub,3d-WindTurbineHub,Tet4,physics_tet4,228384,1113684,685152,serial_symbolic_parallel_numeric,cpu_private_csr,11,serial_symbolic_parallel_numeric,1,1,2150.707116,1420.115734,3570.82285,0,337.925906,0,0,0,3908.748756,0,1.038038833e-16,0.005859375,332767012,699393556,1032160568,332767012,2420193600,0,3785121180,2420193600,4985.953125,Linux;x86_64;GCC 13.3;OpenMP 201511,Intel(R) Core(TM) Ultra 7 265KF,20,20
3d-WindTurbineHub,3d-WindTurbineHub,Tet4,physics_tet4,228384,1113684,685152,parallel_symbolic_reuse,cpu_private_csr,11,parallel_symbolic_parallel_numeric,1,1,424.190098,424.438664,848.628762,149752608,340.740177,0,0,0,1189.368939,0,1.038038833e-16,0.005859375,332767012,699393556,1032160568,332767012,2420193600,0,3785121180,2420193600,5735.511719,Linux;x86_64;GCC 13.3;OpenMP 201511,Intel(R) Core(TM) Ultra 7 265KF,20,20
3d-WindTurbineHub,3d-WindTurbineHub,Tet4,physics_tet4,228384,1113684,685152,serial_symbolic_parallel_numeric,cpu_lock_guard,11,serial_symbolic_parallel_numeric,1,1,2158.09946,1440.850823,3598.950283,0,685.726046,0,0,0,4284.676329,0,1.372542325e-16,0.0068359375,332767012,699393556,1032160568,332767012,1100088000,0,2465015580,1100088000,3727.054688,Linux;x86_64;GCC 13.3;OpenMP 201511,Intel(R) Core(TM) Ultra 7 265KF,20,20
3d-WindTurbineHub,3d-WindTurbineHub,Tet4,physics_tet4,228384,1113684,685152,parallel_symbolic_reuse,cpu_lock_guard,11,parallel_symbolic_parallel_numeric,1,1,427.471798,424.063276,851.535074,149752608,690.557829,0,0,0,1542.092903,0,1.372698483e-16,0.0068359375,332767012,699393556,1032160568,332767012,1100088000,0,2465015580,1100088000,4476.824219,Linux;x86_64;GCC 13.3;OpenMP 201511,Intel(R) Core(TM) Ultra 7 265KF,20,20
3d-WindTurbineHub,3d-WindTurbineHub,Tet4,physics_tet4,228384,1113684,685152,direct_no_symbolic_parallel,none,12,direct_no_symbolic_background,1,0,0,0,0,0,0,548.123831,1459.066752,1151.784201,3158.974784,1,1.614875808e-16,0.0068359375,332767012,0,0,332767012,0,2565927936,2898694948,1533767368,4012.710938,Linux;x86_64;GCC 13.3;OpenMP 201511,Intel(R) Core(TM) Ultra 7 265KF,20,20
3d-WindTurbineHub,3d-WindTurbineHub,Tet4,physics_tet4,228384,1113684,685152,serial_symbolic_parallel_numeric,cpu_atomic,12,serial_symbolic_parallel_numeric,1,1,2186.388678,1440.692578,3627.081256,0,193.727747,0,0,0,3820.809003,0,2.085538185e-17,0.005859375,332767012,699393556,1032160568,332767012,0,0,1364927580,0,2572.664062,Linux;x86_64;GCC 13.3;OpenMP 201511,Intel(R) Core(TM) Ultra 7 265KF,20,20
3d-WindTurbineHub,3d-WindTurbineHub,Tet4,physics_tet4,228384,1113684,685152,parallel_symbolic_reuse,cpu_atomic,12,parallel_symbolic_parallel_numeric,1,1,400.768454,413.839248,814.607702,149752608,195.769513,0,0,0,1010.377215,0,2.183705862e-17,0.005859375,332767012,699393556,1032160568,332767012,0,0,1364927580,0,3327.589844,Linux;x86_64;GCC 13.3;OpenMP 201511,Intel(R) Core(TM) Ultra 7 265KF,20,20
3d-WindTurbineHub,3d-WindTurbineHub,Tet4,physics_tet4,228384,1113684,685152,serial_symbolic_parallel_numeric,cpu_private_csr,12,serial_symbolic_parallel_numeric,1,1,2135.785026,1412.530633,3548.315659,0,349.758279,0,0,0,3898.073938,0,1.932444198e-17,0.005859375,332767012,699393556,1032160568,332767012,2640211200,0,4005138780,2640211200,5195.699219,Linux;x86_64;GCC 13.3;OpenMP 201511,Intel(R) Core(TM) Ultra 7 265KF,20,20
3d-WindTurbineHub,3d-WindTurbineHub,Tet4,physics_tet4,228384,1113684,685152,parallel_symbolic_reuse,cpu_private_csr,12,parallel_symbolic_parallel_numeric,1,1,417.528493,412.762747,830.29124,149752608,357.902251,0,0,0,1188.193491,0,1.932444198e-17,0.005859375,332767012,699393556,1032160568,332767012,2640211200,0,4005138780,2640211200,5845.972656,Linux;x86_64;GCC 13.3;OpenMP 201511,Intel(R) Core(TM) Ultra 7 265KF,20,20
3d-WindTurbineHub,3d-WindTurbineHub,Tet4,physics_tet4,228384,1113684,685152,serial_symbolic_parallel_numeric,cpu_lock_guard,12,serial_symbolic_parallel_numeric,1,1,2145.089377,1420.828854,3565.918231,0,677.526973,0,0,0,4243.445204,0,2.128892909e-17,0.0048828125,332767012,699393556,1032160568,332767012,1100088000,0,2465015580,1100088000,3727.074219,Linux;x86_64;GCC 13.3;OpenMP 201511,Intel(R) Core(TM) Ultra 7 265KF,20,20
3d-WindTurbineHub,3d-WindTurbineHub,Tet4,physics_tet4,228384,1113684,685152,parallel_symbolic_reuse,cpu_lock_guard,12,parallel_symbolic_parallel_numeric,1,1,409.556078,411.836882,821.39296,149752608,678.198212,0,0,0,1499.591172,0,2.174981904e-17,0.005859375,332767012,699393556,1032160568,332767012,1100088000,0,2465015580,1100088000,4377.503906,Linux;x86_64;GCC 13.3;OpenMP 201511,Intel(R) Core(TM) Ultra 7 265KF,20,20
3d-WindTurbineHub,3d-WindTurbineHub,Tet4,physics_tet4,228384,1113684,685152,direct_no_symbolic_parallel,none,13,direct_no_symbolic_background,1,0,0,0,0,0,0,471.955879,1498.6293,1084.717115,3055.302294,1,1.61316259e-16,0.005859375,332767012,0,0,332767012,0,2565927936,2898694948,1533767368,3978.238281,Linux;x86_64;GCC 13.3;OpenMP 201511,Intel(R) Core(TM) Ultra 7 265KF,20,20
3d-WindTurbineHub,3d-WindTurbineHub,Tet4,physics_tet4,228384,1113684,685152,serial_symbolic_parallel_numeric,cpu_atomic,13,serial_symbolic_parallel_numeric,1,1,2183.748917,1426.886671,3610.635588,0,190.825337,0,0,0,3801.460925,0,1.475850275e-16,0.005859375,332767012,699393556,1032160568,332767012,0,0,1364927580,0,2572.769531,Linux;x86_64;GCC 13.3;OpenMP 201511,Intel(R) Core(TM) Ultra 7 265KF,20,20
3d-WindTurbineHub,3d-WindTurbineHub,Tet4,physics_tet4,228384,1113684,685152,parallel_symbolic_reuse,cpu_atomic,13,parallel_symbolic_parallel_numeric,1,1,389.699589,400.791714,790.491303,149752608,185.101872,0,0,0,975.593175,0,1.462140457e-16,0.005859375,332767012,699393556,1032160568,332767012,0,0,1364927580,0,3332.683594,Linux;x86_64;GCC 13.3;OpenMP 201511,Intel(R) Core(TM) Ultra 7 265KF,20,20
3d-WindTurbineHub,3d-WindTurbineHub,Tet4,physics_tet4,228384,1113684,685152,serial_symbolic_parallel_numeric,cpu_private_csr,13,serial_symbolic_parallel_numeric,1,1,2143.679006,1421.487724,3565.16673,0,360.04957,0,0,0,3925.2163,0,1.128468268e-16,0.0078125,332767012,699393556,1032160568,332767012,2860228800,0,4225156380,2860228800,5405.644531,Linux;x86_64;GCC 13.3;OpenMP 201511,Intel(R) Core(TM) Ultra 7 265KF,20,20
3d-WindTurbineHub,3d-WindTurbineHub,Tet4,physics_tet4,228384,1113684,685152,parallel_symbolic_reuse,cpu_private_csr,13,parallel_symbolic_parallel_numeric,1,1,393.443198,400.379053,793.822251,149752608,369.23325,0,0,0,1163.055501,0,1.128468268e-16,0.0078125,332767012,699393556,1032160568,332767012,2860228800,0,4225156380,2860228800,6060.058594,Linux;x86_64;GCC 13.3;OpenMP 201511,Intel(R) Core(TM) Ultra 7 265KF,20,20
3d-WindTurbineHub,3d-WindTurbineHub,Tet4,physics_tet4,228384,1113684,685152,serial_symbolic_parallel_numeric,cpu_lock_guard,13,serial_symbolic_parallel_numeric,1,1,2137.323607,1425.572867,3562.896474,0,678.781047,0,0,0,4241.677521,0,1.483963286e-16,0.005859375,332767012,699393556,1032160568,332767012,1100088000,0,2465015580,1100088000,3727.031250,Linux;x86_64;GCC 13.3;OpenMP 201511,Intel(R) Core(TM) Ultra 7 265KF,20,20
3d-WindTurbineHub,3d-WindTurbineHub,Tet4,physics_tet4,228384,1113684,685152,parallel_symbolic_reuse,cpu_lock_guard,13,parallel_symbolic_parallel_numeric,1,1,402.014542,398.069205,800.083747,149752608,666.159681,0,0,0,1466.243428,0,1.484083977e-16,0.005859375,332767012,699393556,1032160568,332767012,1100088000,0,2465015580,1100088000,4381.312500,Linux;x86_64;GCC 13.3;OpenMP 201511,Intel(R) Core(TM) Ultra 7 265KF,20,20
3d-WindTurbineHub,3d-WindTurbineHub,Tet4,physics_tet4,228384,1113684,685152,direct_no_symbolic_parallel,none,14,direct_no_symbolic_background,1,0,0,0,0,0,0,570.844534,1523.936553,1043.663199,3138.444286,1,1.614323075e-16,0.005859375,332767012,0,0,332767012,0,2565927936,2898694948,1533767368,3950.792969,Linux;x86_64;GCC 13.3;OpenMP 201511,Intel(R) Core(TM) Ultra 7 265KF,20,20
3d-WindTurbineHub,3d-WindTurbineHub,Tet4,physics_tet4,228384,1113684,685152,serial_symbolic_parallel_numeric,cpu_atomic,14,serial_symbolic_parallel_numeric,1,1,2152.326466,1418.277388,3570.603854,0,178.899168,0,0,0,3749.503022,0,1.488171165e-16,0.0068359375,332767012,699393556,1032160568,332767012,0,0,1364927580,0,2572.578125,Linux;x86_64;GCC 13.3;OpenMP 201511,Intel(R) Core(TM) Ultra 7 265KF,20,20
3d-WindTurbineHub,3d-WindTurbineHub,Tet4,physics_tet4,228384,1113684,685152,parallel_symbolic_reuse,cpu_atomic,14,parallel_symbolic_parallel_numeric,1,1,399.520461,394.392546,793.913007,149752608,177.789466,0,0,0,971.702473,0,1.484408468e-16,0.0068359375,332767012,699393556,1032160568,332767012,0,0,1364927580,0,3336.113281,Linux;x86_64;GCC 13.3;OpenMP 201511,Intel(R) Core(TM) Ultra 7 265KF,20,20
3d-WindTurbineHub,3d-WindTurbineHub,Tet4,physics_tet4,228384,1113684,685152,serial_symbolic_parallel_numeric,cpu_private_csr,14,serial_symbolic_parallel_numeric,1,1,2119.648424,1417.242467,3536.890891,0,378.940859,0,0,0,3915.83175,0,1.157088542e-16,0.005859375,332767012,699393556,1032160568,332767012,3080246400,0,4445173980,3080246400,5615.484375,Linux;x86_64;GCC 13.3;OpenMP 201511,Intel(R) Core(TM) Ultra 7 265KF,20,20
3d-WindTurbineHub,3d-WindTurbineHub,Tet4,physics_tet4,228384,1113684,685152,parallel_symbolic_reuse,cpu_private_csr,14,parallel_symbolic_parallel_numeric,1,1,383.22697,391.707025,774.933995,149752608,381.775156,0,0,0,1156.709151,0,1.157088542e-16,0.005859375,332767012,699393556,1032160568,332767012,3080246400,0,4445173980,3080246400,6273.710938,Linux;x86_64;GCC 13.3;OpenMP 201511,Intel(R) Core(TM) Ultra 7 265KF,20,20
3d-WindTurbineHub,3d-WindTurbineHub,Tet4,physics_tet4,228384,1113684,685152,serial_symbolic_parallel_numeric,cpu_lock_guard,14,serial_symbolic_parallel_numeric,1,1,2152.006008,1458.666707,3610.672715,0,695.352036,0,0,0,4306.024751,0,1.506001995e-16,0.0068359375,332767012,699393556,1032160568,332767012,1100088000,0,2465015580,1100088000,3727.074219,Linux;x86_64;GCC 13.3;OpenMP 201511,Intel(R) Core(TM) Ultra 7 265KF,20,20
3d-WindTurbineHub,3d-WindTurbineHub,Tet4,physics_tet4,228384,1113684,685152,parallel_symbolic_reuse,cpu_lock_guard,14,parallel_symbolic_parallel_numeric,1,1,387.297661,397.435337,784.732998,149752608,671.081825,0,0,0,1455.814823,0,1.507025141e-16,0.0068359375,332767012,699393556,1032160568,332767012,1100088000,0,2465015580,1100088000,4385.804688,Linux;x86_64;GCC 13.3;OpenMP 201511,Intel(R) Core(TM) Ultra 7 265KF,20,20
3d-WindTurbineHub,3d-WindTurbineHub,Tet4,physics_tet4,228384,1113684,685152,direct_no_symbolic_parallel,none,15,direct_no_symbolic_background,1,0,0,0,0,0,0,416.742171,1576.929508,1013.92795,3007.599629,1,1.614967402e-16,0.005859375,332767012,0,0,332767012,0,2565927936,2898694948,1533767368,3926.667969,Linux;x86_64;GCC 13.3;OpenMP 201511,Intel(R) Core(TM) Ultra 7 265KF,20,20
3d-WindTurbineHub,3d-WindTurbineHub,Tet4,physics_tet4,228384,1113684,685152,serial_symbolic_parallel_numeric,cpu_atomic,15,serial_symbolic_parallel_numeric,1,1,2168.781186,1448.324317,3617.105503,0,171.059546,0,0,0,3788.165049,0,1.510747852e-16,0.0078125,332767012,699393556,1032160568,332767012,0,0,1364927580,0,2572.832031,Linux;x86_64;GCC 13.3;OpenMP 201511,Intel(R) Core(TM) Ultra 7 265KF,20,20
3d-WindTurbineHub,3d-WindTurbineHub,Tet4,physics_tet4,228384,1113684,685152,parallel_symbolic_reuse,cpu_atomic,15,parallel_symbolic_parallel_numeric,1,1,380.043096,387.657318,767.700414,149752608,176.662814,0,0,0,944.363228,0,1.495128322e-16,0.005859375,332767012,699393556,1032160568,332767012,0,0,1364927580,0,3339.460938,Linux;x86_64;GCC 13.3;OpenMP 201511,Intel(R) Core(TM) Ultra 7 265KF,20,20
3d-WindTurbineHub,3d-WindTurbineHub,Tet4,physics_tet4,228384,1113684,685152,serial_symbolic_parallel_numeric,cpu_private_csr,15,serial_symbolic_parallel_numeric,1,1,2172.979404,1443.555736,3616.53514,0,397.249019,0,0,0,4013.784159,0,1.179049605e-16,0.005859375,332767012,699393556,1032160568,332767012,3300264000,0,4665191580,3300264000,5825.230469,Linux;x86_64;GCC 13.3;OpenMP 201511,Intel(R) Core(TM) Ultra 7 265KF,20,20
3d-WindTurbineHub,3d-WindTurbineHub,Tet4,physics_tet4,228384,1113684,685152,parallel_symbolic_reuse,cpu_private_csr,15,parallel_symbolic_parallel_numeric,1,1,390.800223,389.79978,780.600003,149752608,394.873987,0,0,0,1175.47399,0,1.179049605e-16,0.005859375,332767012,699393556,1032160568,332767012,3300264000,0,4665191580,3300264000,6486.796875,Linux;x86_64;GCC 13.3;OpenMP 201511,Intel(R) Core(TM) Ultra 7 265KF,20,20
3d-WindTurbineHub,3d-WindTurbineHub,Tet4,physics_tet4,228384,1113684,685152,serial_symbolic_parallel_numeric,cpu_lock_guard,15,serial_symbolic_parallel_numeric,1,1,2160.59015,1439.318953,3599.909103,0,658.425039,0,0,0,4258.334142,0,1.51305932e-16,0.0078125,332767012,699393556,1032160568,332767012,1100088000,0,2465015580,1100088000,3726.980469,Linux;x86_64;GCC 13.3;OpenMP 201511,Intel(R) Core(TM) Ultra 7 265KF,20,20
3d-WindTurbineHub,3d-WindTurbineHub,Tet4,physics_tet4,228384,1113684,685152,parallel_symbolic_reuse,cpu_lock_guard,15,parallel_symbolic_parallel_numeric,1,1,385.697723,387.602288,773.300011,149752608,661.030936,0,0,0,1434.330947,0,1.51448281e-16,0.0078125,332767012,699393556,1032160568,332767012,1100088000,0,2465015580,1100088000,4388.476562,Linux;x86_64;GCC 13.3;OpenMP 201511,Intel(R) Core(TM) Ultra 7 265KF,20,20
3d-WindTurbineHub,3d-WindTurbineHub,Tet4,physics_tet4,228384,1113684,685152,direct_no_symbolic_parallel,none,16,direct_no_symbolic_background,1,0,0,0,0,0,0,409.693475,1465.474677,1064.85032,2940.018472,1,1.617905136e-16,0.005859375,332767012,0,0,332767012,0,2565927936,2898694948,1533767368,3900.695312,Linux;x86_64;GCC 13.3;OpenMP 201511,Intel(R) Core(TM) Ultra 7 265KF,20,20
3d-WindTurbineHub,3d-WindTurbineHub,Tet4,physics_tet4,228384,1113684,685152,serial_symbolic_parallel_numeric,cpu_atomic,16,serial_symbolic_parallel_numeric,1,1,2192.040012,1437.051175,3629.091187,0,165.947359,0,0,0,3795.038546,0,1.485728472e-16,0.0068359375,332767012,699393556,1032160568,332767012,0,0,1364927580,0,2572.703125,Linux;x86_64;GCC 13.3;OpenMP 201511,Intel(R) Core(TM) Ultra 7 265KF,20,20
3d-WindTurbineHub,3d-WindTurbineHub,Tet4,physics_tet4,228384,1113684,685152,parallel_symbolic_reuse,cpu_atomic,16,parallel_symbolic_parallel_numeric,1,1,371.426771,389.707612,761.134383,149752608,167.883821,0,0,0,929.018204,0,1.480057037e-16,0.0068359375,332767012,699393556,1032160568,332767012,0,0,1364927580,0,3343.378906,Linux;x86_64;GCC 13.3;OpenMP 201511,Intel(R) Core(TM) Ultra 7 265KF,20,20
3d-WindTurbineHub,3d-WindTurbineHub,Tet4,physics_tet4,228384,1113684,685152,serial_symbolic_parallel_numeric,cpu_private_csr,16,serial_symbolic_parallel_numeric,1,1,2136.815347,1433.985932,3570.801279,0,407.337287,0,0,0,3978.138566,0,1.194496172e-16,0.005859375,332767012,699393556,1032160568,332767012,3520281600,0,4885209180,3520281600,6035.050781,Linux;x86_64;GCC 13.3;OpenMP 201511,Intel(R) Core(TM) Ultra 7 265KF,20,20
3d-WindTurbineHub,3d-WindTurbineHub,Tet4,physics_tet4,228384,1113684,685152,parallel_symbolic_reuse,cpu_private_csr,16,parallel_symbolic_parallel_numeric,1,1,392.294503,381.704656,773.999159,149752608,411.721132,0,0,0,1185.720291,0,1.194496172e-16,0.005859375,332767012,699393556,1032160568,332767012,3520281600,0,4885209180,3520281600,6700.980469,Linux;x86_64;GCC 13.3;OpenMP 201511,Intel(R) Core(TM) Ultra 7 265KF,20,20
3d-WindTurbineHub,3d-WindTurbineHub,Tet4,physics_tet4,228384,1113684,685152,serial_symbolic_parallel_numeric,cpu_lock_guard,16,serial_symbolic_parallel_numeric,1,1,2173.280443,1445.988484,3619.268927,0,649.279543,0,0,0,4268.54847,0,1.504404224e-16,0.0068359375,332767012,699393556,1032160568,332767012,1100088000,0,2465015580,1100088000,3727.210938,Linux;x86_64;GCC 13.3;OpenMP 201511,Intel(R) Core(TM) Ultra 7 265KF,20,20
3d-WindTurbineHub,3d-WindTurbineHub,Tet4,physics_tet4,228384,1113684,685152,parallel_symbolic_reuse,cpu_lock_guard,16,parallel_symbolic_parallel_numeric,1,1,371.653235,377.466487,749.119722,149752608,655.614731,0,0,0,1404.734453,0,1.50375316e-16,0.0068359375,332767012,699393556,1032160568,332767012,1100088000,0,2465015580,1100088000,4392.363281,Linux;x86_64;GCC 13.3;OpenMP 201511,Intel(R) Core(TM) Ultra 7 265KF,20,20
3d-WindTurbineHub,3d-WindTurbineHub,Tet4,physics_tet4,228384,1113684,685152,direct_no_symbolic_parallel,none,17,direct_no_symbolic_background,1,0,0,0,0,0,0,450.016778,1451.236491,1014.098137,2915.351406,1,1.612237531e-16,0.0078125,332767012,0,0,332767012,0,2565927936,2898694948,1533767368,3879.082031,Linux;x86_64;GCC 13.3;OpenMP 201511,Intel(R) Core(TM) Ultra 7 265KF,20,20
3d-WindTurbineHub,3d-WindTurbineHub,Tet4,physics_tet4,228384,1113684,685152,serial_symbolic_parallel_numeric,cpu_atomic,17,serial_symbolic_parallel_numeric,1,1,2196.787979,1441.723628,3638.511607,0,160.178481,0,0,0,3798.690088,0,1.508215567e-16,0.005859375,332767012,699393556,1032160568,332767012,0,0,1364927580,0,2572.695312,Linux;x86_64;GCC 13.3;OpenMP 201511,Intel(R) Core(TM) Ultra 7 265KF,20,20
3d-WindTurbineHub,3d-WindTurbineHub,Tet4,physics_tet4,228384,1113684,685152,parallel_symbolic_reuse,cpu_atomic,17,parallel_symbolic_parallel_numeric,1,1,388.54926,382.59645,771.14571,149752608,163.463726,0,0,0,934.609436,0,1.498832572e-16,0.005859375,332767012,699393556,1032160568,332767012,0,0,1364927580,0,3346.875000,Linux;x86_64;GCC 13.3;OpenMP 201511,Intel(R) Core(TM) Ultra 7 265KF,20,20
3d-WindTurbineHub,3d-WindTurbineHub,Tet4,physics_tet4,228384,1113684,685152,serial_symbolic_parallel_numeric,cpu_private_csr,17,serial_symbolic_parallel_numeric,1,1,2145.046505,1424.31293,3569.359435,0,423.09941,0,0,0,3992.458845,0,1.262316024e-16,0.005859375,332767012,699393556,1032160568,332767012,3740299200,0,5105226780,3740299200,6244.984375,Linux;x86_64;GCC 13.3;OpenMP 201511,Intel(R) Core(TM) Ultra 7 265KF,20,20
3d-WindTurbineHub,3d-WindTurbineHub,Tet4,physics_tet4,228384,1113684,685152,parallel_symbolic_reuse,cpu_private_csr,17,parallel_symbolic_parallel_numeric,1,1,372.403155,377.166066,749.569221,149752608,428.681134,0,0,0,1178.250355,0,1.262316024e-16,0.005859375,332767012,699393556,1032160568,332767012,3740299200,0,5105226780,3740299200,6914.191406,Linux;x86_64;GCC 13.3;OpenMP 201511,Intel(R) Core(TM) Ultra 7 265KF,20,20
3d-WindTurbineHub,3d-WindTurbineHub,Tet4,physics_tet4,228384,1113684,685152,serial_symbolic_parallel_numeric,cpu_lock_guard,17,serial_symbolic_parallel_numeric,1,1,2166.934209,1447.911906,3614.846115,0,651.693523,0,0,0,4266.539638,0,1.519847455e-16,0.0068359375,332767012,699393556,1032160568,332767012,1100088000,0,2465015580,1100088000,3727.175781,Linux;x86_64;GCC 13.3;OpenMP 201511,Intel(R) Core(TM) Ultra 7 265KF,20,20
3d-WindTurbineHub,3d-WindTurbineHub,Tet4,physics_tet4,228384,1113684,685152,parallel_symbolic_reuse,cpu_lock_guard,17,parallel_symbolic_parallel_numeric,1,1,368.816832,376.095774,744.912606,149752608,643.953247,0,0,0,1388.865853,0,1.516855664e-16,0.0068359375,332767012,699393556,1032160568,332767012,1100088000,0,2465015580,1100088000,4396.175781,Linux;x86_64;GCC 13.3;OpenMP 201511,Intel(R) Core(TM) Ultra 7 265KF,20,20
3d-WindTurbineHub,3d-WindTurbineHub,Tet4,physics_tet4,228384,1113684,685152,direct_no_symbolic_parallel,none,18,direct_no_symbolic_background,1,0,0,0,0,0,0,456.055074,1558.882183,994.506795,3009.444052,1,1.615612502e-16,0.005859375,332767012,0,0,332767012,0,2565927936,2898694948,1533767368,3874.562500,Linux;x86_64;GCC 13.3;OpenMP 201511,Intel(R) Core(TM) Ultra 7 265KF,20,20
3d-WindTurbineHub,3d-WindTurbineHub,Tet4,physics_tet4,228384,1113684,685152,serial_symbolic_parallel_numeric,cpu_atomic,18,serial_symbolic_parallel_numeric,1,1,2153.015417,1425.356971,3578.372388,0,159.092546,0,0,0,3737.464934,0,1.491573424e-16,0.0078125,332767012,699393556,1032160568,332767012,0,0,1364927580,0,2572.527344,Linux;x86_64;GCC 13.3;OpenMP 201511,Intel(R) Core(TM) Ultra 7 265KF,20,20
3d-WindTurbineHub,3d-WindTurbineHub,Tet4,physics_tet4,228384,1113684,685152,parallel_symbolic_reuse,cpu_atomic,18,parallel_symbolic_parallel_numeric,1,1,395.410844,379.083517,774.494361,149752608,163.014977,0,0,0,937.509338,0,1.45600072e-16,0.0078125,332767012,699393556,1032160568,332767012,0,0,1364927580,0,3350.339844,Linux;x86_64;GCC 13.3;OpenMP 201511,Intel(R) Core(TM) Ultra 7 265KF,20,20
3d-WindTurbineHub,3d-WindTurbineHub,Tet4,physics_tet4,228384,1113684,685152,serial_symbolic_parallel_numeric,cpu_private_csr,18,serial_symbolic_parallel_numeric,1,1,2133.131405,1423.690304,3556.821709,0,441.715599,0,0,0,3998.537308,0,1.240682411e-16,0.005859375,332767012,699393556,1032160568,332767012,3960316800,0,5325244380,3960316800,6454.898438,Linux;x86_64;GCC 13.3;OpenMP 201511,Intel(R) Core(TM) Ultra 7 265KF,20,20
3d-WindTurbineHub,3d-WindTurbineHub,Tet4,physics_tet4,228384,1113684,685152,parallel_symbolic_reuse,cpu_private_csr,18,parallel_symbolic_parallel_numeric,1,1,371.59291,379.044269,750.637179,149752608,432.879859,0,0,0,1183.517038,0,1.240682411e-16,0.005859375,332767012,699393556,1032160568,332767012,3960316800,0,5325244380,3960316800,7127.445312,Linux;x86_64;GCC 13.3;OpenMP 201511,Intel(R) Core(TM) Ultra 7 265KF,20,20
3d-WindTurbineHub,3d-WindTurbineHub,Tet4,physics_tet4,228384,1113684,685152,serial_symbolic_parallel_numeric,cpu_lock_guard,18,serial_symbolic_parallel_numeric,1,1,2100.454503,1372.6136,3473.068103,0,597.606385,0,0,0,4070.674488,0,1.484048864e-16,0.0078125,332767012,699393556,1032160568,332767012,1100088000,0,2465015580,1100088000,3727.105469,Linux;x86_64;GCC 13.3;OpenMP 201511,Intel(R) Core(TM) Ultra 7 265KF,20,20
3d-WindTurbineHub,3d-WindTurbineHub,Tet4,physics_tet4,228384,1113684,685152,parallel_symbolic_reuse,cpu_lock_guard,18,parallel_symbolic_parallel_numeric,1,1,399.159018,369.438812,768.59783,149752608,656.607652,0,0,0,1425.205482,0,1.47517987e-16,0.0078125,332767012,699393556,1032160568,332767012,1100088000,0,2465015580,1100088000,4399.519531,Linux;x86_64;GCC 13.3;OpenMP 201511,Intel(R) Core(TM) Ultra 7 265KF,20,20
3d-WindTurbineHub,3d-WindTurbineHub,Tet4,physics_tet4,228384,1113684,685152,direct_no_symbolic_parallel,none,19,direct_no_symbolic_background,1,0,0,0,0,0,0,397.143948,1311.38189,1127.54944,2836.075278,1,1.614531388e-16,0.0078125,332767012,0,0,332767012,0,2565927936,2898694948,1533767368,3857.183594,Linux;x86_64;GCC 13.3;OpenMP 201511,Intel(R) Core(TM) Ultra 7 265KF,20,20
3d-WindTurbineHub,3d-WindTurbineHub,Tet4,physics_tet4,228384,1113684,685152,serial_symbolic_parallel_numeric,cpu_atomic,19,serial_symbolic_parallel_numeric,1,1,2181.936151,1433.913965,3615.850116,0,191.174165,0,0,0,3807.024281,0,1.456234347e-16,0.0068359375,332767012,699393556,1032160568,332767012,0,0,1364927580,0,2572.750000,Linux;x86_64;GCC 13.3;OpenMP 201511,Intel(R) Core(TM) Ultra 7 265KF,20,20
3d-WindTurbineHub,3d-WindTurbineHub,Tet4,physics_tet4,228384,1113684,685152,parallel_symbolic_reuse,cpu_atomic,19,parallel_symbolic_parallel_numeric,1,1,406.023418,385.695693,791.719111,149752608,190.990196,0,0,0,982.709307,0,1.472624045e-16,0.0078125,332767012,699393556,1032160568,332767012,0,0,1364927580,0,3353.683594,Linux;x86_64;GCC 13.3;OpenMP 201511,Intel(R) Core(TM) Ultra 7 265KF,20,20
3d-WindTurbineHub,3d-WindTurbineHub,Tet4,physics_tet4,228384,1113684,685152,serial_symbolic_parallel_numeric,cpu_private_csr,19,serial_symbolic_parallel_numeric,1,1,2088.170819,1387.828376,3475.999195,0,477.74492,0,0,0,3953.744115,0,1.297871364e-16,0.005859375,332767012,699393556,1032160568,332767012,4180334400,0,5545261980,4180334400,6664.621094,Linux;x86_64;GCC 13.3;OpenMP 201511,Intel(R) Core(TM) Ultra 7 265KF,20,20
3d-WindTurbineHub,3d-WindTurbineHub,Tet4,physics_tet4,228384,1113684,685152,parallel_symbolic_reuse,cpu_private_csr,19,parallel_symbolic_parallel_numeric,1,1,384.826374,378.517858,763.344232,149752608,472.913197,0,0,0,1236.257429,0,1.297871364e-16,0.005859375,332767012,699393556,1032160568,332767012,4180334400,0,5545261980,4180334400,7340.019531,Linux;x86_64;GCC 13.3;OpenMP 201511,Intel(R) Core(TM) Ultra 7 265KF,20,20
3d-WindTurbineHub,3d-WindTurbineHub,Tet4,physics_tet4,228384,1113684,685152,serial_symbolic_parallel_numeric,cpu_lock_guard,19,serial_symbolic_parallel_numeric,1,1,2164.094345,1434.944544,3599.038889,0,604.640947,0,0,0,4203.679836,0,1.492467424e-16,0.0068359375,332767012,699393556,1032160568,332767012,1100088000,0,2465015580,1100088000,3727.175781,Linux;x86_64;GCC 13.3;OpenMP 201511,Intel(R) Core(TM) Ultra 7 265KF,20,20
3d-WindTurbineHub,3d-WindTurbineHub,Tet4,physics_tet4,228384,1113684,685152,parallel_symbolic_reuse,cpu_lock_guard,19,parallel_symbolic_parallel_numeric,1,1,419.207386,371.335111,790.542497,149752608,592.451654,0,0,0,1382.994151,0,1.487875583e-16,0.0068359375,332767012,699393556,1032160568,332767012,1100088000,0,2465015580,1100088000,4402.824219,Linux;x86_64;GCC 13.3;OpenMP 201511,Intel(R) Core(TM) Ultra 7 265KF,20,20
3d-WindTurbineHub,3d-WindTurbineHub,Tet4,physics_tet4,228384,1113684,685152,direct_no_symbolic_parallel,none,20,direct_no_symbolic_background,1,0,0,0,0,0,0,369.216828,1282.026733,992.559607,2643.803168,1,1.616099392e-16,0.005859375,332767012,0,0,332767012,0,2565927936,2898694948,1533767368,3835.078125,Linux;x86_64;GCC 13.3;OpenMP 201511,Intel(R) Core(TM) Ultra 7 265KF,20,20
3d-WindTurbineHub,3d-WindTurbineHub,Tet4,physics_tet4,228384,1113684,685152,serial_symbolic_parallel_numeric,cpu_atomic,20,serial_symbolic_parallel_numeric,1,1,2146.114926,1347.843014,3493.95794,0,150.248096,0,0,0,3644.206036,0,1.502058386e-16,0.0078125,332767012,699393556,1032160568,332767012,0,0,1364927580,0,2572.664062,Linux;x86_64;GCC 13.3;OpenMP 201511,Intel(R) Core(TM) Ultra 7 265KF,20,20
3d-WindTurbineHub,3d-WindTurbineHub,Tet4,physics_tet4,228384,1113684,685152,parallel_symbolic_reuse,cpu_atomic,20,parallel_symbolic_parallel_numeric,1,1,402.788139,366.153171,768.94131,149752608,148.153368,0,0,0,917.094678,0,1.4809298e-16,0.005859375,332767012,699393556,1032160568,332767012,0,0,1364927580,0,3356.015625,Linux;x86_64;GCC 13.3;OpenMP 201511,Intel(R) Core(TM) Ultra 7 265KF,20,20
3d-WindTurbineHub,3d-WindTurbineHub,Tet4,physics_tet4,228384,1113684,685152,serial_symbolic_parallel_numeric,cpu_private_csr,20,serial_symbolic_parallel_numeric,1,1,2047.977806,1332.603524,3380.58133,0,439.225081,0,0,0,3819.806411,0,1.297996957e-16,0.005859375,332767012,699393556,1032160568,332767012,4400352000,0,5765279580,4400352000,6874.417969,Linux;x86_64;GCC 13.3;OpenMP 201511,Intel(R) Core(TM) Ultra 7 265KF,20,20
3d-WindTurbineHub,3d-WindTurbineHub,Tet4,physics_tet4,228384,1113684,685152,parallel_symbolic_reuse,cpu_private_csr,20,parallel_symbolic_parallel_numeric,1,1,398.434312,359.397006,757.831318,149752608,446.110069,0,0,0,1203.941387,0,1.297996957e-16,0.005859375,332767012,699393556,1032160568,332767012,4400352000,0,5765279580,4400352000,7552.656250,Linux;x86_64;GCC 13.3;OpenMP 201511,Intel(R) Core(TM) Ultra 7 265KF,20,20
3d-WindTurbineHub,3d-WindTurbineHub,Tet4,physics_tet4,228384,1113684,685152,serial_symbolic_parallel_numeric,cpu_lock_guard,20,serial_symbolic_parallel_numeric,1,1,2076.184527,1359.423683,3435.60821,0,550.425093,0,0,0,3986.033303,0,1.476432609e-16,0.005859375,332767012,699393556,1032160568,332767012,1100088000,0,2465015580,1100088000,3727.070312,Linux;x86_64;GCC 13.3;OpenMP 201511,Intel(R) Core(TM) Ultra 7 265KF,20,20
3d-WindTurbineHub,3d-WindTurbineHub,Tet4,physics_tet4,228384,1113684,685152,parallel_symbolic_reuse,cpu_lock_guard,20,parallel_symbolic_parallel_numeric,1,1,381.032526,385.605395,766.637921,149752608,547.495398,0,0,0,1314.133319,0,1.492306003e-16,0.005859375,332767012,699393556,1032160568,332767012,1100088000,0,2465015580,1100088000,4405.304688,Linux;x86_64;GCC 13.3;OpenMP 201511,Intel(R) Core(TM) Ultra 7 265KF,20,20
