case_name,mesh,element_type,stiffness_model,kernel,nodes,elements,dofs,mode,numeric_backend,threads,strategy_label,assemblies_per_symbolic,symbolic_builds,symbolic_csr_ms,symbolic_plan_ms,symbolic_total_ms,symbolic_temporary_bytes,numeric_ms,direct_generate_ms,direct_bucket_merge_ms,direct_sort_reduce_ms,amortized_total_ms,symbolic_gain_vs_direct,rel_l2,max_abs,csr_bytes,plan_bytes,symbolic_persistent_bytes,common_output_matrix_bytes,numeric_backend_extra_bytes,direct_transient_bytes,estimated_peak_bytes,delta_vs_serial_symbolic_serial_numeric_bytes,isolated_peak_rss_mb,platform,cpu_model,physical_cores,logical_cores
3d-WindTurbineHub,3d-WindTurbineHub,Tet4,linear_elastic_solid,linear_elastic_solid,228384,1113684,685152,symbolic_reuse_serial,cpu_serial,1,serial_symbolic_serial_numeric,1,1,2061.114005,1353.95272,3415.066725,0,679.89669,0,0,0,4094.963415,0,0,0,332767012,699393556,1032160568,332767012,0,0,1364927580,0,2783.062500,Linux;x86_64;GCC 13.3;OpenMP 201511,Intel(R) Core(TM) Ultra 7 265KF,20,20
3d-WindTurbineHub,3d-WindTurbineHub,Tet4,linear_elastic_solid,linear_elastic_solid,228384,1113684,685152,direct_no_symbolic_parallel,none,1,direct_no_symbolic_background,1,0,0,0,0,0,0,1744.381289,943.443498,7255.970234,9943.795021,1,1.616398827e-16,0.005859375,332767012,0,0,332767012,0,2565927936,2898694948,1533767368,6053.281250,Linux;x86_64;GCC 13.3;OpenMP 201511,Intel(R) Core(TM) Ultra 7 265KF,20,20
3d-WindTurbineHub,3d-WindTurbineHub,Tet4,linear_elastic_solid,linear_elastic_solid,228384,1113684,685152,serial_symbolic_parallel_numeric,cpu_atomic,1,serial_symbolic_parallel_numeric,1,1,2106.901312,1381.556998,3488.45831,0,1251.813783,0,0,0,4740.272093,0,0,0,332767012,699393556,1032160568,332767012,0,0,1364927580,0,2572.707031,Linux;x86_64;GCC 13.3;OpenMP 201511,Intel(R) Core(TM) Ultra 7 265KF,20,20
3d-WindTurbineHub,3d-WindTurbineHub,Tet4,linear_elastic_solid,linear_elastic_solid,228384,1113684,685152,parallel_symbolic_reuse,cpu_atomic,1,parallel_symbolic_parallel_numeric,1,1,1979.792778,1466.849548,3446.642326,149752608,1189.983995,0,0,0,4636.626321,0,0,0,332767012,699393556,1032160568,332767012,0,0,1364927580,0,2698.664062,Linux;x86_64;GCC 13.3;OpenMP 201511,Intel(R) Core(TM) Ultra 7 265KF,20,20
3d-WindTurbineHub,3d-WindTurbineHub,Tet4,linear_elastic_solid,linear_elastic_solid,228384,1113684,685152,serial_symbolic_parallel_numeric,cpu_private_csr,1,serial_symbolic_parallel_numeric,1,1,2086.409379,1370.287047,3456.696426,0,722.344111,0,0,0,4179.040537,0,0,0,332767012,699393556,1032160568,332767012,220017600,0,1584945180,220017600,2782.511719,Linux;x86_64;GCC 13.3;OpenMP 201511,Intel(R) Core(TM) Ultra 7 265KF,20,20
3d-WindTurbineHub,3d-WindTurbineHub,Tet4,linear_elastic_solid,linear_elastic_solid,228384,1113684,685152,parallel_symbolic_reuse,cpu_private_csr,1,parallel_symbolic_parallel_numeric,1,1,2010.791354,1493.611924,3504.403278,149752608,707.672368,0,0,0,4212.075646,0,0,0,332767012,699393556,1032160568,332767012,220017600,0,1584945180,220017600,2908.460938,Linux;x86_64;GCC 13.3;OpenMP 201511,Intel(R) Core(TM) Ultra 7 265KF,20,20
3d-WindTurbineHub,3d-WindTurbineHub,Tet4,linear_elastic_solid,linear_elastic_solid,228384,1113684,685152,serial_symbolic_parallel_numeric,cpu_lock_guard,1,serial_symbolic_parallel_numeric,1,1,2090.993219,1355.149963,3446.143182,0,2421.641184,0,0,0,5867.784366,0,0,0,332767012,699393556,1032160568,332767012,1100088000,0,2465015580,1100088000,3621.964844,Linux;x86_64;GCC 13.3;OpenMP 201511,Intel(R) Core(TM) Ultra 7 265KF,20,20
3d-WindTurbineHub,3d-WindTurbineHub,Tet4,linear_elastic_solid,linear_elastic_solid,228384,1113684,685152,parallel_symbolic_reuse,cpu_lock_guard,1,parallel_symbolic_parallel_numeric,1,1,1988.941421,1484.100331,3473.041752,149752608,2451.607979,0,0,0,5924.649731,0,0,0,332767012,699393556,1032160568,332767012,1100088000,0,2465015580,1100088000,3747.605469,Linux;x86_64;GCC 13.3;OpenMP 201511,Intel(R) Core(TM) Ultra 7 265KF,20,20
3d-WindTurbineHub,3d-WindTurbineHub,Tet4,linear_elastic_solid,linear_elastic_solid,228384,1113684,685152,direct_no_symbolic_parallel,none,2,direct_no_symbolic_background,1,0,0,0,0,0,0,910.831339,1349.686139,3753.114272,6013.63175,1,1.618126249e-16,0.005859375,332767012,0,0,332767012,0,2565927936,2898694948,1533767368,6052.316406,Linux;x86_64;GCC 13.3;OpenMP 201511,Intel(R) Core(TM) Ultra 7 265KF,20,20
3d-WindTurbineHub,3d-WindTurbineHub,Tet4,linear_elastic_solid,linear_elastic_solid,228384,1113684,685152,serial_symbolic_parallel_numeric,cpu_atomic,2,serial_symbolic_parallel_numeric,1,1,2083.641534,1366.703078,3450.344612,0,659.881149,0,0,0,4110.225761,0,7.159105127e-18,0.00390625,332767012,699393556,1032160568,332767012,0,0,1364927580,0,2572.578125,Linux;x86_64;GCC 13.3;OpenMP 201511,Intel(R) Core(TM) Ultra 7 265KF,20,20
3d-WindTurbineHub,3d-WindTurbineHub,Tet4,linear_elastic_solid,linear_elastic_solid,228384,1113684,685152,parallel_symbolic_reuse,cpu_atomic,2,parallel_symbolic_parallel_numeric,1,1,1185.566653,865.469482,2051.036135,149752608,636.071045,0,0,0,2687.10718,0,9.165866943e-18,0.0048828125,332767012,699393556,1032160568,332767012,0,0,1364927580,0,3088.929688,Linux;x86_64;GCC 13.3;OpenMP 201511,Intel(R) Core(TM) Ultra 7 265KF,20,20
3d-WindTurbineHub,3d-WindTurbineHub,Tet4,linear_elastic_solid,linear_elastic_solid,228384,1113684,685152,serial_symbolic_parallel_numeric,cpu_private_csr,2,serial_symbolic_parallel_numeric,1,1,2084.996808,1339.326824,3424.323632,0,442.915621,0,0,0,3867.239253,0,8.361934979e-18,0.00390625,332767012,699393556,1032160568,332767012,440035200,0,1804962780,440035200,2992.281250,Linux;x86_64;GCC 13.3;OpenMP 201511,Intel(R) Core(TM) Ultra 7 265KF,20,20
3d-WindTurbineHub,3d-WindTurbineHub,Tet4,linear_elastic_solid,linear_elastic_solid,228384,1113684,685152,parallel_symbolic_reuse,cpu_private_csr,2,parallel_symbolic_parallel_numeric,1,1,1165.779121,861.078196,2026.857317,149752608,426.706601,0,0,0,2453.563918,0,8.361934979e-18,0.00390625,332767012,699393556,1032160568,332767012,440035200,0,1804962780,440035200,3508.535156,Linux;x86_64;GCC 13.3;OpenMP 201511,Intel(R) Core(TM) Ultra 7 265KF,20,20
3d-WindTurbineHub,3d-WindTurbineHub,Tet4,linear_elastic_solid,linear_elastic_solid,228384,1113684,685152,serial_symbolic_parallel_numeric,cpu_lock_guard,2,serial_symbolic_parallel_numeric,1,1,2114.695357,1382.938392,3497.633749,0,1770.591253,0,0,0,5268.225002,0,7.377027372e-18,0.00390625,332767012,699393556,1032160568,332767012,1100088000,0,2465015580,1100088000,3621.718750,Linux;x86_64;GCC 13.3;OpenMP 201511,Intel(R) Core(TM) Ultra 7 265KF,20,20
3d-WindTurbineHub,3d-WindTurbineHub,Tet4,linear_elastic_solid,linear_elastic_solid,228384,1113684,685152,parallel_symbolic_reuse,cpu_lock_guard,2,parallel_symbolic_parallel_numeric,1,1,1180.268368,870.679364,2050.947732,149752608,1725.192477,0,0,0,3776.140209,0,8.421745225e-18,0.00390625,332767012,699393556,1032160568,332767012,1100088000,0,2465015580,1100088000,4138.179688,Linux;x86_64;GCC 13.3;OpenMP 201511,Intel(R) Core(TM) Ultra 7 265KF,20,20
3d-WindTurbineHub,3d-WindTurbineHub,Tet4,linear_elastic_solid,linear_elastic_solid,228384,1113684,685152,direct_no_symbolic_parallel,none,3,direct_no_symbolic_background,1,0,0,0,0,0,0,2299.832653,1207.927464,2665.281905,6173.042022,1,1.61645406e-16,0.005859375,332767012,0,0,332767012,0,2565927936,2898694948,1533767368,5236.062500,Linux;x86_64;GCC 13.3;OpenMP 201511,Intel(R) Core(TM) Ultra 7 265KF,20,20
3d-WindTurbineHub,3d-WindTurbineHub,Tet4,linear_elastic_solid,linear_elastic_solid,228384,1113684,685152,serial_symbolic_parallel_numeric,cpu_atomic,3,serial_symbolic_parallel_numeric,1,1,2089.451076,1347.251809,3436.702885,0,471.854552,0,0,0,3908.557437,0,1.368876001e-17,0.005859375,332767012,699393556,1032160568,332767012,0,0,1364927580,0,2572.566406,Linux;x86_64;GCC 13.3;OpenMP 201511,Intel(R) Core(TM) Ultra 7 265KF,20,20
3d-WindTurbineHub,3d-WindTurbineHub,Tet4,linear_elastic_solid,linear_elastic_solid,228384,1113684,685152,parallel_symbolic_reuse,cpu_atomic,3,parallel_symbolic_parallel_numeric,1,1,876.590609,670.295062,1546.885671,149752608,459.723027,0,0,0,2006.608698,0,1.419982265e-17,0.005859375,332767012,699393556,1032160568,332767012,0,0,1364927580,0,3226.796875,Linux;x86_64;GCC 13.3;OpenMP 201511,Intel(R) Core(TM) Ultra 7 265KF,20,20
3d-WindTurbineHub,3d-WindTurbineHub,Tet4,linear_elastic_solid,linear_elastic_solid,228384,1113684,685152,serial_symbolic_parallel_numeric,cpu_private_csr,3,serial_symbolic_parallel_numeric,1,1,2095.136449,1357.369059,3452.505508,0,361.476356,0,0,0,3813.981864,0,1.295314281e-17,0.00390625,332767012,699393556,1032160568,332767012,660052800,0,2024980380,660052800,3202.214844,Linux;x86_64;GCC 13.3;OpenMP 201511,Intel(R) Core(TM) Ultra 7 265KF,20,20
3d-WindTurbineHub,3d-WindTurbineHub,Tet4,linear_elastic_solid,linear_elastic_solid,228384,1113684,685152,parallel_symbolic_reuse,cpu_private_csr,3,parallel_symbolic_parallel_numeric,1,1,858.493838,679.72632,1538.220158,149752608,350.23547,0,0,0,1888.455628,0,1.295314281e-17,0.00390625,332767012,699393556,1032160568,332767012,660052800,0,2024980380,660052800,3856.343750,Linux;x86_64;GCC 13.3;OpenMP 201511,Intel(R) Core(TM) Ultra 7 265KF,20,20
3d-WindTurbineHub,3d-WindTurbineHub,Tet4,linear_elastic_solid,linear_elastic_solid,228384,1113684,685152,serial_symbolic_parallel_numeric,cpu_lock_guard,3,serial_symbolic_parallel_numeric,1,1,2135.82154,1387.422899,3523.244439,0,1282.929177,0,0,0,4806.173616,0,1.41720843e-17,0.005859375,332767012,699393556,1032160568,332767012,1100088000,0,2465015580,1100088000,3621.710938,Linux;x86_64;GCC 13.3;OpenMP 201511,Intel(R) Core(TM) Ultra 7 265KF,20,20
3d-WindTurbineHub,3d-WindTurbineHub,Tet4,linear_elastic_solid,linear_elastic_solid,228384,1113684,685152,parallel_symbolic_reuse,cpu_lock_guard,3,parallel_symbolic_parallel_numeric,1,1,869.777272,683.963562,1553.740834,149752608,1276.54717,0,0,0,2830.288004,0,1.415894802e-17,0.005859375,332767012,699393556,1032160568,332767012,1100088000,0,2465015580,1100088000,4275.890625,Linux;x86_64;GCC 13.3;OpenMP 201511,Intel(R) Core(TM) Ultra 7 265KF,20,20
3d-WindTurbineHub,3d-WindTurbineHub,Tet4,linear_elastic_solid,linear_elastic_solid,228384,1113684,685152,direct_no_symbolic_parallel,none,4,direct_no_symbolic_background,1,0,0,0,0,0,0,1292.457643,1336.103562,2190.009,4818.570205,1,1.617704357e-16,0.005859375,332767012,0,0,332767012,0,2565927936,2898694948,1533767368,4828.214844,Linux;x86_64;GCC 13.3;OpenMP 201511,Intel(R) Core(TM) Ultra 7 265KF,20,20
3d-WindTurbineHub,3d-WindTurbineHub,Tet4,linear_elastic_solid,linear_elastic_solid,228384,1113684,685152,serial_symbolic_parallel_numeric,cpu_atomic,4,serial_symbolic_parallel_numeric,1,1,2089.311403,1342.763549,3432.074952,0,369.788701,0,0,0,3801.863653,0,1.673266452e-17,0.005859375,332767012,699393556,1032160568,332767012,0,0,1364927580,0,2572.550781,Linux;x86_64;GCC 13.3;OpenMP 201511,Intel(R) Core(TM) Ultra 7 265KF,20,20
3d-WindTurbineHub,3d-WindTurbineHub,Tet4,linear_elastic_solid,linear_elastic_solid,228384,1113684,685152,parallel_symbolic_reuse,cpu_atomic,4,parallel_symbolic_parallel_numeric,1,1,696.752861,574.431796,1271.184657,149752608,357.621964,0,0,0,1628.806621,0,1.77604302e-17,0.005859375,332767012,699393556,1032160568,332767012,0,0,1364927580,0,3085.683594,Linux;x86_64;GCC 13.3;OpenMP 201511,Intel(R) Core(TM) Ultra 7 265KF,20,20
3d-WindTurbineHub,3d-WindTurbineHub,Tet4,linear_elastic_solid,linear_elastic_solid,228384,1113684,685152,serial_symbolic_parallel_numeric,cpu_private_csr,4,serial_symbolic_parallel_numeric,1,1,2136.580551,1373.558052,3510.138603,0,315.325175,0,0,0,3825.463778,0,1.596975678e-17,0.005859375,332767012,699393556,1032160568,332767012,880070400,0,2244997980,880070400,3412.000000,Linux;x86_64;GCC 13.3;OpenMP 201511,Intel(R) Core(TM) Ultra 7 265KF,20,20
3d-WindTurbineHub,3d-WindTurbineHub,Tet4,linear_elastic_solid,linear_elastic_solid,228384,1113684,685152,parallel_symbolic_reuse,cpu_private_csr,4,parallel_symbolic_parallel_numeric,1,1,696.51593,575.633276,1272.149206,149752608,305.078613,0,0,0,1577.227819,0,1.596975678e-17,0.005859375,332767012,699393556,1032160568,332767012,880070400,0,2244997980,880070400,4135.285156,Linux;x86_64;GCC 13.3;OpenMP 201511,Intel(R) Core(TM) Ultra 7 265KF,20,20
3d-WindTurbineHub,3d-WindTurbineHub,Tet4,linear_elastic_solid,linear_elastic_solid,228384,1113684,685152,serial_symbolic_parallel_numeric,cpu_lock_guard,4,serial_symbolic_parallel_numeric,1,1,2062.147453,1331.109529,3393.256982,0,1054.805262,0,0,0,4448.062244,0,1.71390162e-17,0.005859375,332767012,699393556,1032160568,332767012,1100088000,0,2465015580,1100088000,3621.871094,Linux;x86_64;GCC 13.3;OpenMP 201511,Intel(R) Core(TM) Ultra 7 265KF,20,20
3d-WindTurbineHub,3d-WindTurbineHub,Tet4,linear_elastic_solid,linear_elastic_solid,228384,1113684,685152,parallel_symbolic_reuse,cpu_lock_guard,4,parallel_symbolic_parallel_numeric,1,1,706.343932,575.44027,1281.784202,149752608,1048.38151,0,0,0,2330.165712,0,1.694853074e-17,0.005859375,332767012,699393556,1032160568,332767012,1100088000,0,2465015580,1100088000,4344.835938,Linux;x86_64;GCC 13.3;OpenMP 201511,Intel(R) Core(TM) Ultra 7 265KF,20,20
3d-WindTurbineHub,3d-WindTurbineHub,Tet4,linear_elastic_solid,linear_elastic_solid,228384,1113684,685152,direct_no_symbolic_parallel,none,5,direct_no_symbolic_background,1,0,0,0,0,0,0,1441.361219,1417.732291,1745.170544,4604.264054,1,1.615851238e-16,0.0068359375,332767012,0,0,332767012,0,2565927936,2898694948,1533767368,4563.332031,Linux;x86_64;GCC 13.3;OpenMP 201511,Intel(R) Core(TM) Ultra 7 265KF,20,20
3d-WindTurbineHub,3d-WindTurbineHub,Tet4,linear_elastic_solid,linear_elastic_solid,228384,1113684,685152,serial_symbolic_parallel_numeric,cpu_atomic,5,serial_symbolic_parallel_numeric,1,1,2072.937715,1320.298531,3393.236246,0,309.273607,0,0,0,3702.509853,0,9.155330354e-17,0.005859375,332767012,699393556,1032160568,332767012,0,0,1364927580,0,2572.621094,Linux;x86_64;GCC 13.3;OpenMP 201511,Intel(R) Core(TM) Ultra 7 265KF,20,20
3d-WindTurbineHub,3d-WindTurbineHub,Tet4,linear_elastic_solid,linear_elastic_solid,228384,1113684,685152,parallel_symbolic_reuse,cpu_atomic,5,parallel_symbolic_parallel_numeric,1,1,615.223932,517.792884,1133.016816,149752608,294.518436,0,0,0,1427.535252,0,9.154861391e-17,0.005859375,332767012,699393556,1032160568,332767012,0,0,1364927580,0,3131.687500,Linux;x86_64;GCC 13.3;OpenMP 201511,Intel(R) Core(TM) Ultra 7 265KF,20,20
3d-WindTurbineHub,3d-WindTurbineHub,Tet4,linear_elastic_solid,linear_elastic_solid,228384,1113684,685152,serial_symbolic_parallel_numeric,cpu_private_csr,5,serial_symbolic_parallel_numeric,1,1,2061.224906,1325.30163,3386.526536,0,291.819204,0,0,0,3678.34574,0,6.920675397e-17,0.005859375,332767012,699393556,1032160568,332767012,1100088000,0,2465015580,1100088000,3621.750000,Linux;x86_64;GCC 13.3;OpenMP 201511,Intel(R) Core(TM) Ultra 7 265KF,20,20
3d-WindTurbineHub,3d-WindTurbineHub,Tet4,linear_elastic_solid,linear_elastic_solid,228384,1113684,685152,parallel_symbolic_reuse,cpu_private_csr,5,parallel_symbolic_parallel_numeric,1,1,613.45603,515.950327,1129.406357,149752608,280.663093,0,0,0,1410.06945,0,6.920675397e-17,0.005859375,332767012,699393556,1032160568,332767012,1100088000,0,2465015580,1100088000,4390.664062,Linux;x86_64;GCC 13.3;OpenMP 201511,Intel(R) Core(TM) Ultra 7 265KF,20,20
3d-WindTurbineHub,3d-WindTurbineHub,Tet4,linear_elastic_solid,linear_elastic_solid,228384,1113684,685152,serial_symbolic_parallel_numeric,cpu_lock_guard,5,serial_symbolic_parallel_numeric,1,1,2090.549743,1336.443319,3426.993062,0,910.706961,0,0,0,4337.700023,0,9.155833575e-17,0.005859375,332767012,699393556,1032160568,332767012,1100088000,0,2465015580,1100088000,3621.703125,Linux;x86_64;GCC 13.3;OpenMP 201511,Intel(R) Core(TM) Ultra 7 265KF,20,20
3d-WindTurbineHub,3d-WindTurbineHub,Tet4,linear_elastic_solid,linear_elastic_solid,228384,1113684,685152,parallel_symbolic_reuse,cpu_lock_guard,5,parallel_symbolic_parallel_numeric,1,1,609.944636,513.335349,1123.279985,149752608,899.141453,0,0,0,2022.421438,0,9.155693799e-17,0.005859375,332767012,699393556,1032160568,332767012,1100088000,0,2465015580,1100088000,4390.968750,Linux;x86_64;GCC 13.3;OpenMP 201511,Intel(R) Core(TM) Ultra 7 265KF,20,20
3d-WindTurbineHub,3d-WindTurbineHub,Tet4,linear_elastic_solid,linear_elastic_solid,228384,1113684,685152,direct_no_symbolic_parallel,none,6,direct_no_symbolic_background,1,0,0,0,0,0,0,1067.483493,1205.958012,1540.493197,3813.934702,1,1.617510995e-16,0.005859375,332767012,0,0,332767012,0,2565927936,2898694948,1533767368,4420.550781,Linux;x86_64;GCC 13.3;OpenMP 201511,Intel(R) Core(TM) Ultra 7 265KF,20,20
3d-WindTurbineHub,3d-WindTurbineHub,Tet4,linear_elastic_solid,linear_elastic_solid,228384,1113684,685152,serial_symbolic_parallel_numeric,cpu_atomic,6,serial_symbolic_parallel_numeric,1,1,2062.395232,1358.479906,3420.875138,0,264.87562,0,0,0,3685.750758,0,1.376382013e-17,0.0048828125,332767012,699393556,1032160568,332767012,0,0,1364927580,0,2572.632812,Linux;x86_64;GCC 13.3;OpenMP 201511,Intel(R) Core(TM) Ultra 7 265KF,20,20
3d-WindTurbineHub,3d-WindTurbineHub,Tet4,linear_elastic_solid,linear_elastic_solid,228384,1113684,685152,parallel_symbolic_reuse,cpu_atomic,6,parallel_symbolic_parallel_numeric,1,1,538.256514,473.198625,1011.455139,149752608,253.687779,0,0,0,1265.142918,0,1.587765435e-17,0.0048828125,332767012,699393556,1032160568,332767012,0,0,1364927580,0,3154.472656,Linux;x86_64;GCC 13.3;OpenMP 201511,Intel(R) Core(TM) Ultra 7 265KF,20,20
3d-WindTurbineHub,3d-WindTurbineHub,Tet4,linear_elastic_solid,linear_elastic_solid,228384,1113684,685152,serial_symbolic_parallel_numeric,cpu_private_csr,6,serial_symbolic_parallel_numeric,1,1,2088.979954,1363.69661,3452.676564,0,283.83453,0,0,0,3736.511094,0,1.405209813e-17,0.00390625,332767012,699393556,1032160568,332767012,1320105600,0,2685033180,1320105600,3831.660156,Linux;x86_64;GCC 13.3;OpenMP 201511,Intel(R) Core(TM) Ultra 7 265KF,20,20
3d-WindTurbineHub,3d-WindTurbineHub,Tet4,linear_elastic_solid,linear_elastic_solid,228384,1113684,685152,parallel_symbolic_reuse,cpu_private_csr,6,parallel_symbolic_parallel_numeric,1,1,541.721702,471.787115,1013.508817,149752608,269.975929,0,0,0,1283.484746,0,1.405209813e-17,0.00390625,332767012,699393556,1032160568,332767012,1320105600,0,2685033180,1320105600,4623.070312,Linux;x86_64;GCC 13.3;OpenMP 201511,Intel(R) Core(TM) Ultra 7 265KF,20,20
3d-WindTurbineHub,3d-WindTurbineHub,Tet4,linear_elastic_solid,linear_elastic_solid,228384,1113684,685152,serial_symbolic_parallel_numeric,cpu_lock_guard,6,serial_symbolic_parallel_numeric,1,1,2076.363345,1341.932854,3418.296199,0,800.663277,0,0,0,4218.959476,0,1.511823942e-17,0.0048828125,332767012,699393556,1032160568,332767012,1100088000,0,2465015580,1100088000,3621.800781,Linux;x86_64;GCC 13.3;OpenMP 201511,Intel(R) Core(TM) Ultra 7 265KF,20,20
3d-WindTurbineHub,3d-WindTurbineHub,Tet4,linear_elastic_solid,linear_elastic_solid,228384,1113684,685152,parallel_symbolic_reuse,cpu_lock_guard,6,parallel_symbolic_parallel_numeric,1,1,531.823659,472.326401,1004.15006,149752608,804.027841,0,0,0,1808.177901,0,1.545853281e-17,0.0048828125,332767012,699393556,1032160568,332767012,1100088000,0,2465015580,1100088000,4413.757812,Linux;x86_64;GCC 13.3;OpenMP 201511,Intel(R) Core(TM) Ultra 7 265KF,20,20
3d-WindTurbineHub,3d-WindTurbineHub,Tet4,linear_elastic_solid,linear_elastic_solid,228384,1113684,685152,direct_no_symbolic_parallel,none,7,direct_no_symbolic_background,1,0,0,0,0,0,0,1017.618104,1285.862004,1353.977964,3657.458072,1,1.615323623e-16,0.0068359375,332767012,0,0,332767012,0,2565927936,2898694948,1533767368,4293.445312,Linux;x86_64;GCC 13.3;OpenMP 201511,Intel(R) Core(TM) Ultra 7 265KF,20,20
3d-WindTurbineHub,3d-WindTurbineHub,Tet4,linear_elastic_solid,linear_elastic_solid,228384,1113684,685152,serial_symbolic_parallel_numeric,cpu_atomic,7,serial_symbolic_parallel_numeric,1,1,2120.894077,1383.263934,3504.158011,0,241.318913,0,0,0,3745.476924,0,1.091037357e-16,0.005859375,332767012,699393556,1032160568,332767012,0,0,1364927580,0,2572.566406,Linux;x86_64;GCC 13.3;OpenMP 201511,Intel(R) Core(TM) Ultra 7 265KF,20,20
3d-WindTurbineHub,3d-WindTurbineHub,Tet4,linear_elastic_solid,linear_elastic_solid,228384,1113684,685152,parallel_symbolic_reuse,cpu_atomic,7,parallel_symbolic_parallel_numeric,1,1,500.445095,444.881339,945.326434,149752608,222.806768,0,0,0,1168.133202,0,1.09164295e-16,0.005859375,332767012,699393556,1032160568,332767012,0,0,1364927580,0,3178.609375,Linux;x86_64;GCC 13.3;OpenMP 201511,Intel(R) Core(TM) Ultra 7 265KF,20,20
3d-WindTurbineHub,3d-WindTurbineHub,Tet4,linear_elastic_solid,linear_elastic_solid,228384,1113684,685152,serial_symbolic_parallel_numeric,cpu_private_csr,7,serial_symbolic_parallel_numeric,1,1,2092.14639,1336.781975,3428.928365,0,284.576573,0,0,0,3713.504938,0,8.265713991e-17,0.005859375,332767012,699393556,1032160568,332767012,1540123200,0,2905050780,1540123200,4041.347656,Linux;x86_64;GCC 13.3;OpenMP 201511,Intel(R) Core(TM) Ultra 7 265KF,20,20
3d-WindTurbineHub,3d-WindTurbineHub,Tet4,linear_elastic_solid,linear_elastic_solid,228384,1113684,685152,parallel_symbolic_reuse,cpu_private_csr,7,parallel_symbolic_parallel_numeric,1,1,503.979324,446.842197,950.821521,149752608,264.484742,0,0,0,1215.306263,0,8.265713991e-17,0.005859375,332767012,699393556,1032160568,332767012,1540123200,0,2905050780,1540123200,4751.964844,Linux;x86_64;GCC 13.3;OpenMP 201511,Intel(R) Core(TM) Ultra 7 265KF,20,20
3d-WindTurbineHub,3d-WindTurbineHub,Tet4,linear_elastic_solid,linear_elastic_solid,228384,1113684,685152,serial_symbolic_parallel_numeric,cpu_lock_guard,7,serial_symbolic_parallel_numeric,1,1,2097.3089,1354.930102,3452.239002,0,724.8664,0,0,0,4177.105402,0,1.091478262e-16,0.005859375,332767012,699393556,1032160568,332767012,1100088000,0,2465015580,1100088000,3621.820312,Linux;x86_64;GCC 13.3;OpenMP 201511,Intel(R) Core(TM) Ultra 7 265KF,20,20
3d-WindTurbineHub,3d-WindTurbineHub,Tet4,linear_elastic_solid,linear_elastic_solid,228384,1113684,685152,parallel_symbolic_reuse,cpu_lock_guard,7,parallel_symbolic_parallel_numeric,1,1,502.59849,442.743808,945.342298,149752608,715.018651,0,0,0,1660.360949,0,1.091538212e-16,0.005859375,332767012,699393556,1032160568,332767012,1100088000,0,2465015580,1100088000,4332.535156,Linux;x86_64;GCC 13.3;OpenMP 201511,Intel(R) Core(TM) Ultra 7 265KF,20,20
3d-WindTurbineHub,3d-WindTurbineHub,Tet4,linear_elastic_solid,linear_elastic_solid,228384,1113684,685152,direct_no_symbolic_parallel,none,8,direct_no_symbolic_background,1,0,0,0,0,0,0,917.506499,1369.85168,1203.102031,3490.46021,1,1.614724613e-16,0.0068359375,332767012,0,0,332767012,0,2565927936,2898694948,1533767368,4202.843750,Linux;x86_64;GCC 13.3;OpenMP 201511,Intel(R) Core(TM) Ultra 7 265KF,20,20
3d-WindTurbineHub,3d-WindTurbineHub,Tet4,linear_elastic_solid,linear_elastic_solid,228384,1113684,685152,serial_symbolic_parallel_numeric,cpu_atomic,8,serial_symbolic_parallel_numeric,1,1,2084.557474,1350.430166,3434.98764,0,221.060043,0,0,0,3656.047683,0,9.838984161e-17,0.0068359375,332767012,699393556,1032160568,332767012,0,0,1364927580,0,2572.480469,Linux;x86_64;GCC 13.3;OpenMP 201511,Intel(R) Core(TM) Ultra 7 265KF,20,20
3d-WindTurbineHub,3d-WindTurbineHub,Tet4,linear_elastic_solid,linear_elastic_solid,228384,1113684,685152,parallel_symbolic_reuse,cpu_atomic,8,parallel_symbolic_parallel_numeric,1,1,472.821874,419.902142,892.724016,149752608,199.82426,0,0,0,1092.548276,0,9.839104657e-17,0.0068359375,332767012,699393556,1032160568,332767012,0,0,1364927580,0,3194.652344,Linux;x86_64;GCC 13.3;OpenMP 201511,Intel(R) Core(TM) Ultra 7 265KF,20,20
3d-WindTurbineHub,3d-WindTurbineHub,Tet4,linear_elastic_solid,linear_elastic_solid,228384,1113684,685152,serial_symbolic_parallel_numeric,cpu_private_csr,8,serial_symbolic_parallel_numeric,1,1,2049.012102,1310.692915,3359.705017,0,284.751744,0,0,0,3644.456761,0,7.388096298e-17,0.005859375,332767012,699393556,1032160568,332767012,1760140800,0,3125068380,1760140800,4251.449219,Linux;x86_64;GCC 13.3;OpenMP 201511,Intel(R) Core(TM) Ultra 7 265KF,20,20
3d-WindTurbineHub,3d-WindTurbineHub,Tet4,linear_elastic_solid,linear_elastic_solid,228384,1113684,685152,parallel_symbolic_reuse,cpu_private_csr,8,parallel_symbolic_parallel_numeric,1,1,488.164804,420.605231,908.770035,149752608,268.726563,0,0,0,1177.496598,0,7.388096298e-17,0.005859375,332767012,699393556,1032160568,332767012,1760140800,0,3125068380,1760140800,4978.031250,Linux;x86_64;GCC 13.3;OpenMP 201511,Intel(R) Core(TM) Ultra 7 265KF,20,20
3d-WindTurbineHub,3d-WindTurbineHub,Tet4,linear_elastic_solid,linear_elastic_solid,228384,1113684,685152,serial_symbolic_parallel_numeric,cpu_lock_guard,8,serial_symbolic_parallel_numeric,1,1,2104.718311,1347.644382,3452.362693,0,676.288303,0,0,0,4128.650996,0,9.835471347e-17,0.0068359375,332767012,699393556,1032160568,332767012,1100088000,0,2465015580,1100088000,3621.816406,Linux;x86_64;GCC 13.3;OpenMP 201511,Intel(R) Core(TM) Ultra 7 265KF,20,20
3d-WindTurbineHub,3d-WindTurbineHub,Tet4,linear_elastic_solid,linear_elastic_solid,228384,1113684,685152,parallel_symbolic_reuse,cpu_lock_guard,8,parallel_symbolic_parallel_numeric,1,1,468.551445,472.210286,940.761731,149752608,668.344131,0,0,0,1609.105862,0,9.833459829e-17,0.0068359375,332767012,699393556,1032160568,332767012,1100088000,0,2465015580,1100088000,4348.906250,Linux;x86_64;GCC 13.3;OpenMP 201511,Intel(R) Core(TM) Ultra 7 265KF,20,20
3d-WindTurbineHub,3d-WindTurbineHub,Tet4,linear_elastic_solid,linear_elastic_solid,228384,1113684,685152,direct_no_symbolic_parallel,none,9,direct_no_symbolic_background,1,0,0,0,0,0,0,816.80396,1207.404897,1179.657009,3203.865866,1,1.616671699e-16,0.0068359375,332767012,0,0,332767012,0,2565927936,2898694948,1533767368,4133.921875,Linux;x86_64;GCC 13.3;OpenMP 201511,Intel(R) Core(TM) Ultra 7 265KF,20,20
3d-WindTurbineHub,3d-WindTurbineHub,Tet4,linear_elastic_solid,linear_elastic_solid,228384,1113684,685152,serial_symbolic_parallel_numeric,cpu_atomic,9,serial_symbolic_parallel_numeric,1,1,2065.528713,1374.017967,3439.54668,0,215.584128,0,0,0,3655.130808,0,1.164025077e-16,0.0068359375,332767012,699393556,1032160568,332767012,0,0,1364927580,0,2572.664062,Linux;x86_64;GCC 13.3;OpenMP 201511,Intel(R) Core(TM) Ultra 7 265KF,20,20
3d-WindTurbineHub,3d-WindTurbineHub,Tet4,linear_elastic_solid,linear_elastic_solid,228384,1113684,685152,parallel_symbolic_reuse,cpu_atomic,9,parallel_symbolic_parallel_numeric,1,1,450.783521,436.02426,886.807781,149752608,211.055146,0,0,0,1097.862927,0,1.165025328e-16,0.0068359375,332767012,699393556,1032160568,332767012,0,0,1364927580,0,3204.675781,Linux;x86_64;GCC 13.3;OpenMP 201511,Intel(R) Core(TM) Ultra 7 265KF,20,20
3d-WindTurbineHub,3d-WindTurbineHub,Tet4,linear_elastic_solid,linear_elastic_solid,228384,1113684,685152,serial_symbolic_parallel_numeric,cpu_private_csr,9,serial_symbolic_parallel_numeric,1,1,2091.867231,1350.930185,3442.797416,0,289.547683,0,0,0,3732.345099,0,8.851448216e-17,0.0078125,332767012,699393556,1032160568,332767012,1980158400,0,3345085980,1980158400,4461.015625,Linux;x86_64;GCC 13.3;OpenMP 201511,Intel(R) Core(TM) Ultra 7 265KF,20,20
3d-WindTurbineHub,3d-WindTurbineHub,Tet4,linear_elastic_solid,linear_elastic_solid,228384,1113684,685152,parallel_symbolic_reuse,cpu_private_csr,9,parallel_symbolic_parallel_numeric,1,1,441.998841,436.232293,878.231134,149752608,290.019045,0,0,0,1168.250179,0,8.851448216e-17,0.0078125,332767012,699393556,1032160568,332767012,1980158400,0,3345085980,1980158400,5197.703125,Linux;x86_64;GCC 13.3;OpenMP 201511,Intel(R) Core(TM) Ultra 7 265KF,20,20
3d-WindTurbineHub,3d-WindTurbineHub,Tet4,linear_elastic_solid,linear_elastic_solid,228384,1113684,685152,serial_symbolic_parallel_numeric,cpu_lock_guard,9,serial_symbolic_parallel_numeric,1,1,2041.089895,1322.961308,3364.051203,0,632.070225,0,0,0,3996.121428,0,1.164505578e-16,0.0068359375,332767012,699393556,1032160568,332767012,1100088000,0,2465015580,1100088000,3621.910156,Linux;x86_64;GCC 13.3;OpenMP 201511,Intel(R) Core(TM) Ultra 7 265KF,20,20
3d-WindTurbineHub,3d-WindTurbineHub,Tet4,linear_elastic_solid,linear_elastic_solid,228384,1113684,685152,parallel_symbolic_reuse,cpu_lock_guard,9,parallel_symbolic_parallel_numeric,1,1,459.185191,450.151298,909.336489,149752608,634.855415,0,0,0,1544.191904,0,1.164763202e-16,0.0068359375,332767012,699393556,1032160568,332767012,1100088000,0,2465015580,1100088000,4358.777344,Linux;x86_64;GCC 13.3;OpenMP 201511,Intel(R) Core(TM) Ultra 7 265KF,20,20
3d-WindTurbineHub,3d-WindTurbineHub,Tet4,linear_elastic_solid,linear_elastic_solid,228384,1113684,685152,direct_no_symbolic_parallel,none,10,direct_no_symbolic_background,1,0,0,0,0,0,0,691.493379,1244.998712,1071.543633,3008.035724,1,1.613708388e-16,0.0068359375,332767012,0,0,332767012,0,2565927936,2898694948,1533767368,4087.746094,Linux;x86_64;GCC 13.3;OpenMP 201511,Intel(R) Core(TM) Ultra 7 265KF,20,20
3d-WindTurbineHub,3d-WindTurbineHub,Tet4,linear_elastic_solid,linear_elastic_solid,228384,1113684,685152,serial_symbolic_parallel_numeric,cpu_atomic,10,serial_symbolic_parallel_numeric,1,1,2098.57773,1346.043592,3444.621322,0,203.748528,0,0,0,3648.36985,0,1.283201545e-16,0.005859375,332767012,699393556,1032160568,332767012,0,0,1364927580,0,2572.550781,Linux;x86_64;GCC 13.3;OpenMP 201511,Intel(R) Core(TM) Ultra 7 265KF,20,20
3d-WindTurbineHub,3d-WindTurbineHub,Tet4,linear_elastic_solid,linear_elastic_solid,228384,1113684,685152,parallel_symbolic_reuse,cpu_atomic,10,parallel_symbolic_parallel_numeric,1,1,433.365992,424.122682,857.488674,149752608,199.924069,0,0,0,1057.412743,0,1.283480409e-16,0.005859375,332767012,699393556,1032160568,332767012,0,0,1364927580,0,3317.339844,Linux;x86_64;GCC 13.3;OpenMP 201511,Intel(R) Core(TM) Ultra 7 265KF,20,20
3d-WindTurbineHub,3d-WindTurbineHub,Tet4,linear_elastic_solid,linear_elastic_solid,228384,1113684,685152,serial_symbolic_parallel_numeric,cpu_private_csr,10,serial_symbolic_parallel_numeric,1,1,2077.206863,1381.140635,3458.347498,0,301.153117,0,0,0,3759.500615,0,9.677662906e-17,0.005859375,332767012,699393556,1032160568,332767012,2200176000,0,3565103580,2200176000,4776.078125,Linux;x86_64;GCC 13.3;OpenMP 201511,Intel(R) Core(TM) Ultra 7 265KF,20,20
3d-WindTurbineHub,3d-WindTurbineHub,Tet4,linear_elastic_solid,linear_elastic_solid,228384,1113684,685152,parallel_symbolic_reuse,cpu_private_csr,10,parallel_symbolic_parallel_numeric,1,1,432.57184,420.544923,853.116763,149752608,300.254013,0,0,0,1153.370776,0,9.677662906e-17,0.005859375,332767012,699393556,1032160568,332767012,2200176000,0,3565103580,2200176000,5415.164062,Linux;x86_64;GCC 13.3;OpenMP 201511,Intel(R) Core(TM) Ultra 7 265KF,20,20
3d-WindTurbineHub,3d-WindTurbineHub,Tet4,linear_elastic_solid,linear_elastic_solid,228384,1113684,685152,serial_symbolic_parallel_numeric,cpu_lock_guard,10,serial_symbolic_parallel_numeric,1,1,2054.71156,1339.72449,3394.43605,0,607.832874,0,0,0,4002.268924,0,1.283151746e-16,0.005859375,332767012,699393556,1032160568,332767012,1100088000,0,2465015580,1100088000,3621.910156,Linux;x86_64;GCC 13.3;OpenMP 201511,Intel(R) Core(TM) Ultra 7 265KF,20,20
3d-WindTurbineHub,3d-WindTurbineHub,Tet4,linear_elastic_solid,linear_elastic_solid,228384,1113684,685152,parallel_symbolic_reuse,cpu_lock_guard,10,parallel_symbolic_parallel_numeric,1,1,434.234112,434.94542,869.179532,149752608,612.434067,0,0,0,1481.613599,0,1.283421495e-16,0.005859375,332767012,699393556,1032160568,332767012,1100088000,0,2465015580,1100088000,4366.125000,Linux;x86_64;GCC 13.3;OpenMP 201511,Intel(R) Core(TM) Ultra 7 265KF,20,20
3d-WindTurbineHub,3d-WindTurbineHub,Tet4,linear_elastic_solid,linear_elastic_solid,228384,1113684,685152,direct_no_symbolic_parallel,none,11,direct_no_symbolic_background,1,0,0,0,0,0,0,606.795473,1239.279763,1040.061029,2886.136265,1,1.615722822e-16,0.0068359375,332767012,0,0,332767012,0,2565927936,2898694948,1533767368,4045.234375,Linux;x86_64;GCC 13.3;OpenMP 201511,Intel(R) Core(TM) Ultra 7 265KF,20,20
3d-WindTurbineHub,3d-WindTurbineHub,Tet4,linear_elastic_solid,linear_elastic_solid,228384,1113684,685152,serial_symbolic_parallel_numeric,cpu_atomic,11,serial_symbolic_parallel_numeric,1,1,2091.896391,1350.005094,3441.901485,0,185.946489,0,0,0,3627.847974,0,1.368836453e-16,0.0068359375,332767012,699393556,1032160568,332767012,0,0,1364927580,0,2572.492188,Linux;x86_64;GCC 13.3;OpenMP 201511,Intel(R) Core(TM) Ultra 7 265KF,20,20
3d-WindTurbineHub,3d-WindTurbineHub,Tet4,linear_elastic_solid,linear_elastic_solid,228384,1113684,685152,parallel_symbolic_reuse,cpu_atomic,11,parallel_symbolic_parallel_numeric,1,1,420.226762,412.721312,832.948074,149752608,189.672144,0,0,0,1022.620218,0,1.364518843e-16,0.0068359375,332767012,699393556,1032160568,332767012,0,0,1364927580,0,3427.656250,Linux;x86_64;GCC 13.3;OpenMP 201511,Intel(R) Core(TM) Ultra 7 265KF,20,20
3d-WindTurbineHub,3d-WindTurbineHub,Tet4,linear_elastic_solid,linear_elastic_solid,228384,1113684,685152,serial_symbolic_parallel_numeric,cpu_private_csr,11,serial_symbolic_parallel_numeric,1,1,2054.097017,1329.221,3383.318017,0,312.289536,0,0,0,3695.607553,0,1.038038833e-16,0.005859375,332767012,699393556,1032160568,332767012,2420193600,0,3785121180,2420193600,4986.007812,Linux;x86_64;GCC 13.3;OpenMP 201511,Intel(R) Core(TM) Ultra 7 265KF,20,20
3d-WindTurbineHub,3d-WindTurbineHub,Tet4,linear_elastic_solid,linear_elastic_solid,228384,1113684,685152,parallel_symbolic_reuse,cpu_private_csr,11,parallel_symbolic_parallel_numeric,1,1,411.972672,411.464246,823.436918,149752608,312.345321,0,0,0,1135.782239,0,1.038038833e-16,0.005859375,332767012,699393556,1032160568,332767012,2420193600,0,3785121180,2420193600,5735.613281,Linux;x86_64;GCC 13.3;OpenMP 201511,Intel(R) Core(TM) Ultra 7 265KF,20,20
3d-WindTurbineHub,3d-WindTurbineHub,Tet4,linear_elastic_solid,linear_elastic_solid,228384,1113684,685152,serial_symbolic_parallel_numeric,cpu_lock_guard,11,serial_symbolic_parallel_numeric,1,1,2096.389909,1357.319257,3453.709166,0,595.236462,0,0,0,4048.945628,0,1.372530306e-16,0.0068359375,332767012,699393556,1032160568,332767012,1100088000,0,2465015580,1100088000,3621.808594,Linux;x86_64;GCC 13.3;OpenMP 201511,Intel(R) Core(TM) Ultra 7 265KF,20,20
3d-WindTurbineHub,3d-WindTurbineHub,Tet4,linear_elastic_solid,linear_elastic_solid,228384,1113684,685152,parallel_symbolic_reuse,cpu_lock_guard,11,parallel_symbolic_parallel_numeric,1,1,413.985704,420.962427,834.948131,149752608,589.035239,0,0,0,1423.98337,0,1.372502395e-16,0.0068359375,332767012,699393556,1032160568,332767012,1100088000,0,2465015580,1100088000,4476.984375,Linux;x86_64;GCC 13.3;OpenMP 201511,Intel(R) Core(TM) Ultra 7 265KF,20,20
3d-WindTurbineHub,3d-WindTurbineHub,Tet4,linear_elastic_solid,linear_elastic_solid,228384,1113684,685152,direct_no_symbolic_parallel,none,12,direct_no_symbolic_background,1,0,0,0,0,0,0,634.801349,1400.937155,1058.656976,3094.39548,1,1.614875808e-16,0.0068359375,332767012,0,0,332767012,0,2565927936,2898694948,1533767368,4013.011719,Linux;x86_64;GCC 13.3;OpenMP 201511,Intel(R) Core(TM) Ultra 7 265KF,20,20
3d-WindTurbineHub,3d-WindTurbineHub,Tet4,linear_elastic_solid,linear_elastic_solid,228384,1113684,685152,serial_symbolic_parallel_numeric,cpu_atomic,12,serial_symbolic_parallel_numeric,1,1,2074.716292,1336.406504,3411.122796,0,184.593121,0,0,0,3595.715917,0,2.070836586e-17,0.005859375,332767012,699393556,1032160568,332767012,0,0,1364927580,0,2572.527344,Linux;x86_64;GCC 13.3;OpenMP 201511,Intel(R) Core(TM) Ultra 7 265KF,20,20
3d-WindTurbineHub,3d-WindTurbineHub,Tet4,linear_elastic_solid,linear_elastic_solid,228384,1113684,685152,parallel_symbolic_reuse,cpu_atomic,12,parallel_symbolic_parallel_numeric,1,1,402.19718,401.134197,803.331377,149752608,179.455954,0,0,0,982.787331,0,2.053947297e-17,0.005859375,332767012,699393556,1032160568,332767012,0,0,1364927580,0,3328.027344,Linux;x86_64;GCC 13.3;OpenMP 201511,Intel(R) Core(TM) Ultra 7 265KF,20,20
3d-WindTurbineHub,3d-WindTurbineHub,Tet4,linear_elastic_solid,linear_elastic_solid,228384,1113684,685152,serial_symbolic_parallel_numeric,cpu_private_csr,12,serial_symbolic_parallel_numeric,1,1,2030.328244,1331.126954,3361.455198,0,326.151183,0,0,0,3687.606381,0,1.932444198e-17,0.005859375,332767012,699393556,1032160568,332767012,2640211200,0,4005138780,2640211200,5195.925781,Linux;x86_64;GCC 13.3;OpenMP 201511,Intel(R) Core(TM) Ultra 7 265KF,20,20
3d-WindTurbineHub,3d-WindTurbineHub,Tet4,linear_elastic_solid,linear_elastic_solid,228384,1113684,685152,parallel_symbolic_reuse,cpu_private_csr,12,parallel_symbolic_parallel_numeric,1,1,398.441086,408.525609,806.966695,149752608,310.608734,0,0,0,1117.575429,0,1.932444198e-17,0.005859375,332767012,699393556,1032160568,332767012,2640211200,0,4005138780,2640211200,5845.976562,Linux;x86_64;GCC 13.3;OpenMP 201511,Intel(R) Core(TM) Ultra 7 265KF,20,20
3d-WindTurbineHub,3d-WindTurbineHub,Tet4,linear_elastic_solid,linear_elastic_solid,228384,1113684,685152,serial_symbolic_parallel_numeric,cpu_lock_guard,12,serial_symbolic_parallel_numeric,1,1,2053.529746,1333.62945,3387.159196,0,579.214378,0,0,0,3966.373574,0,2.170564008e-17,0.005859375,332767012,699393556,1032160568,332767012,1100088000,0,2465015580,1100088000,3621.796875,Linux;x86_64;GCC 13.3;OpenMP 201511,Intel(R) Core(TM) Ultra 7 265KF,20,20
3d-WindTurbineHub,3d-WindTurbineHub,Tet4,linear_elastic_solid,linear_elastic_solid,228384,1113684,685152,parallel_symbolic_reuse,cpu_lock_guard,12,parallel_symbolic_parallel_numeric,1,1,404.139497,398.182794,802.322291,149752608,584.222196,0,0,0,1386.544487,0,2.089370754e-17,0.005859375,332767012,699393556,1032160568,332767012,1100088000,0,2465015580,1100088000,4376.542969,Linux;x86_64;GCC 13.3;OpenMP 201511,Intel(R) Core(TM) Ultra 7 265KF,20,20
3d-WindTurbineHub,3d-WindTurbineHub,Tet4,linear_elastic_solid,linear_elastic_solid,228384,1113684,685152,direct_no_symbolic_parallel,none,13,direct_no_symbolic_background,1,0,0,0,0,0,0,640.739173,1438.78028,981.284766,3060.804219,1,1.61316259e-16,0.005859375,332767012,0,0,332767012,0,2565927936,2898694948,1533767368,3978.542969,Linux;x86_64;GCC 13.3;OpenMP 201511,Intel(R) Core(TM) Ultra 7 265KF,20,20
3d-WindTurbineHub,3d-WindTurbineHub,Tet4,linear_elastic_solid,linear_elastic_solid,228384,1113684,685152,serial_symbolic_parallel_numeric,cpu_atomic,13,serial_symbolic_parallel_numeric,1,1,2067.712263,1342.12779,3409.840053,0,171.613886,0,0,0,3581.453939,0,1.485850487e-16,0.005859375,332767012,699393556,1032160568,332767012,0,0,1364927580,0,2572.687500,Linux;x86_64;GCC 13.3;OpenMP 201511,Intel(R) Core(TM) Ultra 7 265KF,20,20
3d-WindTurbineHub,3d-WindTurbineHub,Tet4,linear_elastic_solid,linear_elastic_solid,228384,1113684,685152,parallel_symbolic_reuse,cpu_atomic,13,parallel_symbolic_parallel_numeric,1,1,384.049378,390.441405,774.490783,149752608,169.65969,0,0,0,944.150473,0,1.458147745e-16,0.005859375,332767012,699393556,1032160568,332767012,0,0,1364927580,0,3332.058594,Linux;x86_64;GCC 13.3;OpenMP 201511,Intel(R) Core(TM) Ultra 7 265KF,20,20
3d-WindTurbineHub,3d-WindTurbineHub,Tet4,linear_elastic_solid,linear_elastic_solid,228384,1113684,685152,serial_symbolic_parallel_numeric,cpu_private_csr,13,serial_symbolic_parallel_numeric,1,1,2140.198798,1351.978657,3492.177455,0,340.004087,0,0,0,3832.181542,0,1.128468268e-16,0.0078125,332767012,699393556,1032160568,332767012,2860228800,0,4225156380,2860228800,5405.710938,Linux;x86_64;GCC 13.3;OpenMP 201511,Intel(R) Core(TM) Ultra 7 265KF,20,20
3d-WindTurbineHub,3d-WindTurbineHub,Tet4,linear_elastic_solid,linear_elastic_solid,228384,1113684,685152,parallel_symbolic_reuse,cpu_private_csr,13,parallel_symbolic_parallel_numeric,1,1,400.614449,397.926026,798.540475,149752608,335.52187,0,0,0,1134.062345,0,1.128468268e-16,0.0078125,332767012,699393556,1032160568,332767012,2860228800,0,4225156380,2860228800,6060.183594,Linux;x86_64;GCC 13.3;OpenMP 201511,Intel(R) Core(TM) Ultra 7 265KF,20,20
3d-WindTurbineHub,3d-WindTurbineHub,Tet4,linear_elastic_solid,linear_elastic_solid,228384,1113684,685152,serial_symbolic_parallel_numeric,cpu_lock_guard,13,serial_symbolic_parallel_numeric,1,1,2057.014489,1329.238284,3386.252773,0,563.22756,0,0,0,3949.480333,0,1.483730848e-16,0.005859375,332767012,699393556,1032160568,332767012,1100088000,0,2465015580,1100088000,3621.804688,Linux;x86_64;GCC 13.3;OpenMP 201511,Intel(R) Core(TM) Ultra 7 265KF,20,20
3d-WindTurbineHub,3d-WindTurbineHub,Tet4,linear_elastic_solid,linear_elastic_solid,228384,1113684,685152,parallel_symbolic_reuse,cpu_lock_guard,13,parallel_symbolic_parallel_numeric,1,1,392.662565,387.252065,779.91463,149752608,570.332211,0,0,0,1350.246841,0,1.482069355e-16,0.005859375,332767012,699393556,1032160568,332767012,1100088000,0,2465015580,1100088000,4381.746094,Linux;x86_64;GCC 13.3;OpenMP 201511,Intel(R) Core(TM) Ultra 7 265KF,20,20
3d-WindTurbineHub,3d-WindTurbineHub,Tet4,linear_elastic_solid,linear_elastic_solid,228384,1113684,685152,direct_no_symbolic_parallel,none,14,direct_no_symbolic_background,1,0,0,0,0,0,0,577.916724,1462.556207,924.987314,2965.460245,1,1.614323075e-16,0.005859375,332767012,0,0,332767012,0,2565927936,2898694948,1533767368,3951.214844,Linux;x86_64;GCC 13.3;OpenMP 201511,Intel(R) Core(TM) Ultra 7 265KF,20,20
3d-WindTurbineHub,3d-WindTurbineHub,Tet4,linear_elastic_solid,linear_elastic_solid,228384,1113684,685152,serial_symbolic_parallel_numeric,cpu_atomic,14,serial_symbolic_parallel_numeric,1,1,2096.032582,1358.407236,3454.439818,0,161.245136,0,0,0,3615.684954,0,1.479244177e-16,0.0068359375,332767012,699393556,1032160568,332767012,0,0,1364927580,0,2572.578125,Linux;x86_64;GCC 13.3;OpenMP 201511,Intel(R) Core(TM) Ultra 7 265KF,20,20
3d-WindTurbineHub,3d-WindTurbineHub,Tet4,linear_elastic_solid,linear_elastic_solid,228384,1113684,685152,parallel_symbolic_reuse,cpu_atomic,14,parallel_symbolic_parallel_numeric,1,1,392.332117,378.955544,771.287661,149752608,165.698709,0,0,0,936.98637,0,1.494191169e-16,0.0068359375,332767012,699393556,1032160568,332767012,0,0,1364927580,0,3336.128906,Linux;x86_64;GCC 13.3;OpenMP 201511,Intel(R) Core(TM) Ultra 7 265KF,20,20
3d-WindTurbineHub,3d-WindTurbineHub,Tet4,linear_elastic_solid,linear_elastic_solid,228384,1113684,685152,serial_symbolic_parallel_numeric,cpu_private_csr,14,serial_symbolic_parallel_numeric,1,1,2074.285916,1375.821178,3450.107094,0,353.005494,0,0,0,3803.112588,0,1.157088542e-16,0.005859375,332767012,699393556,1032160568,332767012,3080246400,0,4445173980,3080246400,5615.429688,Linux;x86_64;GCC 13.3;OpenMP 201511,Intel(R) Core(TM) Ultra 7 265KF,20,20
3d-WindTurbineHub,3d-WindTurbineHub,Tet4,linear_elastic_solid,linear_elastic_solid,228384,1113684,685152,parallel_symbolic_reuse,cpu_private_csr,14,parallel_symbolic_parallel_numeric,1,1,378.987333,383.752253,762.739586,149752608,346.114717,0,0,0,1108.854303,0,1.157088542e-16,0.005859375,332767012,699393556,1032160568,332767012,3080246400,0,4445173980,3080246400,6273.875000,Linux;x86_64;GCC 13.3;OpenMP 201511,Intel(R) Core(TM) Ultra 7 265KF,20,20
3d-WindTurbineHub,3d-WindTurbineHub,Tet4,linear_elastic_solid,linear_elastic_solid,228384,1113684,685152,serial_symbolic_parallel_numeric,cpu_lock_guard,14,serial_symbolic_parallel_numeric,1,1,2093.029625,1353.212993,3446.242618,0,562.821247,0,0,0,4009.063865,0,1.505952207e-16,0.0068359375,332767012,699393556,1032160568,332767012,1100088000,0,2465015580,1100088000,3621.917969,Linux;x86_64;GCC 13.3;OpenMP 201511,Intel(R) Core(TM) Ultra 7 265KF,20,20
3d-WindTurbineHub,3d-WindTurbineHub,Tet4,linear_elastic_solid,linear_elastic_solid,228384,1113684,685152,parallel_symbolic_reuse,cpu_lock_guard,14,parallel_symbolic_parallel_numeric,1,1,372.851344,381.337925,754.189269,149752608,558.097098,0,0,0,1312.286367,0,1.507049131e-16,0.0068359375,332767012,699393556,1032160568,332767012,1100088000,0,2465015580,1100088000,4385.753906,Linux;x86_64;GCC 13.3;OpenMP 201511,Intel(R) Core(TM) Ultra 7 265KF,20,20
3d-WindTurbineHub,3d-WindTurbineHub,Tet4,linear_elastic_solid,linear_elastic_solid,228384,1113684,685152,direct_no_symbolic_parallel,none,15,direct_no_symbolic_background,1,0,0,0,0,0,0,510.236835,1479.814487,909.586196,2899.637518,1,1.614967402e-16,0.005859375,332767012,0,0,332767012,0,2565927936,2898694948,1533767368,3927.078125,Linux;x86_64;GCC 13.3;OpenMP 201511,Intel(R) Core(TM) Ultra 7 265KF,20,20
3d-WindTurbineHub,3d-WindTurbineHub,Tet4,linear_elastic_solid,linear_elastic_solid,228384,1113684,685152,serial_symbolic_parallel_numeric,cpu_atomic,15,serial_symbolic_parallel_numeric,1,1,2098.252161,1362.618502,3460.870663,0,173.484616,0,0,0,3634.355279,0,1.50264879e-16,0.009765625,332767012,699393556,1032160568,332767012,0,0,1364927580,0,2572.812500,Linux;x86_64;GCC 13.3;OpenMP 201511,Intel(R) Core(TM) Ultra 7 265KF,20,20
3d-WindTurbineHub,3d-WindTurbineHub,Tet4,linear_elastic_solid,linear_elastic_solid,228384,1113684,685152,parallel_symbolic_reuse,cpu_atomic,15,parallel_symbolic_parallel_numeric,1,1,381.679265,384.094872,765.774137,149752608,160.456607,0,0,0,926.230744,0,1.492577602e-16,0.0078125,332767012,699393556,1032160568,332767012,0,0,1364927580,0,3339.593750,Linux;x86_64;GCC 13.3;OpenMP 201511,Intel(R) Core(TM) Ultra 7 265KF,20,20
3d-WindTurbineHub,3d-WindTurbineHub,Tet4,linear_elastic_solid,linear_elastic_solid,228384,1113684,685152,serial_symbolic_parallel_numeric,cpu_private_csr,15,serial_symbolic_parallel_numeric,1,1,2103.234261,1371.382592,3474.616853,0,357.463928,0,0,0,3832.080781,0,1.179049605e-16,0.005859375,332767012,699393556,1032160568,332767012,3300264000,0,4665191580,3300264000,5825.203125,Linux;x86_64;GCC 13.3;OpenMP 201511,Intel(R) Core(TM) Ultra 7 265KF,20,20
3d-WindTurbineHub,3d-WindTurbineHub,Tet4,linear_elastic_solid,linear_elastic_solid,228384,1113684,685152,parallel_symbolic_reuse,cpu_private_csr,15,parallel_symbolic_parallel_numeric,1,1,364.134152,372.473486,736.607638,149752608,362.444847,0,0,0,1099.052485,0,1.179049605e-16,0.005859375,332767012,699393556,1032160568,332767012,3300264000,0,4665191580,3300264000,6486.972656,Linux;x86_64;GCC 13.3;OpenMP 201511,Intel(R) Core(TM) Ultra 7 265KF,20,20
3d-WindTurbineHub,3d-WindTurbineHub,Tet4,linear_elastic_solid,linear_elastic_solid,228384,1113684,685152,serial_symbolic_parallel_numeric,cpu_lock_guard,15,serial_symbolic_parallel_numeric,1,1,2097.173933,1351.149992,3448.323925,0,549.485933,0,0,0,3997.809858,0,1.514157416e-16,0.0078125,332767012,699393556,1032160568,332767012,1100088000,0,2465015580,1100088000,3621.761719,Linux;x86_64;GCC 13.3;OpenMP 201511,Intel(R) Core(TM) Ultra 7 265KF,20,20
3d-WindTurbineHub,3d-WindTurbineHub,Tet4,linear_elastic_solid,linear_elastic_solid,228384,1113684,685152,parallel_symbolic_reuse,cpu_lock_guard,15,parallel_symbolic_parallel_numeric,1,1,375.481875,374.640095,750.12197,149752608,557.110143,0,0,0,1307.232113,0,1.514710947e-16,0.0078125,332767012,699393556,1032160568,332767012,1100088000,0,2465015580,1100088000,4388.835938,Linux;x86_64;GCC 13.3;OpenMP 201511,Intel(R) Core(TM) Ultra 7 265KF,20,20
3d-WindTurbineHub,3d-WindTurbineHub,Tet4,linear_elastic_solid,linear_elastic_solid,228384,1113684,685152,direct_no_symbolic_parallel,none,16,direct_no_symbolic_background,1,0,0,0,0,0,0,384.038077,1372.798529,902.865168,2659.701774,1,1.617905136e-16,0.005859375,332767012,0,0,332767012,0,2565927936,2898694948,1533767368,3900.593750,Linux;x86_64;GCC 13.3;OpenMP 201511,Intel(R) Core(TM) Ultra 7 265KF,20,20
3d-WindTurbineHub,3d-WindTurbineHub,Tet4,linear_elastic_solid,linear_elastic_solid,228384,1113684,685152,serial_symbolic_parallel_numeric,cpu_atomic,16,serial_symbolic_parallel_numeric,1,1,2095.167222,1359.61667,3454.783892,0,148.92494,0,0,0,3603.708832,0,1.511682821e-16,0.0068359375,332767012,699393556,1032160568,332767012,0,0,1364927580,0,2572.757812,Linux;x86_64;GCC 13.3;OpenMP 201511,Intel(R) Core(TM) Ultra 7 265KF,20,20
3d-WindTurbineHub,3d-WindTurbineHub,Tet4,linear_elastic_solid,linear_elastic_solid,228384,1113684,685152,parallel_symbolic_reuse,cpu_atomic,16,parallel_symbolic_parallel_numeric,1,1,356.320235,369.166416,725.486651,149752608,148.846159,0,0,0,874.33281,0,1.479568647e-16,0.0068359375,332767012,699393556,1032160568,332767012,0,0,1364927580,0,3343.527344,Linux;x86_64;GCC 13.3;OpenMP 201511,Intel(R) Core(TM) Ultra 7 265KF,20,20
3d-WindTurbineHub,3d-WindTurbineHub,Tet4,linear_elastic_solid,linear_elastic_solid,228384,1113684,685152,serial_symbolic_parallel_numeric,cpu_private_csr,16,serial_symbolic_parallel_numeric,1,1,2092.185205,1361.460235,3453.64544,0,381.398752,0,0,0,3835.044192,0,1.194496172e-16,0.005859375,332767012,699393556,1032160568,332767012,3520281600,0,4885209180,3520281600,6035.167969,Linux;x86_64;GCC 13.3;OpenMP 201511,Intel(R) Core(TM) Ultra 7 265KF,20,20
3d-WindTurbineHub,3d-WindTurbineHub,Tet4,linear_elastic_solid,linear_elastic_solid,228384,1113684,685152,parallel_symbolic_reuse,cpu_private_csr,16,parallel_symbolic_parallel_numeric,1,1,360.174874,367.927936,728.10281,149752608,384.281244,0,0,0,1112.384054,0,1.194496172e-16,0.005859375,332767012,699393556,1032160568,332767012,3520281600,0,4885209180,3520281600,6700.437500,Linux;x86_64;GCC 13.3;OpenMP 201511,Intel(R) Core(TM) Ultra 7 265KF,20,20
3d-WindTurbineHub,3d-WindTurbineHub,Tet4,linear_elastic_solid,linear_elastic_solid,228384,1113684,685152,serial_symbolic_parallel_numeric,cpu_lock_guard,16,serial_symbolic_parallel_numeric,1,1,2129.582363,1386.908857,3516.49122,0,557.592385,0,0,0,4074.083605,0,1.50162151e-16,0.0068359375,332767012,699393556,1032160568,332767012,1100088000,0,2465015580,1100088000,3621.937500,Linux;x86_64;GCC 13.3;OpenMP 201511,Intel(R) Core(TM) Ultra 7 265KF,20,20
3d-WindTurbineHub,3d-WindTurbineHub,Tet4,linear_elastic_solid,linear_elastic_solid,228384,1113684,685152,parallel_symbolic_reuse,cpu_lock_guard,16,parallel_symbolic_parallel_numeric,1,1,366.030764,384.444881,750.475645,149752608,540.696272,0,0,0,1291.171917,0,1.506674879e-16,0.0068359375,332767012,699393556,1032160568,332767012,1100088000,0,2465015580,1100088000,4392.218750,Linux;x86_64;GCC 13.3;OpenMP 201511,Intel(R) Core(TM) Ultra 7 265KF,20,20
3d-WindTurbineHub,3d-WindTurbineHub,Tet4,linear_elastic_solid,linear_elastic_solid,228384,1113684,685152,direct_no_symbolic_parallel,none,17,direct_no_symbolic_background,1,0,0,0,0,0,0,414.761262,1381.63585,870.310433,2666.707545,1,1.612237531e-16,0.0078125,332767012,0,0,332767012,0,2565927936,2898694948,1533767368,3878.500000,Linux;x86_64;GCC 13.3;OpenMP 201511,Intel(R) Core(TM) Ultra 7 265KF,20,20
3d-WindTurbineHub,3d-WindTurbineHub,Tet4,linear_elastic_solid,linear_elastic_solid,228384,1113684,685152,serial_symbolic_parallel_numeric,cpu_atomic,17,serial_symbolic_parallel_numeric,1,1,2108.562426,1362.125149,3470.687575,0,146.555366,0,0,0,3617.242941,0,1.501868113e-16,0.0068359375,332767012,699393556,1032160568,332767012,0,0,1364927580,0,2572.804688,Linux;x86_64;GCC 13.3;OpenMP 201511,Intel(R) Core(TM) Ultra 7 265KF,20,20
3d-WindTurbineHub,3d-WindTurbineHub,Tet4,linear_elastic_solid,linear_elastic_solid,228384,1113684,685152,parallel_symbolic_reuse,cpu_atomic,17,parallel_symbolic_parallel_numeric,1,1,380.079894,365.294682,745.374576,149752608,149.34884,0,0,0,894.723416,0,1.525748907e-16,0.0068359375,332767012,699393556,1032160568,332767012,0,0,1364927580,0,3346.964844,Linux;x86_64;GCC 13.3;OpenMP 201511,Intel(R) Core(TM) Ultra 7 265KF,20,20
3d-WindTurbineHub,3d-WindTurbineHub,Tet4,linear_elastic_solid,linear_elastic_solid,228384,1113684,685152,serial_symbolic_parallel_numeric,cpu_private_csr,17,serial_symbolic_parallel_numeric,1,1,2076.937792,1357.151605,3434.089397,0,392.865868,0,0,0,3826.955265,0,1.262316024e-16,0.005859375,332767012,699393556,1032160568,332767012,3740299200,0,5105226780,3740299200,6245.105469,Linux;x86_64;GCC 13.3;OpenMP 201511,Intel(R) Core(TM) Ultra 7 265KF,20,20
3d-WindTurbineHub,3d-WindTurbineHub,Tet4,linear_elastic_solid,linear_elastic_solid,228384,1113684,685152,parallel_symbolic_reuse,cpu_private_csr,17,parallel_symbolic_parallel_numeric,1,1,378.082264,365.043727,743.125991,149752608,392.061309,0,0,0,1135.1873,0,1.262316024e-16,0.005859375,332767012,699393556,1032160568,332767012,3740299200,0,5105226780,3740299200,6914.421875,Linux;x86_64;GCC 13.3;OpenMP 201511,Intel(R) Core(TM) Ultra 7 265KF,20,20
3d-WindTurbineHub,3d-WindTurbineHub,Tet4,linear_elastic_solid,linear_elastic_solid,228384,1113684,685152,serial_symbolic_parallel_numeric,cpu_lock_guard,17,serial_symbolic_parallel_numeric,1,1,2120.002072,1355.999038,3476.00111,0,545.72017,0,0,0,4021.72128,0,1.521436253e-16,0.005859375,332767012,699393556,1032160568,332767012,1100088000,0,2465015580,1100088000,3621.796875,Linux;x86_64;GCC 13.3;OpenMP 201511,Intel(R) Core(TM) Ultra 7 265KF,20,20
3d-WindTurbineHub,3d-WindTurbineHub,Tet4,linear_elastic_solid,linear_elastic_solid,228384,1113684,685152,parallel_symbolic_reuse,cpu_lock_guard,17,parallel_symbolic_parallel_numeric,1,1,376.534081,364.727422,741.261503,149752608,538.773265,0,0,0,1280.034768,0,1.516063956e-16,0.005859375,332767012,699393556,1032160568,332767012,1100088000,0,2465015580,1100088000,4395.847656,Linux;x86_64;GCC 13.3;OpenMP 201511,Intel(R) Core(TM) Ultra 7 265KF,20,20
3d-WindTurbineHub,3d-WindTurbineHub,Tet4,linear_elastic_solid,linear_elastic_solid,228384,1113684,685152,direct_no_symbolic_parallel,none,18,direct_no_symbolic_background,1,0,0,0,0,0,0,475.446983,1469.004679,848.289353,2792.741015,1,1.615612502e-16,0.005859375,332767012,0,0,332767012,0,2565927936,2898694948,1533767368,3874.253906,Linux;x86_64;GCC 13.3;OpenMP 201511,Intel(R) Core(TM) Ultra 7 265KF,20,20
3d-WindTurbineHub,3d-WindTurbineHub,Tet4,linear_elastic_solid,linear_elastic_solid,228384,1113684,685152,serial_symbolic_parallel_numeric,cpu_atomic,18,serial_symbolic_parallel_numeric,1,1,2087.316996,1344.569667,3431.886663,0,141.83096,0,0,0,3573.717623,0,1.482922831e-16,0.0078125,332767012,699393556,1032160568,332767012,0,0,1364927580,0,2572.753906,Linux;x86_64;GCC 13.3;OpenMP 201511,Intel(R) Core(TM) Ultra 7 265KF,20,20
3d-WindTurbineHub,3d-WindTurbineHub,Tet4,linear_elastic_solid,linear_elastic_solid,228384,1113684,685152,parallel_symbolic_reuse,cpu_atomic,18,parallel_symbolic_parallel_numeric,1,1,372.432467,367.404994,739.837461,149752608,146.853093,0,0,0,886.690554,0,1.456541063e-16,0.0078125,332767012,699393556,1032160568,332767012,0,0,1364927580,0,3350.312500,Linux;x86_64;GCC 13.3;OpenMP 201511,Intel(R) Core(TM) Ultra 7 265KF,20,20
3d-WindTurbineHub,3d-WindTurbineHub,Tet4,linear_elastic_solid,linear_elastic_solid,228384,1113684,685152,serial_symbolic_parallel_numeric,cpu_private_csr,18,serial_symbolic_parallel_numeric,1,1,2061.226595,1354.223928,3415.450523,0,408.657024,0,0,0,3824.107547,0,1.240682411e-16,0.005859375,332767012,699393556,1032160568,332767012,3960316800,0,5325244380,3960316800,6454.859375,Linux;x86_64;GCC 13.3;OpenMP 201511,Intel(R) Core(TM) Ultra 7 265KF,20,20
3d-WindTurbineHub,3d-WindTurbineHub,Tet4,linear_elastic_solid,linear_elastic_solid,228384,1113684,685152,parallel_symbolic_reuse,cpu_private_csr,18,parallel_symbolic_parallel_numeric,1,1,355.274575,358.208091,713.482666,149752608,412.427167,0,0,0,1125.909833,0,1.240682411e-16,0.005859375,332767012,699393556,1032160568,332767012,3960316800,0,5325244380,3960316800,7127.546875,Linux;x86_64;GCC 13.3;OpenMP 201511,Intel(R) Core(TM) Ultra 7 265KF,20,20
3d-WindTurbineHub,3d-WindTurbineHub,Tet4,linear_elastic_solid,linear_elastic_solid,228384,1113684,685152,serial_symbolic_parallel_numeric,cpu_lock_guard,18,serial_symbolic_parallel_numeric,1,1,2094.763664,1358.847847,3453.611511,0,528.020585,0,0,0,3981.632096,0,1.48168573e-16,0.0078125,332767012,699393556,1032160568,332767012,1100088000,0,2465015580,1100088000,3621.828125,Linux;x86_64;GCC 13.3;OpenMP 201511,Intel(R) Core(TM) Ultra 7 265KF,20,20
3d-WindTurbineHub,3d-WindTurbineHub,Tet4,linear_elastic_solid,linear_elastic_solid,228384,1113684,685152,parallel_symbolic_reuse,cpu_lock_guard,18,parallel_symbolic_parallel_numeric,1,1,381.281215,361.491966,742.773181,149752608,545.638493,0,0,0,1288.411674,0,1.489694454e-16,0.0078125,332767012,699393556,1032160568,332767012,1100088000,0,2465015580,1100088000,4399.214844,Linux;x86_64;GCC 13.3;OpenMP 201511,Intel(R) Core(TM) Ultra 7 265KF,20,20
3d-WindTurbineHub,3d-WindTurbineHub,Tet4,linear_elastic_solid,linear_elastic_solid,228384,1113684,685152,direct_no_symbolic_parallel,none,19,direct_no_symbolic_background,1,0,0,0,0,0,0,363.709552,1292.34614,900.663943,2556.719635,1,1.614531388e-16,0.0078125,332767012,0,0,332767012,0,2565927936,2898694948,1533767368,3857.355469,Linux;x86_64;GCC 13.3;OpenMP 201511,Intel(R) Core(TM) Ultra 7 265KF,20,20
3d-WindTurbineHub,3d-WindTurbineHub,Tet4,linear_elastic_solid,linear_elastic_solid,228384,1113684,685152,serial_symbolic_parallel_numeric,cpu_atomic,19,serial_symbolic_parallel_numeric,1,1,2064.959967,1366.098781,3431.058748,0,142.101055,0,0,0,3573.159803,0,1.510442206e-16,0.0068359375,332767012,699393556,1032160568,332767012,0,0,1364927580,0,2572.949219,Linux;x86_64;GCC 13.3;OpenMP 201511,Intel(R) Core(TM) Ultra 7 265KF,20,20
3d-WindTurbineHub,3d-WindTurbineHub,Tet4,linear_elastic_solid,linear_elastic_solid,228384,1113684,685152,parallel_symbolic_reuse,cpu_atomic,19,parallel_symbolic_parallel_numeric,1,1,358.688572,356.456797,715.145369,149752608,137.599282,0,0,0,852.744651,0,1.517871513e-16,0.0068359375,332767012,699393556,1032160568,332767012,0,0,1364927580,0,3353.464844,Linux;x86_64;GCC 13.3;OpenMP 201511,Intel(R) Core(TM) Ultra 7 265KF,20,20
3d-WindTurbineHub,3d-WindTurbineHub,Tet4,linear_elastic_solid,linear_elastic_solid,228384,1113684,685152,serial_symbolic_parallel_numeric,cpu_private_csr,19,serial_symbolic_parallel_numeric,1,1,2062.617961,1344.666244,3407.284205,0,426.17885,0,0,0,3833.463055,0,1.297871364e-16,0.005859375,332767012,699393556,1032160568,332767012,4180334400,0,5545261980,4180334400,6664.695312,Linux;x86_64;GCC 13.3;OpenMP 201511,Intel(R) Core(TM) Ultra 7 265KF,20,20
3d-WindTurbineHub,3d-WindTurbineHub,Tet4,linear_elastic_solid,linear_elastic_solid,228384,1113684,685152,parallel_symbolic_reuse,cpu_private_csr,19,parallel_symbolic_parallel_numeric,1,1,381.388384,354.066893,735.455277,149752608,424.407969,0,0,0,1159.863246,0,1.297871364e-16,0.005859375,332767012,699393556,1032160568,332767012,4180334400,0,5545261980,4180334400,7340.339844,Linux;x86_64;GCC 13.3;OpenMP 201511,Intel(R) Core(TM) Ultra 7 265KF,20,20
3d-WindTurbineHub,3d-WindTurbineHub,Tet4,linear_elastic_solid,linear_elastic_solid,228384,1113684,685152,serial_symbolic_parallel_numeric,cpu_lock_guard,19,serial_symbolic_parallel_numeric,1,1,2132.985452,1360.074632,3493.060084,0,530.156434,0,0,0,4023.216518,0,1.503572992e-16,0.0068359375,332767012,699393556,1032160568,332767012,1100088000,0,2465015580,1100088000,3621.972656,Linux;x86_64;GCC 13.3;OpenMP 201511,Intel(R) Core(TM) Ultra 7 265KF,20,20
3d-WindTurbineHub,3d-WindTurbineHub,Tet4,linear_elastic_solid,linear_elastic_solid,228384,1113684,685152,parallel_symbolic_reuse,cpu_lock_guard,19,parallel_symbolic_parallel_numeric,1,1,384.893436,360.641349,745.534785,149752608,528.639777,0,0,0,1274.174562,0,1.502730132e-16,0.0068359375,332767012,699393556,1032160568,332767012,1100088000,0,2465015580,1100088000,4402.757812,Linux;x86_64;GCC 13.3;OpenMP 201511,Intel(R) Core(TM) Ultra 7 265KF,20,20
3d-WindTurbineHub,3d-WindTurbineHub,Tet4,linear_elastic_solid,linear_elastic_solid,228384,1113684,685152,direct_no_symbolic_parallel,none,20,direct_no_symbolic_background,1,0,0,0,0,0,0,378.804368,1241.738041,874.170738,2494.713147,1,1.616099392e-16,0.005859375,332767012,0,0,332767012,0,2565927936,2898694948,1533767368,3835.167969,Linux;x86_64;GCC 13.3;OpenMP 201511,Intel(R) Core(TM) Ultra 7 265KF,20,20
3d-WindTurbineHub,3d-WindTurbineHub,Tet4,linear_elastic_solid,linear_elastic_solid,228384,1113684,685152,serial_symbolic_parallel_numeric,cpu_atomic,20,serial_symbolic_parallel_numeric,1,1,2148.087726,1382.443314,3530.53104,0,175.26041,0,0,0,3705.79145,0,1.482404333e-16,0.0078125,332767012,699393556,1032160568,332767012,0,0,1364927580,0,2572.671875,Linux;x86_64;GCC 13.3;OpenMP 201511,Intel(R) Core(TM) Ultra 7 265KF,20,20
3d-WindTurbineHub,3d-WindTurbineHub,Tet4,linear_elastic_solid,linear_elastic_solid,228384,1113684,685152,parallel_symbolic_reuse,cpu_atomic,20,parallel_symbolic_parallel_numeric,1,1,372.333214,360.049506,732.38272,149752608,144.507554,0,0,0,876.890274,0,1.470094918e-16,0.005859375,332767012,699393556,1032160568,332767012,0,0,1364927580,0,3356.347656,Linux;x86_64;GCC 13.3;OpenMP 201511,Intel(R) Core(TM) Ultra 7 265KF,20,20
3d-WindTurbineHub,3d-WindTurbineHub,Tet4,linear_elastic_solid,linear_elastic_solid,228384,1113684,685152,serial_symbolic_parallel_numeric,cpu_private_csr,20,serial_symbolic_parallel_numeric,1,1,2086.128904,1358.577688,3444.706592,0,443.748242,0,0,0,3888.454834,0,1.297996957e-16,0.005859375,332767012,699393556,1032160568,332767012,4400352000,0,5765279580,4400352000,6874.667969,Linux;x86_64;GCC 13.3;OpenMP 201511,Intel(R) Core(TM) Ultra 7 265KF,20,20
3d-WindTurbineHub,3d-WindTurbineHub,Tet4,linear_elastic_solid,linear_elastic_solid,228384,1113684,685152,parallel_symbolic_reuse,cpu_private_csr,20,parallel_symbolic_parallel_numeric,1,1,394.443173,352.782576,747.225749,149752608,445.915864,0,0,0,1193.141613,0,1.297996957e-16,0.005859375,332767012,699393556,1032160568,332767012,4400352000,0,5765279580,4400352000,7553.121094,Linux;x86_64;GCC 13.3;OpenMP 201511,Intel(R) Core(TM) Ultra 7 265KF,20,20
3d-WindTurbineHub,3d-WindTurbineHub,Tet4,linear_elastic_solid,linear_elastic_solid,228384,1113684,685152,serial_symbolic_parallel_numeric,cpu_lock_guard,20,serial_symbolic_parallel_numeric,1,1,2101.350327,1363.738118,3465.088445,0,541.834514,0,0,0,4006.922959,0,1.477064644e-16,0.005859375,332767012,699393556,1032160568,332767012,1100088000,0,2465015580,1100088000,3621.750000,Linux;x86_64;GCC 13.3;OpenMP 201511,Intel(R) Core(TM) Ultra 7 265KF,20,20
3d-WindTurbineHub,3d-WindTurbineHub,Tet4,linear_elastic_solid,linear_elastic_solid,228384,1113684,685152,parallel_symbolic_reuse,cpu_lock_guard,20,parallel_symbolic_parallel_numeric,1,1,372.727395,350.834023,723.561418,149752608,541.556719,0,0,0,1265.118137,0,1.4801463e-16,0.005859375,332767012,699393556,1032160568,332767012,1100088000,0,2465015580,1100088000,4404.859375,Linux;x86_64;GCC 13.3;OpenMP 201511,Intel(R) Core(TM) Ultra 7 265KF,20,20
